
*** Running vivado
    with args -log design_1_wrapper.vds -m64 -product Vivado -mode batch -messageDb vivado.pb -notrace -source design_1_wrapper.tcl



****** Vivado v2024.2 (64-bit)
  **** SW Build 5239630 on Fri Nov 08 22:35:27 MST 2024
  **** IP Build 5239520 on Sun Nov 10 16:12:51 MST 2024
  **** SharedData Build 5239561 on Fri Nov 08 14:39:27 MST 2024
  **** Start of session at: Wed Nov 26 18:43:15 2025
    ** Copyright 1986-2022 Xilinx, Inc. All Rights Reserved.
    ** Copyright 2022-2024 Advanced Micro Devices, Inc. All Rights Reserved.

source design_1_wrapper.tcl -notrace
create_project: Time (s): cpu = 00:00:05 ; elapsed = 00:00:06 . Memory (MB): peak = 370.359 ; gain = 66.902
INFO: [IP_Flow 19-234] Refreshing IP repositories
INFO: [IP_Flow 19-1700] Loaded user IP repository 'd:/coding/computer_organization/exp2nd/ip_repo'.
INFO: [IP_Flow 19-2313] Loaded Vivado IP repository 'E:/Xilinx/Vivado/2024.2/data/ip'.
INFO: [Project 1-5578] Found utility IPs instantiated in block design D:/coding/computer_organization/exp2nd/micro/project_1/project_1.srcs/sources_1/bd/design_1/design_1.bd which have equivalent inline hdl with improved performance and reduced diskspace.
It is recommended to migrate these utility IPs to inline hdl  using the command upgrade_project -migrate_to_inline_hdl.  The utility IPs may be deprecated in future releases.
More information on inline hdl is available in UG994. 
add_files: Time (s): cpu = 00:00:09 ; elapsed = 00:00:21 . Memory (MB): peak = 427.844 ; gain = 57.484
Command: read_checkpoint -auto_incremental -incremental D:/coding/computer_organization/exp2nd/micro/project_1/project_1.srcs/utils_1/imports/synth_1/ram.dcp
INFO: [Vivado 12-5825] Read reference checkpoint from D:/coding/computer_organization/exp2nd/micro/project_1/project_1.srcs/utils_1/imports/synth_1/ram.dcp for incremental synthesis
INFO: [Vivado 12-7989] Please ensure there are no constraint changes
Command: synth_design -top design_1_wrapper -part xc7z020clg400-1
Starting synth_design
Attempting to get a license for feature 'Synthesis' and/or device 'xc7z020'
INFO: [Common 17-349] Got license for feature 'Synthesis' and/or device 'xc7z020'
INFO: [Device 21-403] Loading part xc7z020clg400-1
INFO: [Designutils 20-5440] No compile time benefit to using incremental synthesis; A full resynthesis will be run
INFO: [Designutils 20-4379] Flow is switching to default flow due to incremental criteria not met. If you would like to alter this behaviour and have the flow terminate instead, please set the following parameter config_implementation {autoIncr.Synth.RejectBehavior Terminate}
INFO: [Synth 8-7079] Multithreading enabled for synth_design using a maximum of 2 processes.
INFO: [Synth 8-7078] Launching helper process for spawning children vivado processes
INFO: [Synth 8-7075] Helper process launched with PID 21200
---------------------------------------------------------------------------------
Starting RTL Elaboration : Time (s): cpu = 00:00:11 ; elapsed = 00:00:12 . Memory (MB): peak = 1155.285 ; gain = 470.051
---------------------------------------------------------------------------------
INFO: [Synth 8-6157] synthesizing module 'design_1_wrapper' [D:/coding/computer_organization/exp2nd/micro/project_1/project_1.gen/sources_1/bd/design_1/hdl/design_1_wrapper.v:13]
INFO: [Synth 8-6157] synthesizing module 'design_1' [d:/coding/computer_organization/exp2nd/micro/project_1/project_1.gen/sources_1/bd/design_1/synth/design_1.v:798]
INFO: [Synth 8-6157] synthesizing module 'adder_imp_1ACUSJD' [d:/coding/computer_organization/exp2nd/micro/project_1/project_1.gen/sources_1/bd/design_1/synth/design_1.v:13]
INFO: [Synth 8-6157] synthesizing module 'design_1_alu_74181_0_0' [D:/coding/computer_organization/exp2nd/micro/project_1/project_1.runs/synth_1/.Xil/Vivado-2216-Celore/realtime/design_1_alu_74181_0_0_stub.v:6]
INFO: [Synth 8-6155] done synthesizing module 'design_1_alu_74181_0_0' (0#1) [D:/coding/computer_organization/exp2nd/micro/project_1/project_1.runs/synth_1/.Xil/Vivado-2216-Celore/realtime/design_1_alu_74181_0_0_stub.v:6]
WARNING: [Synth 8-7071] port 'cout' of module 'design_1_alu_74181_0_0' is unconnected for instance 'alu_74181_0' [d:/coding/computer_organization/exp2nd/micro/project_1/project_1.gen/sources_1/bd/design_1/synth/design_1.v:70]
WARNING: [Synth 8-7071] port 'zero' of module 'design_1_alu_74181_0_0' is unconnected for instance 'alu_74181_0' [d:/coding/computer_organization/exp2nd/micro/project_1/project_1.gen/sources_1/bd/design_1/synth/design_1.v:70]
WARNING: [Synth 8-7023] instance 'alu_74181_0' of module 'design_1_alu_74181_0_0' has 10 connections declared, but only 8 given [d:/coding/computer_organization/exp2nd/micro/project_1/project_1.gen/sources_1/bd/design_1/synth/design_1.v:70]
INFO: [Synth 8-6157] synthesizing module 'design_1_alu_74181_1_0' [D:/coding/computer_organization/exp2nd/micro/project_1/project_1.runs/synth_1/.Xil/Vivado-2216-Celore/realtime/design_1_alu_74181_1_0_stub.v:6]
INFO: [Synth 8-6155] done synthesizing module 'design_1_alu_74181_1_0' (0#1) [D:/coding/computer_organization/exp2nd/micro/project_1/project_1.runs/synth_1/.Xil/Vivado-2216-Celore/realtime/design_1_alu_74181_1_0_stub.v:6]
WARNING: [Synth 8-7071] port 'cout' of module 'design_1_alu_74181_1_0' is unconnected for instance 'alu_74181_1' [d:/coding/computer_organization/exp2nd/micro/project_1/project_1.gen/sources_1/bd/design_1/synth/design_1.v:79]
WARNING: [Synth 8-7071] port 'zero' of module 'design_1_alu_74181_1_0' is unconnected for instance 'alu_74181_1' [d:/coding/computer_organization/exp2nd/micro/project_1/project_1.gen/sources_1/bd/design_1/synth/design_1.v:79]
WARNING: [Synth 8-7023] instance 'alu_74181_1' of module 'design_1_alu_74181_1_0' has 10 connections declared, but only 8 given [d:/coding/computer_organization/exp2nd/micro/project_1/project_1.gen/sources_1/bd/design_1/synth/design_1.v:79]
INFO: [Synth 8-6157] synthesizing module 'design_1_alu_74181_2_0' [D:/coding/computer_organization/exp2nd/micro/project_1/project_1.runs/synth_1/.Xil/Vivado-2216-Celore/realtime/design_1_alu_74181_2_0_stub.v:6]
INFO: [Synth 8-6155] done synthesizing module 'design_1_alu_74181_2_0' (0#1) [D:/coding/computer_organization/exp2nd/micro/project_1/project_1.runs/synth_1/.Xil/Vivado-2216-Celore/realtime/design_1_alu_74181_2_0_stub.v:6]
WARNING: [Synth 8-7071] port 'cout' of module 'design_1_alu_74181_2_0' is unconnected for instance 'alu_74181_2' [d:/coding/computer_organization/exp2nd/micro/project_1/project_1.gen/sources_1/bd/design_1/synth/design_1.v:88]
WARNING: [Synth 8-7071] port 'zero' of module 'design_1_alu_74181_2_0' is unconnected for instance 'alu_74181_2' [d:/coding/computer_organization/exp2nd/micro/project_1/project_1.gen/sources_1/bd/design_1/synth/design_1.v:88]
WARNING: [Synth 8-7023] instance 'alu_74181_2' of module 'design_1_alu_74181_2_0' has 10 connections declared, but only 8 given [d:/coding/computer_organization/exp2nd/micro/project_1/project_1.gen/sources_1/bd/design_1/synth/design_1.v:88]
INFO: [Synth 8-6157] synthesizing module 'design_1_alu_74181_3_0' [D:/coding/computer_organization/exp2nd/micro/project_1/project_1.runs/synth_1/.Xil/Vivado-2216-Celore/realtime/design_1_alu_74181_3_0_stub.v:6]
INFO: [Synth 8-6155] done synthesizing module 'design_1_alu_74181_3_0' (0#1) [D:/coding/computer_organization/exp2nd/micro/project_1/project_1.runs/synth_1/.Xil/Vivado-2216-Celore/realtime/design_1_alu_74181_3_0_stub.v:6]
WARNING: [Synth 8-7071] port 'cout' of module 'design_1_alu_74181_3_0' is unconnected for instance 'alu_74181_3' [d:/coding/computer_organization/exp2nd/micro/project_1/project_1.gen/sources_1/bd/design_1/synth/design_1.v:97]
WARNING: [Synth 8-7071] port 'zero' of module 'design_1_alu_74181_3_0' is unconnected for instance 'alu_74181_3' [d:/coding/computer_organization/exp2nd/micro/project_1/project_1.gen/sources_1/bd/design_1/synth/design_1.v:97]
WARNING: [Synth 8-7023] instance 'alu_74181_3' of module 'design_1_alu_74181_3_0' has 10 connections declared, but only 8 given [d:/coding/computer_organization/exp2nd/micro/project_1/project_1.gen/sources_1/bd/design_1/synth/design_1.v:97]
INFO: [Synth 8-6157] synthesizing module 'design_1_bus_to_group_0_0' [D:/coding/computer_organization/exp2nd/micro/project_1/project_1.runs/synth_1/.Xil/Vivado-2216-Celore/realtime/design_1_bus_to_group_0_0_stub.v:6]
INFO: [Synth 8-6155] done synthesizing module 'design_1_bus_to_group_0_0' (0#1) [D:/coding/computer_organization/exp2nd/micro/project_1/project_1.runs/synth_1/.Xil/Vivado-2216-Celore/realtime/design_1_bus_to_group_0_0_stub.v:6]
INFO: [Synth 8-6157] synthesizing module 'design_1_bus_to_group_1_0' [D:/coding/computer_organization/exp2nd/micro/project_1/project_1.runs/synth_1/.Xil/Vivado-2216-Celore/realtime/design_1_bus_to_group_1_0_stub.v:6]
INFO: [Synth 8-6155] done synthesizing module 'design_1_bus_to_group_1_0' (0#1) [D:/coding/computer_organization/exp2nd/micro/project_1/project_1.runs/synth_1/.Xil/Vivado-2216-Celore/realtime/design_1_bus_to_group_1_0_stub.v:6]
INFO: [Synth 8-6157] synthesizing module 'design_1_bus_to_single_3_0_0' [D:/coding/computer_organization/exp2nd/micro/project_1/project_1.runs/synth_1/.Xil/Vivado-2216-Celore/realtime/design_1_bus_to_single_3_0_0_stub.v:6]
INFO: [Synth 8-6155] done synthesizing module 'design_1_bus_to_single_3_0_0' (0#1) [D:/coding/computer_organization/exp2nd/micro/project_1/project_1.runs/synth_1/.Xil/Vivado-2216-Celore/realtime/design_1_bus_to_single_3_0_0_stub.v:6]
INFO: [Synth 8-6157] synthesizing module 'design_1_carry_lookahead_74182_0_0' [D:/coding/computer_organization/exp2nd/micro/project_1/project_1.runs/synth_1/.Xil/Vivado-2216-Celore/realtime/design_1_carry_lookahead_74182_0_0_stub.v:6]
INFO: [Synth 8-6155] done synthesizing module 'design_1_carry_lookahead_74182_0_0' (0#1) [D:/coding/computer_organization/exp2nd/micro/project_1/project_1.runs/synth_1/.Xil/Vivado-2216-Celore/realtime/design_1_carry_lookahead_74182_0_0_stub.v:6]
WARNING: [Synth 8-7071] port 'p_group' of module 'design_1_carry_lookahead_74182_0_0' is unconnected for instance 'carry_lookahead_74182_0' [d:/coding/computer_organization/exp2nd/micro/project_1/project_1.gen/sources_1/bd/design_1/synth/design_1.v:123]
WARNING: [Synth 8-7071] port 'g_group' of module 'design_1_carry_lookahead_74182_0_0' is unconnected for instance 'carry_lookahead_74182_0' [d:/coding/computer_organization/exp2nd/micro/project_1/project_1.gen/sources_1/bd/design_1/synth/design_1.v:123]
WARNING: [Synth 8-7023] instance 'carry_lookahead_74182_0' of module 'design_1_carry_lookahead_74182_0_0' has 6 connections declared, but only 4 given [d:/coding/computer_organization/exp2nd/micro/project_1/project_1.gen/sources_1/bd/design_1/synth/design_1.v:123]
INFO: [Synth 8-6157] synthesizing module 'design_1_group_to_bus_0_0' [D:/coding/computer_organization/exp2nd/micro/project_1/project_1.runs/synth_1/.Xil/Vivado-2216-Celore/realtime/design_1_group_to_bus_0_0_stub.v:6]
INFO: [Synth 8-6155] done synthesizing module 'design_1_group_to_bus_0_0' (0#1) [D:/coding/computer_organization/exp2nd/micro/project_1/project_1.runs/synth_1/.Xil/Vivado-2216-Celore/realtime/design_1_group_to_bus_0_0_stub.v:6]
INFO: [Synth 8-6157] synthesizing module 'design_1_single_4_to_bus_0_0' [D:/coding/computer_organization/exp2nd/micro/project_1/project_1.runs/synth_1/.Xil/Vivado-2216-Celore/realtime/design_1_single_4_to_bus_0_0_stub.v:6]
INFO: [Synth 8-6155] done synthesizing module 'design_1_single_4_to_bus_0_0' (0#1) [D:/coding/computer_organization/exp2nd/micro/project_1/project_1.runs/synth_1/.Xil/Vivado-2216-Celore/realtime/design_1_single_4_to_bus_0_0_stub.v:6]
INFO: [Synth 8-6157] synthesizing module 'design_1_single_4_to_bus_1_0' [D:/coding/computer_organization/exp2nd/micro/project_1/project_1.runs/synth_1/.Xil/Vivado-2216-Celore/realtime/design_1_single_4_to_bus_1_0_stub.v:6]
INFO: [Synth 8-6155] done synthesizing module 'design_1_single_4_to_bus_1_0' (0#1) [D:/coding/computer_organization/exp2nd/micro/project_1/project_1.runs/synth_1/.Xil/Vivado-2216-Celore/realtime/design_1_single_4_to_bus_1_0_stub.v:6]
INFO: [Synth 8-6157] synthesizing module 'design_1_single_4_to_bus_2_0' [D:/coding/computer_organization/exp2nd/micro/project_1/project_1.runs/synth_1/.Xil/Vivado-2216-Celore/realtime/design_1_single_4_to_bus_2_0_stub.v:6]
INFO: [Synth 8-6155] done synthesizing module 'design_1_single_4_to_bus_2_0' (0#1) [D:/coding/computer_organization/exp2nd/micro/project_1/project_1.runs/synth_1/.Xil/Vivado-2216-Celore/realtime/design_1_single_4_to_bus_2_0_stub.v:6]
INFO: [Synth 8-6155] done synthesizing module 'adder_imp_1ACUSJD' (0#1) [d:/coding/computer_organization/exp2nd/micro/project_1/project_1.gen/sources_1/bd/design_1/synth/design_1.v:13]
WARNING: [Synth 8-4446] all outputs are unconnected for this instance and logic may be removed [d:/coding/computer_organization/exp2nd/micro/project_1/project_1.gen/sources_1/bd/design_1/synth/design_1.v:874]
INFO: [Synth 8-6157] synthesizing module 'design_1_adpt_out_12_0_0_0' [D:/coding/computer_organization/exp2nd/micro/project_1/project_1.runs/synth_1/.Xil/Vivado-2216-Celore/realtime/design_1_adpt_out_12_0_0_0_stub.v:6]
INFO: [Synth 8-6155] done synthesizing module 'design_1_adpt_out_12_0_0_0' (0#1) [D:/coding/computer_organization/exp2nd/micro/project_1/project_1.runs/synth_1/.Xil/Vivado-2216-Celore/realtime/design_1_adpt_out_12_0_0_0_stub.v:6]
WARNING: [Synth 8-7071] port 'led' of module 'design_1_adpt_out_12_0_0_0' is unconnected for instance 'adpt_out_12_0_0' [d:/coding/computer_organization/exp2nd/micro/project_1/project_1.gen/sources_1/bd/design_1/synth/design_1.v:874]
WARNING: [Synth 8-7023] instance 'adpt_out_12_0_0' of module 'design_1_adpt_out_12_0_0_0' has 2 connections declared, but only 1 given [d:/coding/computer_organization/exp2nd/micro/project_1/project_1.gen/sources_1/bd/design_1/synth/design_1.v:874]
INFO: [Synth 8-6157] synthesizing module 'design_1_adpt_out_final_0_0_0' [D:/coding/computer_organization/exp2nd/micro/project_1/project_1.runs/synth_1/.Xil/Vivado-2216-Celore/realtime/design_1_adpt_out_final_0_0_0_stub.v:6]
INFO: [Synth 8-6155] done synthesizing module 'design_1_adpt_out_final_0_0_0' (0#1) [D:/coding/computer_organization/exp2nd/micro/project_1/project_1.runs/synth_1/.Xil/Vivado-2216-Celore/realtime/design_1_adpt_out_final_0_0_0_stub.v:6]
INFO: [Synth 8-6157] synthesizing module 'design_1_and_gate_0_12' [D:/coding/computer_organization/exp2nd/micro/project_1/project_1.runs/synth_1/.Xil/Vivado-2216-Celore/realtime/design_1_and_gate_0_12_stub.v:6]
INFO: [Synth 8-6155] done synthesizing module 'design_1_and_gate_0_12' (0#1) [D:/coding/computer_organization/exp2nd/micro/project_1/project_1.runs/synth_1/.Xil/Vivado-2216-Celore/realtime/design_1_and_gate_0_12_stub.v:6]
INFO: [Synth 8-6157] synthesizing module 'design_1_bus_mux_16_0_0' [D:/coding/computer_organization/exp2nd/micro/project_1/project_1.runs/synth_1/.Xil/Vivado-2216-Celore/realtime/design_1_bus_mux_16_0_0_stub.v:6]
INFO: [Synth 8-6155] done synthesizing module 'design_1_bus_mux_16_0_0' (0#1) [D:/coding/computer_organization/exp2nd/micro/project_1/project_1.runs/synth_1/.Xil/Vivado-2216-Celore/realtime/design_1_bus_mux_16_0_0_stub.v:6]
INFO: [Synth 8-6157] synthesizing module 'design_1_cg_fpga_0_0' [D:/coding/computer_organization/exp2nd/micro/project_1/project_1.runs/synth_1/.Xil/Vivado-2216-Celore/realtime/design_1_cg_fpga_0_0_stub.v:6]
INFO: [Synth 8-6155] done synthesizing module 'design_1_cg_fpga_0_0' (0#1) [D:/coding/computer_organization/exp2nd/micro/project_1/project_1.runs/synth_1/.Xil/Vivado-2216-Celore/realtime/design_1_cg_fpga_0_0_stub.v:6]
WARNING: [Synth 8-7071] port 'DDR_addr' of module 'design_1_cg_fpga_0_0' is unconnected for instance 'cg_fpga_0' [d:/coding/computer_organization/exp2nd/micro/project_1/project_1.gen/sources_1/bd/design_1/synth/design_1.v:894]
WARNING: [Synth 8-7071] port 'DDR_ba' of module 'design_1_cg_fpga_0_0' is unconnected for instance 'cg_fpga_0' [d:/coding/computer_organization/exp2nd/micro/project_1/project_1.gen/sources_1/bd/design_1/synth/design_1.v:894]
WARNING: [Synth 8-7071] port 'DDR_cas_n' of module 'design_1_cg_fpga_0_0' is unconnected for instance 'cg_fpga_0' [d:/coding/computer_organization/exp2nd/micro/project_1/project_1.gen/sources_1/bd/design_1/synth/design_1.v:894]
WARNING: [Synth 8-7071] port 'DDR_ck_n' of module 'design_1_cg_fpga_0_0' is unconnected for instance 'cg_fpga_0' [d:/coding/computer_organization/exp2nd/micro/project_1/project_1.gen/sources_1/bd/design_1/synth/design_1.v:894]
WARNING: [Synth 8-7071] port 'DDR_ck_p' of module 'design_1_cg_fpga_0_0' is unconnected for instance 'cg_fpga_0' [d:/coding/computer_organization/exp2nd/micro/project_1/project_1.gen/sources_1/bd/design_1/synth/design_1.v:894]
WARNING: [Synth 8-7071] port 'DDR_cke' of module 'design_1_cg_fpga_0_0' is unconnected for instance 'cg_fpga_0' [d:/coding/computer_organization/exp2nd/micro/project_1/project_1.gen/sources_1/bd/design_1/synth/design_1.v:894]
WARNING: [Synth 8-7071] port 'DDR_cs_n' of module 'design_1_cg_fpga_0_0' is unconnected for instance 'cg_fpga_0' [d:/coding/computer_organization/exp2nd/micro/project_1/project_1.gen/sources_1/bd/design_1/synth/design_1.v:894]
WARNING: [Synth 8-7071] port 'DDR_dm' of module 'design_1_cg_fpga_0_0' is unconnected for instance 'cg_fpga_0' [d:/coding/computer_organization/exp2nd/micro/project_1/project_1.gen/sources_1/bd/design_1/synth/design_1.v:894]
WARNING: [Synth 8-7071] port 'DDR_dq' of module 'design_1_cg_fpga_0_0' is unconnected for instance 'cg_fpga_0' [d:/coding/computer_organization/exp2nd/micro/project_1/project_1.gen/sources_1/bd/design_1/synth/design_1.v:894]
WARNING: [Synth 8-7071] port 'DDR_dqs_n' of module 'design_1_cg_fpga_0_0' is unconnected for instance 'cg_fpga_0' [d:/coding/computer_organization/exp2nd/micro/project_1/project_1.gen/sources_1/bd/design_1/synth/design_1.v:894]
WARNING: [Synth 8-7071] port 'DDR_dqs_p' of module 'design_1_cg_fpga_0_0' is unconnected for instance 'cg_fpga_0' [d:/coding/computer_organization/exp2nd/micro/project_1/project_1.gen/sources_1/bd/design_1/synth/design_1.v:894]
WARNING: [Synth 8-7071] port 'DDR_odt' of module 'design_1_cg_fpga_0_0' is unconnected for instance 'cg_fpga_0' [d:/coding/computer_organization/exp2nd/micro/project_1/project_1.gen/sources_1/bd/design_1/synth/design_1.v:894]
WARNING: [Synth 8-7071] port 'DDR_ras_n' of module 'design_1_cg_fpga_0_0' is unconnected for instance 'cg_fpga_0' [d:/coding/computer_organization/exp2nd/micro/project_1/project_1.gen/sources_1/bd/design_1/synth/design_1.v:894]
WARNING: [Synth 8-7071] port 'DDR_reset_n' of module 'design_1_cg_fpga_0_0' is unconnected for instance 'cg_fpga_0' [d:/coding/computer_organization/exp2nd/micro/project_1/project_1.gen/sources_1/bd/design_1/synth/design_1.v:894]
WARNING: [Synth 8-7071] port 'DDR_we_n' of module 'design_1_cg_fpga_0_0' is unconnected for instance 'cg_fpga_0' [d:/coding/computer_organization/exp2nd/micro/project_1/project_1.gen/sources_1/bd/design_1/synth/design_1.v:894]
WARNING: [Synth 8-7071] port 'FIXED_IO_ddr_vrn' of module 'design_1_cg_fpga_0_0' is unconnected for instance 'cg_fpga_0' [d:/coding/computer_organization/exp2nd/micro/project_1/project_1.gen/sources_1/bd/design_1/synth/design_1.v:894]
WARNING: [Synth 8-7071] port 'FIXED_IO_ddr_vrp' of module 'design_1_cg_fpga_0_0' is unconnected for instance 'cg_fpga_0' [d:/coding/computer_organization/exp2nd/micro/project_1/project_1.gen/sources_1/bd/design_1/synth/design_1.v:894]
WARNING: [Synth 8-7071] port 'FIXED_IO_mio' of module 'design_1_cg_fpga_0_0' is unconnected for instance 'cg_fpga_0' [d:/coding/computer_organization/exp2nd/micro/project_1/project_1.gen/sources_1/bd/design_1/synth/design_1.v:894]
WARNING: [Synth 8-7071] port 'FIXED_IO_ps_clk' of module 'design_1_cg_fpga_0_0' is unconnected for instance 'cg_fpga_0' [d:/coding/computer_organization/exp2nd/micro/project_1/project_1.gen/sources_1/bd/design_1/synth/design_1.v:894]
WARNING: [Synth 8-7071] port 'FIXED_IO_ps_porb' of module 'design_1_cg_fpga_0_0' is unconnected for instance 'cg_fpga_0' [d:/coding/computer_organization/exp2nd/micro/project_1/project_1.gen/sources_1/bd/design_1/synth/design_1.v:894]
WARNING: [Synth 8-7071] port 'FIXED_IO_ps_srstb' of module 'design_1_cg_fpga_0_0' is unconnected for instance 'cg_fpga_0' [d:/coding/computer_organization/exp2nd/micro/project_1/project_1.gen/sources_1/bd/design_1/synth/design_1.v:894]
WARNING: [Synth 8-7071] port 'btn' of module 'design_1_cg_fpga_0_0' is unconnected for instance 'cg_fpga_0' [d:/coding/computer_organization/exp2nd/micro/project_1/project_1.gen/sources_1/bd/design_1/synth/design_1.v:894]
WARNING: [Synth 8-7071] port 'clk_100M' of module 'design_1_cg_fpga_0_0' is unconnected for instance 'cg_fpga_0' [d:/coding/computer_organization/exp2nd/micro/project_1/project_1.gen/sources_1/bd/design_1/synth/design_1.v:894]
WARNING: [Synth 8-7071] port 'gpio_sw_1' of module 'design_1_cg_fpga_0_0' is unconnected for instance 'cg_fpga_0' [d:/coding/computer_organization/exp2nd/micro/project_1/project_1.gen/sources_1/bd/design_1/synth/design_1.v:894]
WARNING: [Synth 8-7071] port 'gpio_sw_2' of module 'design_1_cg_fpga_0_0' is unconnected for instance 'cg_fpga_0' [d:/coding/computer_organization/exp2nd/micro/project_1/project_1.gen/sources_1/bd/design_1/synth/design_1.v:894]
WARNING: [Synth 8-7071] port 'tx_0' of module 'design_1_cg_fpga_0_0' is unconnected for instance 'cg_fpga_0' [d:/coding/computer_organization/exp2nd/micro/project_1/project_1.gen/sources_1/bd/design_1/synth/design_1.v:894]
WARNING: [Synth 8-7023] instance 'cg_fpga_0' of module 'design_1_cg_fpga_0_0' has 42 connections declared, but only 16 given [d:/coding/computer_organization/exp2nd/micro/project_1/project_1.gen/sources_1/bd/design_1/synth/design_1.v:894]
INFO: [Synth 8-6157] synthesizing module 'controlor_imp_HNHUUK' [d:/coding/computer_organization/exp2nd/micro/project_1/project_1.gen/sources_1/bd/design_1/synth/design_1.v:219]
INFO: [Synth 8-6157] synthesizing module 'cnt_imp_OC2SO4' [d:/coding/computer_organization/exp2nd/micro/project_1/project_1.gen/sources_1/bd/design_1/synth/design_1.v:154]
INFO: [Synth 8-6157] synthesizing module 'design_1_bus_to_group_12_0_0_0' [D:/coding/computer_organization/exp2nd/micro/project_1/project_1.runs/synth_1/.Xil/Vivado-2216-Celore/realtime/design_1_bus_to_group_12_0_0_0_stub.v:6]
INFO: [Synth 8-6155] done synthesizing module 'design_1_bus_to_group_12_0_0_0' (0#1) [D:/coding/computer_organization/exp2nd/micro/project_1/project_1.runs/synth_1/.Xil/Vivado-2216-Celore/realtime/design_1_bus_to_group_12_0_0_0_stub.v:6]
INFO: [Synth 8-6157] synthesizing module 'design_1_ic_74161_0_0' [D:/coding/computer_organization/exp2nd/micro/project_1/project_1.runs/synth_1/.Xil/Vivado-2216-Celore/realtime/design_1_ic_74161_0_0_stub.v:6]
INFO: [Synth 8-6155] done synthesizing module 'design_1_ic_74161_0_0' (0#1) [D:/coding/computer_organization/exp2nd/micro/project_1/project_1.runs/synth_1/.Xil/Vivado-2216-Celore/realtime/design_1_ic_74161_0_0_stub.v:6]
INFO: [Synth 8-6157] synthesizing module 'design_1_ic_74161_1_0' [D:/coding/computer_organization/exp2nd/micro/project_1/project_1.runs/synth_1/.Xil/Vivado-2216-Celore/realtime/design_1_ic_74161_1_0_stub.v:6]
INFO: [Synth 8-6155] done synthesizing module 'design_1_ic_74161_1_0' (0#1) [D:/coding/computer_organization/exp2nd/micro/project_1/project_1.runs/synth_1/.Xil/Vivado-2216-Celore/realtime/design_1_ic_74161_1_0_stub.v:6]
INFO: [Synth 8-6157] synthesizing module 'design_1_ic_74161_2_0' [D:/coding/computer_organization/exp2nd/micro/project_1/project_1.runs/synth_1/.Xil/Vivado-2216-Celore/realtime/design_1_ic_74161_2_0_stub.v:6]
INFO: [Synth 8-6155] done synthesizing module 'design_1_ic_74161_2_0' (0#1) [D:/coding/computer_organization/exp2nd/micro/project_1/project_1.runs/synth_1/.Xil/Vivado-2216-Celore/realtime/design_1_ic_74161_2_0_stub.v:6]
WARNING: [Synth 8-7071] port 'CO' of module 'design_1_ic_74161_2_0' is unconnected for instance 'ic_74161_2' [d:/coding/computer_organization/exp2nd/micro/project_1/project_1.gen/sources_1/bd/design_1/synth/design_1.v:209]
WARNING: [Synth 8-7023] instance 'ic_74161_2' of module 'design_1_ic_74161_2_0' has 8 connections declared, but only 7 given [d:/coding/computer_organization/exp2nd/micro/project_1/project_1.gen/sources_1/bd/design_1/synth/design_1.v:209]
INFO: [Synth 8-6155] done synthesizing module 'cnt_imp_OC2SO4' (0#1) [d:/coding/computer_organization/exp2nd/micro/project_1/project_1.gen/sources_1/bd/design_1/synth/design_1.v:154]
INFO: [Synth 8-6157] synthesizing module 'decode_32_0_imp_1K9TUWV' [d:/coding/computer_organization/exp2nd/micro/project_1/project_1.gen/sources_1/bd/design_1/synth/design_1.v:566]
INFO: [Synth 8-6157] synthesizing module 'design_1_bus_to_single_4_0_0' [D:/coding/computer_organization/exp2nd/micro/project_1/project_1.runs/synth_1/.Xil/Vivado-2216-Celore/realtime/design_1_bus_to_single_4_0_0_stub.v:6]
INFO: [Synth 8-6155] done synthesizing module 'design_1_bus_to_single_4_0_0' (0#1) [D:/coding/computer_organization/exp2nd/micro/project_1/project_1.runs/synth_1/.Xil/Vivado-2216-Celore/realtime/design_1_bus_to_single_4_0_0_stub.v:6]
WARNING: [Synth 8-7071] port 'o3' of module 'design_1_bus_to_single_4_0_0' is unconnected for instance 'bus_to_single_4_0' [d:/coding/computer_organization/exp2nd/micro/project_1/project_1.gen/sources_1/bd/design_1/synth/design_1.v:583]
WARNING: [Synth 8-7071] port 'o2' of module 'design_1_bus_to_single_4_0_0' is unconnected for instance 'bus_to_single_4_0' [d:/coding/computer_organization/exp2nd/micro/project_1/project_1.gen/sources_1/bd/design_1/synth/design_1.v:583]
WARNING: [Synth 8-7071] port 'o0' of module 'design_1_bus_to_single_4_0_0' is unconnected for instance 'bus_to_single_4_0' [d:/coding/computer_organization/exp2nd/micro/project_1/project_1.gen/sources_1/bd/design_1/synth/design_1.v:583]
WARNING: [Synth 8-7023] instance 'bus_to_single_4_0' of module 'design_1_bus_to_single_4_0_0' has 5 connections declared, but only 2 given [d:/coding/computer_organization/exp2nd/micro/project_1/project_1.gen/sources_1/bd/design_1/synth/design_1.v:583]
INFO: [Synth 8-6157] synthesizing module 'design_1_decoder_2to4_0_0' [D:/coding/computer_organization/exp2nd/micro/project_1/project_1.runs/synth_1/.Xil/Vivado-2216-Celore/realtime/design_1_decoder_2to4_0_0_stub.v:6]
INFO: [Synth 8-6155] done synthesizing module 'design_1_decoder_2to4_0_0' (0#1) [D:/coding/computer_organization/exp2nd/micro/project_1/project_1.runs/synth_1/.Xil/Vivado-2216-Celore/realtime/design_1_decoder_2to4_0_0_stub.v:6]
INFO: [Synth 8-6157] synthesizing module 'design_1_single_2_to_bus_0_0' [D:/coding/computer_organization/exp2nd/micro/project_1/project_1.runs/synth_1/.Xil/Vivado-2216-Celore/realtime/design_1_single_2_to_bus_0_0_stub.v:6]
INFO: [Synth 8-6155] done synthesizing module 'design_1_single_2_to_bus_0_0' (0#1) [D:/coding/computer_organization/exp2nd/micro/project_1/project_1.runs/synth_1/.Xil/Vivado-2216-Celore/realtime/design_1_single_2_to_bus_0_0_stub.v:6]
INFO: [Synth 8-6155] done synthesizing module 'decode_32_0_imp_1K9TUWV' (0#1) [d:/coding/computer_organization/exp2nd/micro/project_1/project_1.gen/sources_1/bd/design_1/synth/design_1.v:566]
INFO: [Synth 8-6157] synthesizing module 'decode_32_1_imp_1PIKBUK' [d:/coding/computer_organization/exp2nd/micro/project_1/project_1.gen/sources_1/bd/design_1/synth/design_1.v:596]
INFO: [Synth 8-6157] synthesizing module 'design_1_bus_to_single_4_0_1' [D:/coding/computer_organization/exp2nd/micro/project_1/project_1.runs/synth_1/.Xil/Vivado-2216-Celore/realtime/design_1_bus_to_single_4_0_1_stub.v:6]
INFO: [Synth 8-6155] done synthesizing module 'design_1_bus_to_single_4_0_1' (0#1) [D:/coding/computer_organization/exp2nd/micro/project_1/project_1.runs/synth_1/.Xil/Vivado-2216-Celore/realtime/design_1_bus_to_single_4_0_1_stub.v:6]
WARNING: [Synth 8-7071] port 'o3' of module 'design_1_bus_to_single_4_0_1' is unconnected for instance 'bus_to_single_4_0' [d:/coding/computer_organization/exp2nd/micro/project_1/project_1.gen/sources_1/bd/design_1/synth/design_1.v:619]
WARNING: [Synth 8-7023] instance 'bus_to_single_4_0' of module 'design_1_bus_to_single_4_0_1' has 5 connections declared, but only 4 given [d:/coding/computer_organization/exp2nd/micro/project_1/project_1.gen/sources_1/bd/design_1/synth/design_1.v:619]
INFO: [Synth 8-6157] synthesizing module 'design_1_decoder_2to4_0_1' [D:/coding/computer_organization/exp2nd/micro/project_1/project_1.runs/synth_1/.Xil/Vivado-2216-Celore/realtime/design_1_decoder_2to4_0_1_stub.v:6]
INFO: [Synth 8-6155] done synthesizing module 'design_1_decoder_2to4_0_1' (0#1) [D:/coding/computer_organization/exp2nd/micro/project_1/project_1.runs/synth_1/.Xil/Vivado-2216-Celore/realtime/design_1_decoder_2to4_0_1_stub.v:6]
INFO: [Synth 8-6157] synthesizing module 'design_1_single_2_to_bus_0_1' [D:/coding/computer_organization/exp2nd/micro/project_1/project_1.runs/synth_1/.Xil/Vivado-2216-Celore/realtime/design_1_single_2_to_bus_0_1_stub.v:6]
INFO: [Synth 8-6155] done synthesizing module 'design_1_single_2_to_bus_0_1' (0#1) [D:/coding/computer_organization/exp2nd/micro/project_1/project_1.runs/synth_1/.Xil/Vivado-2216-Celore/realtime/design_1_single_2_to_bus_0_1_stub.v:6]
INFO: [Synth 8-6155] done synthesizing module 'decode_32_1_imp_1PIKBUK' (0#1) [d:/coding/computer_organization/exp2nd/micro/project_1/project_1.gen/sources_1/bd/design_1/synth/design_1.v:596]
INFO: [Synth 8-6157] synthesizing module 'decode_38_imp_1NGMCH2' [d:/coding/computer_organization/exp2nd/micro/project_1/project_1.gen/sources_1/bd/design_1/synth/design_1.v:634]
INFO: [Synth 8-6157] synthesizing module 'design_1_bus_to_single_8_0_0' [D:/coding/computer_organization/exp2nd/micro/project_1/project_1.runs/synth_1/.Xil/Vivado-2216-Celore/realtime/design_1_bus_to_single_8_0_0_stub.v:6]
INFO: [Synth 8-6155] done synthesizing module 'design_1_bus_to_single_8_0_0' (0#1) [D:/coding/computer_organization/exp2nd/micro/project_1/project_1.runs/synth_1/.Xil/Vivado-2216-Celore/realtime/design_1_bus_to_single_8_0_0_stub.v:6]
WARNING: [Synth 8-7071] port 'o7' of module 'design_1_bus_to_single_8_0_0' is unconnected for instance 'bus_to_single_8_0' [d:/coding/computer_organization/exp2nd/micro/project_1/project_1.gen/sources_1/bd/design_1/synth/design_1.v:663]
WARNING: [Synth 8-7071] port 'o6' of module 'design_1_bus_to_single_8_0_0' is unconnected for instance 'bus_to_single_8_0' [d:/coding/computer_organization/exp2nd/micro/project_1/project_1.gen/sources_1/bd/design_1/synth/design_1.v:663]
WARNING: [Synth 8-7071] port 'o5' of module 'design_1_bus_to_single_8_0_0' is unconnected for instance 'bus_to_single_8_0' [d:/coding/computer_organization/exp2nd/micro/project_1/project_1.gen/sources_1/bd/design_1/synth/design_1.v:663]
WARNING: [Synth 8-7071] port 'o0' of module 'design_1_bus_to_single_8_0_0' is unconnected for instance 'bus_to_single_8_0' [d:/coding/computer_organization/exp2nd/micro/project_1/project_1.gen/sources_1/bd/design_1/synth/design_1.v:663]
WARNING: [Synth 8-7023] instance 'bus_to_single_8_0' of module 'design_1_bus_to_single_8_0_0' has 9 connections declared, but only 5 given [d:/coding/computer_organization/exp2nd/micro/project_1/project_1.gen/sources_1/bd/design_1/synth/design_1.v:663]
INFO: [Synth 8-6157] synthesizing module 'design_1_decoder_3to8_0_0' [D:/coding/computer_organization/exp2nd/micro/project_1/project_1.runs/synth_1/.Xil/Vivado-2216-Celore/realtime/design_1_decoder_3to8_0_0_stub.v:6]
INFO: [Synth 8-6155] done synthesizing module 'design_1_decoder_3to8_0_0' (0#1) [D:/coding/computer_organization/exp2nd/micro/project_1/project_1.runs/synth_1/.Xil/Vivado-2216-Celore/realtime/design_1_decoder_3to8_0_0_stub.v:6]
INFO: [Synth 8-6157] synthesizing module 'design_1_single_3_to_bus_0_0' [D:/coding/computer_organization/exp2nd/micro/project_1/project_1.runs/synth_1/.Xil/Vivado-2216-Celore/realtime/design_1_single_3_to_bus_0_0_stub.v:6]
INFO: [Synth 8-6155] done synthesizing module 'design_1_single_3_to_bus_0_0' (0#1) [D:/coding/computer_organization/exp2nd/micro/project_1/project_1.runs/synth_1/.Xil/Vivado-2216-Celore/realtime/design_1_single_3_to_bus_0_0_stub.v:6]
INFO: [Synth 8-6155] done synthesizing module 'decode_38_imp_1NGMCH2' (0#1) [d:/coding/computer_organization/exp2nd/micro/project_1/project_1.gen/sources_1/bd/design_1/synth/design_1.v:634]
INFO: [Synth 8-6157] synthesizing module 'decode_39_imp_1HLYMSL' [d:/coding/computer_organization/exp2nd/micro/project_1/project_1.gen/sources_1/bd/design_1/synth/design_1.v:680]
INFO: [Synth 8-6157] synthesizing module 'design_1_bus_to_single_8_0_1' [D:/coding/computer_organization/exp2nd/micro/project_1/project_1.runs/synth_1/.Xil/Vivado-2216-Celore/realtime/design_1_bus_to_single_8_0_1_stub.v:6]
INFO: [Synth 8-6155] done synthesizing module 'design_1_bus_to_single_8_0_1' (0#1) [D:/coding/computer_organization/exp2nd/micro/project_1/project_1.runs/synth_1/.Xil/Vivado-2216-Celore/realtime/design_1_bus_to_single_8_0_1_stub.v:6]
WARNING: [Synth 8-7071] port 'o0' of module 'design_1_bus_to_single_8_0_1' is unconnected for instance 'bus_to_single_8_0' [d:/coding/computer_organization/exp2nd/micro/project_1/project_1.gen/sources_1/bd/design_1/synth/design_1.v:720]
WARNING: [Synth 8-7023] instance 'bus_to_single_8_0' of module 'design_1_bus_to_single_8_0_1' has 9 connections declared, but only 8 given [d:/coding/computer_organization/exp2nd/micro/project_1/project_1.gen/sources_1/bd/design_1/synth/design_1.v:720]
INFO: [Synth 8-6157] synthesizing module 'design_1_decoder_3to8_0_1' [D:/coding/computer_organization/exp2nd/micro/project_1/project_1.runs/synth_1/.Xil/Vivado-2216-Celore/realtime/design_1_decoder_3to8_0_1_stub.v:6]
INFO: [Synth 8-6155] done synthesizing module 'design_1_decoder_3to8_0_1' (0#1) [D:/coding/computer_organization/exp2nd/micro/project_1/project_1.runs/synth_1/.Xil/Vivado-2216-Celore/realtime/design_1_decoder_3to8_0_1_stub.v:6]
INFO: [Synth 8-6157] synthesizing module 'design_1_single_3_to_bus_0_1' [D:/coding/computer_organization/exp2nd/micro/project_1/project_1.runs/synth_1/.Xil/Vivado-2216-Celore/realtime/design_1_single_3_to_bus_0_1_stub.v:6]
INFO: [Synth 8-6155] done synthesizing module 'design_1_single_3_to_bus_0_1' (0#1) [D:/coding/computer_organization/exp2nd/micro/project_1/project_1.runs/synth_1/.Xil/Vivado-2216-Celore/realtime/design_1_single_3_to_bus_0_1_stub.v:6]
INFO: [Synth 8-6155] done synthesizing module 'decode_39_imp_1HLYMSL' (0#1) [d:/coding/computer_organization/exp2nd/micro/project_1/project_1.gen/sources_1/bd/design_1/synth/design_1.v:680]
INFO: [Synth 8-6157] synthesizing module 'decode_40_imp_13R9613' [d:/coding/computer_organization/exp2nd/micro/project_1/project_1.gen/sources_1/bd/design_1/synth/design_1.v:740]
INFO: [Synth 8-6157] synthesizing module 'design_1_bus_to_single_8_0_2' [D:/coding/computer_organization/exp2nd/micro/project_1/project_1.runs/synth_1/.Xil/Vivado-2216-Celore/realtime/design_1_bus_to_single_8_0_2_stub.v:6]
INFO: [Synth 8-6155] done synthesizing module 'design_1_bus_to_single_8_0_2' (0#1) [D:/coding/computer_organization/exp2nd/micro/project_1/project_1.runs/synth_1/.Xil/Vivado-2216-Celore/realtime/design_1_bus_to_single_8_0_2_stub.v:6]
WARNING: [Synth 8-7071] port 'o0' of module 'design_1_bus_to_single_8_0_2' is unconnected for instance 'bus_to_single_8_0' [d:/coding/computer_organization/exp2nd/micro/project_1/project_1.gen/sources_1/bd/design_1/synth/design_1.v:778]
WARNING: [Synth 8-7023] instance 'bus_to_single_8_0' of module 'design_1_bus_to_single_8_0_2' has 9 connections declared, but only 8 given [d:/coding/computer_organization/exp2nd/micro/project_1/project_1.gen/sources_1/bd/design_1/synth/design_1.v:778]
INFO: [Synth 8-6157] synthesizing module 'design_1_decoder_3to8_0_2' [D:/coding/computer_organization/exp2nd/micro/project_1/project_1.runs/synth_1/.Xil/Vivado-2216-Celore/realtime/design_1_decoder_3to8_0_2_stub.v:6]
INFO: [Synth 8-6155] done synthesizing module 'design_1_decoder_3to8_0_2' (0#1) [D:/coding/computer_organization/exp2nd/micro/project_1/project_1.runs/synth_1/.Xil/Vivado-2216-Celore/realtime/design_1_decoder_3to8_0_2_stub.v:6]
INFO: [Synth 8-6157] synthesizing module 'design_1_single_3_to_bus_0_2' [D:/coding/computer_organization/exp2nd/micro/project_1/project_1.runs/synth_1/.Xil/Vivado-2216-Celore/realtime/design_1_single_3_to_bus_0_2_stub.v:6]
INFO: [Synth 8-6155] done synthesizing module 'design_1_single_3_to_bus_0_2' (0#1) [D:/coding/computer_organization/exp2nd/micro/project_1/project_1.runs/synth_1/.Xil/Vivado-2216-Celore/realtime/design_1_single_3_to_bus_0_2_stub.v:6]
INFO: [Synth 8-6155] done synthesizing module 'decode_40_imp_13R9613' (0#1) [d:/coding/computer_organization/exp2nd/micro/project_1/project_1.gen/sources_1/bd/design_1/synth/design_1.v:740]
INFO: [Synth 8-6157] synthesizing module 'design_1_group_to_bus_12_0_0_0' [D:/coding/computer_organization/exp2nd/micro/project_1/project_1.runs/synth_1/.Xil/Vivado-2216-Celore/realtime/design_1_group_to_bus_12_0_0_0_stub.v:6]
INFO: [Synth 8-6155] done synthesizing module 'design_1_group_to_bus_12_0_0_0' (0#1) [D:/coding/computer_organization/exp2nd/micro/project_1/project_1.runs/synth_1/.Xil/Vivado-2216-Celore/realtime/design_1_group_to_bus_12_0_0_0_stub.v:6]
INFO: [Synth 8-6157] synthesizing module 'design_1_group_to_bus_12_10_0_0_0' [D:/coding/computer_organization/exp2nd/micro/project_1/project_1.runs/synth_1/.Xil/Vivado-2216-Celore/realtime/design_1_group_to_bus_12_10_0_0_0_stub.v:6]
INFO: [Synth 8-6155] done synthesizing module 'design_1_group_to_bus_12_10_0_0_0' (0#1) [D:/coding/computer_organization/exp2nd/micro/project_1/project_1.runs/synth_1/.Xil/Vivado-2216-Celore/realtime/design_1_group_to_bus_12_10_0_0_0_stub.v:6]
INFO: [Synth 8-6157] synthesizing module 'design_1_not_gate_2_0' [D:/coding/computer_organization/exp2nd/micro/project_1/project_1.runs/synth_1/.Xil/Vivado-2216-Celore/realtime/design_1_not_gate_2_0_stub.v:6]
INFO: [Synth 8-6155] done synthesizing module 'design_1_not_gate_2_0' (0#1) [D:/coding/computer_organization/exp2nd/micro/project_1/project_1.runs/synth_1/.Xil/Vivado-2216-Celore/realtime/design_1_not_gate_2_0_stub.v:6]
INFO: [Synth 8-6157] synthesizing module 'design_1_rom_1kx23_0_0' [D:/coding/computer_organization/exp2nd/micro/project_1/project_1.runs/synth_1/.Xil/Vivado-2216-Celore/realtime/design_1_rom_1kx23_0_0_stub.v:6]
INFO: [Synth 8-6155] done synthesizing module 'design_1_rom_1kx23_0_0' (0#1) [D:/coding/computer_organization/exp2nd/micro/project_1/project_1.runs/synth_1/.Xil/Vivado-2216-Celore/realtime/design_1_rom_1kx23_0_0_stub.v:6]
INFO: [Synth 8-6157] synthesizing module 'design_1_single_23_to_bus_0_0' [D:/coding/computer_organization/exp2nd/micro/project_1/project_1.runs/synth_1/.Xil/Vivado-2216-Celore/realtime/design_1_single_23_to_bus_0_0_stub.v:6]
INFO: [Synth 8-6155] done synthesizing module 'design_1_single_23_to_bus_0_0' (0#1) [D:/coding/computer_organization/exp2nd/micro/project_1/project_1.runs/synth_1/.Xil/Vivado-2216-Celore/realtime/design_1_single_23_to_bus_0_0_stub.v:6]
INFO: [Synth 8-6157] synthesizing module 'design_1_single_4_to_bus_0_1' [D:/coding/computer_organization/exp2nd/micro/project_1/project_1.runs/synth_1/.Xil/Vivado-2216-Celore/realtime/design_1_single_4_to_bus_0_1_stub.v:6]
INFO: [Synth 8-6155] done synthesizing module 'design_1_single_4_to_bus_0_1' (0#1) [D:/coding/computer_organization/exp2nd/micro/project_1/project_1.runs/synth_1/.Xil/Vivado-2216-Celore/realtime/design_1_single_4_to_bus_0_1_stub.v:6]
INFO: [Synth 8-6157] synthesizing module 'design_1_single_4_to_bus_1_1' [D:/coding/computer_organization/exp2nd/micro/project_1/project_1.runs/synth_1/.Xil/Vivado-2216-Celore/realtime/design_1_single_4_to_bus_1_1_stub.v:6]
INFO: [Synth 8-6155] done synthesizing module 'design_1_single_4_to_bus_1_1' (0#1) [D:/coding/computer_organization/exp2nd/micro/project_1/project_1.runs/synth_1/.Xil/Vivado-2216-Celore/realtime/design_1_single_4_to_bus_1_1_stub.v:6]
INFO: [Synth 8-6157] synthesizing module 'design_1_single_4_to_bus_2_1' [D:/coding/computer_organization/exp2nd/micro/project_1/project_1.runs/synth_1/.Xil/Vivado-2216-Celore/realtime/design_1_single_4_to_bus_2_1_stub.v:6]
INFO: [Synth 8-6155] done synthesizing module 'design_1_single_4_to_bus_2_1' (0#1) [D:/coding/computer_organization/exp2nd/micro/project_1/project_1.runs/synth_1/.Xil/Vivado-2216-Celore/realtime/design_1_single_4_to_bus_2_1_stub.v:6]
INFO: [Synth 8-6157] synthesizing module 'uir_slct_imp_X0G9WU' [d:/coding/computer_organization/exp2nd/micro/project_1/project_1.gen/sources_1/bd/design_1/synth/design_1.v:1625]
INFO: [Synth 8-6157] synthesizing module 'slct_imp_1L68LD6' [d:/coding/computer_organization/exp2nd/micro/project_1/project_1.gen/sources_1/bd/design_1/synth/design_1.v:1575]
INFO: [Synth 8-6157] synthesizing module 'design_1_and_gate_0_0' [D:/coding/computer_organization/exp2nd/micro/project_1/project_1.runs/synth_1/.Xil/Vivado-2216-Celore/realtime/design_1_and_gate_0_0_stub.v:6]
INFO: [Synth 8-6155] done synthesizing module 'design_1_and_gate_0_0' (0#1) [D:/coding/computer_organization/exp2nd/micro/project_1/project_1.runs/synth_1/.Xil/Vivado-2216-Celore/realtime/design_1_and_gate_0_0_stub.v:6]
INFO: [Synth 8-6157] synthesizing module 'design_1_and_gate_1_0' [D:/coding/computer_organization/exp2nd/micro/project_1/project_1.runs/synth_1/.Xil/Vivado-2216-Celore/realtime/design_1_and_gate_1_0_stub.v:6]
INFO: [Synth 8-6155] done synthesizing module 'design_1_and_gate_1_0' (0#1) [D:/coding/computer_organization/exp2nd/micro/project_1/project_1.runs/synth_1/.Xil/Vivado-2216-Celore/realtime/design_1_and_gate_1_0_stub.v:6]
INFO: [Synth 8-6157] synthesizing module 'design_1_and_gate_2_0' [D:/coding/computer_organization/exp2nd/micro/project_1/project_1.runs/synth_1/.Xil/Vivado-2216-Celore/realtime/design_1_and_gate_2_0_stub.v:6]
INFO: [Synth 8-6155] done synthesizing module 'design_1_and_gate_2_0' (0#1) [D:/coding/computer_organization/exp2nd/micro/project_1/project_1.runs/synth_1/.Xil/Vivado-2216-Celore/realtime/design_1_and_gate_2_0_stub.v:6]
INFO: [Synth 8-6157] synthesizing module 'design_1_or_gate_0_0' [D:/coding/computer_organization/exp2nd/micro/project_1/project_1.runs/synth_1/.Xil/Vivado-2216-Celore/realtime/design_1_or_gate_0_0_stub.v:6]
INFO: [Synth 8-6155] done synthesizing module 'design_1_or_gate_0_0' (0#1) [D:/coding/computer_organization/exp2nd/micro/project_1/project_1.runs/synth_1/.Xil/Vivado-2216-Celore/realtime/design_1_or_gate_0_0_stub.v:6]
INFO: [Synth 8-6157] synthesizing module 'design_1_or_gate_1_0' [D:/coding/computer_organization/exp2nd/micro/project_1/project_1.runs/synth_1/.Xil/Vivado-2216-Celore/realtime/design_1_or_gate_1_0_stub.v:6]
INFO: [Synth 8-6155] done synthesizing module 'design_1_or_gate_1_0' (0#1) [D:/coding/computer_organization/exp2nd/micro/project_1/project_1.runs/synth_1/.Xil/Vivado-2216-Celore/realtime/design_1_or_gate_1_0_stub.v:6]
INFO: [Synth 8-6155] done synthesizing module 'slct_imp_1L68LD6' (0#1) [d:/coding/computer_organization/exp2nd/micro/project_1/project_1.gen/sources_1/bd/design_1/synth/design_1.v:1575]
INFO: [Synth 8-6157] synthesizing module 'slct1_imp_67WTKY' [d:/coding/computer_organization/exp2nd/micro/project_1/project_1.gen/sources_1/bd/design_1/synth/design_1.v:1125]
INFO: [Synth 8-6157] synthesizing module 'design_1_and_gate_0_1' [D:/coding/computer_organization/exp2nd/micro/project_1/project_1.runs/synth_1/.Xil/Vivado-2216-Celore/realtime/design_1_and_gate_0_1_stub.v:6]
INFO: [Synth 8-6155] done synthesizing module 'design_1_and_gate_0_1' (0#1) [D:/coding/computer_organization/exp2nd/micro/project_1/project_1.runs/synth_1/.Xil/Vivado-2216-Celore/realtime/design_1_and_gate_0_1_stub.v:6]
INFO: [Synth 8-6157] synthesizing module 'design_1_and_gate_1_1' [D:/coding/computer_organization/exp2nd/micro/project_1/project_1.runs/synth_1/.Xil/Vivado-2216-Celore/realtime/design_1_and_gate_1_1_stub.v:6]
INFO: [Synth 8-6155] done synthesizing module 'design_1_and_gate_1_1' (0#1) [D:/coding/computer_organization/exp2nd/micro/project_1/project_1.runs/synth_1/.Xil/Vivado-2216-Celore/realtime/design_1_and_gate_1_1_stub.v:6]
INFO: [Synth 8-6157] synthesizing module 'design_1_and_gate_2_1' [D:/coding/computer_organization/exp2nd/micro/project_1/project_1.runs/synth_1/.Xil/Vivado-2216-Celore/realtime/design_1_and_gate_2_1_stub.v:6]
INFO: [Synth 8-6155] done synthesizing module 'design_1_and_gate_2_1' (0#1) [D:/coding/computer_organization/exp2nd/micro/project_1/project_1.runs/synth_1/.Xil/Vivado-2216-Celore/realtime/design_1_and_gate_2_1_stub.v:6]
INFO: [Synth 8-6157] synthesizing module 'design_1_or_gate_0_1' [D:/coding/computer_organization/exp2nd/micro/project_1/project_1.runs/synth_1/.Xil/Vivado-2216-Celore/realtime/design_1_or_gate_0_1_stub.v:6]
INFO: [Synth 8-6155] done synthesizing module 'design_1_or_gate_0_1' (0#1) [D:/coding/computer_organization/exp2nd/micro/project_1/project_1.runs/synth_1/.Xil/Vivado-2216-Celore/realtime/design_1_or_gate_0_1_stub.v:6]
INFO: [Synth 8-6157] synthesizing module 'design_1_or_gate_1_1' [D:/coding/computer_organization/exp2nd/micro/project_1/project_1.runs/synth_1/.Xil/Vivado-2216-Celore/realtime/design_1_or_gate_1_1_stub.v:6]
INFO: [Synth 8-6155] done synthesizing module 'design_1_or_gate_1_1' (0#1) [D:/coding/computer_organization/exp2nd/micro/project_1/project_1.runs/synth_1/.Xil/Vivado-2216-Celore/realtime/design_1_or_gate_1_1_stub.v:6]
INFO: [Synth 8-6155] done synthesizing module 'slct1_imp_67WTKY' (0#1) [d:/coding/computer_organization/exp2nd/micro/project_1/project_1.gen/sources_1/bd/design_1/synth/design_1.v:1125]
INFO: [Synth 8-6157] synthesizing module 'slct2_imp_DAI9S7' [d:/coding/computer_organization/exp2nd/micro/project_1/project_1.gen/sources_1/bd/design_1/synth/design_1.v:1175]
INFO: [Synth 8-6157] synthesizing module 'design_1_and_gate_0_2' [D:/coding/computer_organization/exp2nd/micro/project_1/project_1.runs/synth_1/.Xil/Vivado-2216-Celore/realtime/design_1_and_gate_0_2_stub.v:6]
INFO: [Synth 8-6155] done synthesizing module 'design_1_and_gate_0_2' (0#1) [D:/coding/computer_organization/exp2nd/micro/project_1/project_1.runs/synth_1/.Xil/Vivado-2216-Celore/realtime/design_1_and_gate_0_2_stub.v:6]
INFO: [Synth 8-6157] synthesizing module 'design_1_and_gate_1_2' [D:/coding/computer_organization/exp2nd/micro/project_1/project_1.runs/synth_1/.Xil/Vivado-2216-Celore/realtime/design_1_and_gate_1_2_stub.v:6]
INFO: [Synth 8-6155] done synthesizing module 'design_1_and_gate_1_2' (0#1) [D:/coding/computer_organization/exp2nd/micro/project_1/project_1.runs/synth_1/.Xil/Vivado-2216-Celore/realtime/design_1_and_gate_1_2_stub.v:6]
INFO: [Synth 8-6157] synthesizing module 'design_1_and_gate_2_2' [D:/coding/computer_organization/exp2nd/micro/project_1/project_1.runs/synth_1/.Xil/Vivado-2216-Celore/realtime/design_1_and_gate_2_2_stub.v:6]
INFO: [Synth 8-6155] done synthesizing module 'design_1_and_gate_2_2' (0#1) [D:/coding/computer_organization/exp2nd/micro/project_1/project_1.runs/synth_1/.Xil/Vivado-2216-Celore/realtime/design_1_and_gate_2_2_stub.v:6]
INFO: [Synth 8-6157] synthesizing module 'design_1_or_gate_0_2' [D:/coding/computer_organization/exp2nd/micro/project_1/project_1.runs/synth_1/.Xil/Vivado-2216-Celore/realtime/design_1_or_gate_0_2_stub.v:6]
INFO: [Synth 8-6155] done synthesizing module 'design_1_or_gate_0_2' (0#1) [D:/coding/computer_organization/exp2nd/micro/project_1/project_1.runs/synth_1/.Xil/Vivado-2216-Celore/realtime/design_1_or_gate_0_2_stub.v:6]
INFO: [Synth 8-6157] synthesizing module 'design_1_or_gate_1_2' [D:/coding/computer_organization/exp2nd/micro/project_1/project_1.runs/synth_1/.Xil/Vivado-2216-Celore/realtime/design_1_or_gate_1_2_stub.v:6]
INFO: [Synth 8-6155] done synthesizing module 'design_1_or_gate_1_2' (0#1) [D:/coding/computer_organization/exp2nd/micro/project_1/project_1.runs/synth_1/.Xil/Vivado-2216-Celore/realtime/design_1_or_gate_1_2_stub.v:6]
INFO: [Synth 8-6155] done synthesizing module 'slct2_imp_DAI9S7' (0#1) [d:/coding/computer_organization/exp2nd/micro/project_1/project_1.gen/sources_1/bd/design_1/synth/design_1.v:1175]
INFO: [Synth 8-6157] synthesizing module 'slct3_imp_FPHDMS' [d:/coding/computer_organization/exp2nd/micro/project_1/project_1.gen/sources_1/bd/design_1/synth/design_1.v:1225]
INFO: [Synth 8-6157] synthesizing module 'design_1_and_gate_0_3' [D:/coding/computer_organization/exp2nd/micro/project_1/project_1.runs/synth_1/.Xil/Vivado-2216-Celore/realtime/design_1_and_gate_0_3_stub.v:6]
INFO: [Synth 8-6155] done synthesizing module 'design_1_and_gate_0_3' (0#1) [D:/coding/computer_organization/exp2nd/micro/project_1/project_1.runs/synth_1/.Xil/Vivado-2216-Celore/realtime/design_1_and_gate_0_3_stub.v:6]
INFO: [Synth 8-6157] synthesizing module 'design_1_and_gate_1_3' [D:/coding/computer_organization/exp2nd/micro/project_1/project_1.runs/synth_1/.Xil/Vivado-2216-Celore/realtime/design_1_and_gate_1_3_stub.v:6]
INFO: [Synth 8-6155] done synthesizing module 'design_1_and_gate_1_3' (0#1) [D:/coding/computer_organization/exp2nd/micro/project_1/project_1.runs/synth_1/.Xil/Vivado-2216-Celore/realtime/design_1_and_gate_1_3_stub.v:6]
INFO: [Synth 8-6157] synthesizing module 'design_1_and_gate_2_3' [D:/coding/computer_organization/exp2nd/micro/project_1/project_1.runs/synth_1/.Xil/Vivado-2216-Celore/realtime/design_1_and_gate_2_3_stub.v:6]
INFO: [Synth 8-6155] done synthesizing module 'design_1_and_gate_2_3' (0#1) [D:/coding/computer_organization/exp2nd/micro/project_1/project_1.runs/synth_1/.Xil/Vivado-2216-Celore/realtime/design_1_and_gate_2_3_stub.v:6]
INFO: [Synth 8-6157] synthesizing module 'design_1_or_gate_0_3' [D:/coding/computer_organization/exp2nd/micro/project_1/project_1.runs/synth_1/.Xil/Vivado-2216-Celore/realtime/design_1_or_gate_0_3_stub.v:6]
INFO: [Synth 8-6155] done synthesizing module 'design_1_or_gate_0_3' (0#1) [D:/coding/computer_organization/exp2nd/micro/project_1/project_1.runs/synth_1/.Xil/Vivado-2216-Celore/realtime/design_1_or_gate_0_3_stub.v:6]
INFO: [Synth 8-6157] synthesizing module 'design_1_or_gate_1_3' [D:/coding/computer_organization/exp2nd/micro/project_1/project_1.runs/synth_1/.Xil/Vivado-2216-Celore/realtime/design_1_or_gate_1_3_stub.v:6]
INFO: [Synth 8-6155] done synthesizing module 'design_1_or_gate_1_3' (0#1) [D:/coding/computer_organization/exp2nd/micro/project_1/project_1.runs/synth_1/.Xil/Vivado-2216-Celore/realtime/design_1_or_gate_1_3_stub.v:6]
INFO: [Synth 8-6155] done synthesizing module 'slct3_imp_FPHDMS' (0#1) [d:/coding/computer_organization/exp2nd/micro/project_1/project_1.gen/sources_1/bd/design_1/synth/design_1.v:1225]
INFO: [Synth 8-6157] synthesizing module 'slct4_imp_PSV7V1' [d:/coding/computer_organization/exp2nd/micro/project_1/project_1.gen/sources_1/bd/design_1/synth/design_1.v:1275]
INFO: [Synth 8-6157] synthesizing module 'design_1_and_gate_0_4' [D:/coding/computer_organization/exp2nd/micro/project_1/project_1.runs/synth_1/.Xil/Vivado-2216-Celore/realtime/design_1_and_gate_0_4_stub.v:6]
INFO: [Synth 8-6155] done synthesizing module 'design_1_and_gate_0_4' (0#1) [D:/coding/computer_organization/exp2nd/micro/project_1/project_1.runs/synth_1/.Xil/Vivado-2216-Celore/realtime/design_1_and_gate_0_4_stub.v:6]
INFO: [Synth 8-6157] synthesizing module 'design_1_and_gate_1_4' [D:/coding/computer_organization/exp2nd/micro/project_1/project_1.runs/synth_1/.Xil/Vivado-2216-Celore/realtime/design_1_and_gate_1_4_stub.v:6]
INFO: [Synth 8-6155] done synthesizing module 'design_1_and_gate_1_4' (0#1) [D:/coding/computer_organization/exp2nd/micro/project_1/project_1.runs/synth_1/.Xil/Vivado-2216-Celore/realtime/design_1_and_gate_1_4_stub.v:6]
INFO: [Synth 8-6157] synthesizing module 'design_1_and_gate_2_4' [D:/coding/computer_organization/exp2nd/micro/project_1/project_1.runs/synth_1/.Xil/Vivado-2216-Celore/realtime/design_1_and_gate_2_4_stub.v:6]
INFO: [Synth 8-6155] done synthesizing module 'design_1_and_gate_2_4' (0#1) [D:/coding/computer_organization/exp2nd/micro/project_1/project_1.runs/synth_1/.Xil/Vivado-2216-Celore/realtime/design_1_and_gate_2_4_stub.v:6]
INFO: [Synth 8-6157] synthesizing module 'design_1_or_gate_0_4' [D:/coding/computer_organization/exp2nd/micro/project_1/project_1.runs/synth_1/.Xil/Vivado-2216-Celore/realtime/design_1_or_gate_0_4_stub.v:6]
INFO: [Synth 8-6155] done synthesizing module 'design_1_or_gate_0_4' (0#1) [D:/coding/computer_organization/exp2nd/micro/project_1/project_1.runs/synth_1/.Xil/Vivado-2216-Celore/realtime/design_1_or_gate_0_4_stub.v:6]
INFO: [Synth 8-6157] synthesizing module 'design_1_or_gate_1_4' [D:/coding/computer_organization/exp2nd/micro/project_1/project_1.runs/synth_1/.Xil/Vivado-2216-Celore/realtime/design_1_or_gate_1_4_stub.v:6]
INFO: [Synth 8-6155] done synthesizing module 'design_1_or_gate_1_4' (0#1) [D:/coding/computer_organization/exp2nd/micro/project_1/project_1.runs/synth_1/.Xil/Vivado-2216-Celore/realtime/design_1_or_gate_1_4_stub.v:6]
INFO: [Synth 8-6155] done synthesizing module 'slct4_imp_PSV7V1' (0#1) [d:/coding/computer_organization/exp2nd/micro/project_1/project_1.gen/sources_1/bd/design_1/synth/design_1.v:1275]
INFO: [Synth 8-6157] synthesizing module 'slct5_imp_KYEWGE' [d:/coding/computer_organization/exp2nd/micro/project_1/project_1.gen/sources_1/bd/design_1/synth/design_1.v:1325]
INFO: [Synth 8-6157] synthesizing module 'design_1_and_gate_0_5' [D:/coding/computer_organization/exp2nd/micro/project_1/project_1.runs/synth_1/.Xil/Vivado-2216-Celore/realtime/design_1_and_gate_0_5_stub.v:6]
INFO: [Synth 8-6155] done synthesizing module 'design_1_and_gate_0_5' (0#1) [D:/coding/computer_organization/exp2nd/micro/project_1/project_1.runs/synth_1/.Xil/Vivado-2216-Celore/realtime/design_1_and_gate_0_5_stub.v:6]
INFO: [Synth 8-6157] synthesizing module 'design_1_and_gate_1_5' [D:/coding/computer_organization/exp2nd/micro/project_1/project_1.runs/synth_1/.Xil/Vivado-2216-Celore/realtime/design_1_and_gate_1_5_stub.v:6]
INFO: [Synth 8-6155] done synthesizing module 'design_1_and_gate_1_5' (0#1) [D:/coding/computer_organization/exp2nd/micro/project_1/project_1.runs/synth_1/.Xil/Vivado-2216-Celore/realtime/design_1_and_gate_1_5_stub.v:6]
INFO: [Synth 8-6157] synthesizing module 'design_1_and_gate_2_5' [D:/coding/computer_organization/exp2nd/micro/project_1/project_1.runs/synth_1/.Xil/Vivado-2216-Celore/realtime/design_1_and_gate_2_5_stub.v:6]
INFO: [Synth 8-6155] done synthesizing module 'design_1_and_gate_2_5' (0#1) [D:/coding/computer_organization/exp2nd/micro/project_1/project_1.runs/synth_1/.Xil/Vivado-2216-Celore/realtime/design_1_and_gate_2_5_stub.v:6]
INFO: [Synth 8-6157] synthesizing module 'design_1_or_gate_0_5' [D:/coding/computer_organization/exp2nd/micro/project_1/project_1.runs/synth_1/.Xil/Vivado-2216-Celore/realtime/design_1_or_gate_0_5_stub.v:6]
INFO: [Synth 8-6155] done synthesizing module 'design_1_or_gate_0_5' (0#1) [D:/coding/computer_organization/exp2nd/micro/project_1/project_1.runs/synth_1/.Xil/Vivado-2216-Celore/realtime/design_1_or_gate_0_5_stub.v:6]
INFO: [Synth 8-6157] synthesizing module 'design_1_or_gate_1_5' [D:/coding/computer_organization/exp2nd/micro/project_1/project_1.runs/synth_1/.Xil/Vivado-2216-Celore/realtime/design_1_or_gate_1_5_stub.v:6]
INFO: [Synth 8-6155] done synthesizing module 'design_1_or_gate_1_5' (0#1) [D:/coding/computer_organization/exp2nd/micro/project_1/project_1.runs/synth_1/.Xil/Vivado-2216-Celore/realtime/design_1_or_gate_1_5_stub.v:6]
INFO: [Synth 8-6155] done synthesizing module 'slct5_imp_KYEWGE' (0#1) [d:/coding/computer_organization/exp2nd/micro/project_1/project_1.gen/sources_1/bd/design_1/synth/design_1.v:1325]
INFO: [Synth 8-6157] synthesizing module 'slct6_imp_VN6HHN' [d:/coding/computer_organization/exp2nd/micro/project_1/project_1.gen/sources_1/bd/design_1/synth/design_1.v:1375]
INFO: [Synth 8-6157] synthesizing module 'design_1_and_gate_0_6' [D:/coding/computer_organization/exp2nd/micro/project_1/project_1.runs/synth_1/.Xil/Vivado-2216-Celore/realtime/design_1_and_gate_0_6_stub.v:6]
INFO: [Synth 8-6155] done synthesizing module 'design_1_and_gate_0_6' (0#1) [D:/coding/computer_organization/exp2nd/micro/project_1/project_1.runs/synth_1/.Xil/Vivado-2216-Celore/realtime/design_1_and_gate_0_6_stub.v:6]
INFO: [Synth 8-6157] synthesizing module 'design_1_and_gate_1_6' [D:/coding/computer_organization/exp2nd/micro/project_1/project_1.runs/synth_1/.Xil/Vivado-2216-Celore/realtime/design_1_and_gate_1_6_stub.v:6]
INFO: [Synth 8-6155] done synthesizing module 'design_1_and_gate_1_6' (0#1) [D:/coding/computer_organization/exp2nd/micro/project_1/project_1.runs/synth_1/.Xil/Vivado-2216-Celore/realtime/design_1_and_gate_1_6_stub.v:6]
INFO: [Synth 8-6157] synthesizing module 'design_1_and_gate_2_6' [D:/coding/computer_organization/exp2nd/micro/project_1/project_1.runs/synth_1/.Xil/Vivado-2216-Celore/realtime/design_1_and_gate_2_6_stub.v:6]
INFO: [Synth 8-6155] done synthesizing module 'design_1_and_gate_2_6' (0#1) [D:/coding/computer_organization/exp2nd/micro/project_1/project_1.runs/synth_1/.Xil/Vivado-2216-Celore/realtime/design_1_and_gate_2_6_stub.v:6]
INFO: [Synth 8-6157] synthesizing module 'design_1_or_gate_0_6' [D:/coding/computer_organization/exp2nd/micro/project_1/project_1.runs/synth_1/.Xil/Vivado-2216-Celore/realtime/design_1_or_gate_0_6_stub.v:6]
INFO: [Synth 8-6155] done synthesizing module 'design_1_or_gate_0_6' (0#1) [D:/coding/computer_organization/exp2nd/micro/project_1/project_1.runs/synth_1/.Xil/Vivado-2216-Celore/realtime/design_1_or_gate_0_6_stub.v:6]
INFO: [Synth 8-6157] synthesizing module 'design_1_or_gate_1_6' [D:/coding/computer_organization/exp2nd/micro/project_1/project_1.runs/synth_1/.Xil/Vivado-2216-Celore/realtime/design_1_or_gate_1_6_stub.v:6]
INFO: [Synth 8-6155] done synthesizing module 'design_1_or_gate_1_6' (0#1) [D:/coding/computer_organization/exp2nd/micro/project_1/project_1.runs/synth_1/.Xil/Vivado-2216-Celore/realtime/design_1_or_gate_1_6_stub.v:6]
INFO: [Synth 8-6155] done synthesizing module 'slct6_imp_VN6HHN' (0#1) [d:/coding/computer_organization/exp2nd/micro/project_1/project_1.gen/sources_1/bd/design_1/synth/design_1.v:1375]
INFO: [Synth 8-6157] synthesizing module 'slct7_imp_S59KJS' [d:/coding/computer_organization/exp2nd/micro/project_1/project_1.gen/sources_1/bd/design_1/synth/design_1.v:1425]
INFO: [Synth 8-6157] synthesizing module 'design_1_and_gate_0_7' [D:/coding/computer_organization/exp2nd/micro/project_1/project_1.runs/synth_1/.Xil/Vivado-2216-Celore/realtime/design_1_and_gate_0_7_stub.v:6]
INFO: [Synth 8-6155] done synthesizing module 'design_1_and_gate_0_7' (0#1) [D:/coding/computer_organization/exp2nd/micro/project_1/project_1.runs/synth_1/.Xil/Vivado-2216-Celore/realtime/design_1_and_gate_0_7_stub.v:6]
INFO: [Synth 8-6157] synthesizing module 'design_1_and_gate_1_7' [D:/coding/computer_organization/exp2nd/micro/project_1/project_1.runs/synth_1/.Xil/Vivado-2216-Celore/realtime/design_1_and_gate_1_7_stub.v:6]
INFO: [Common 17-14] Message 'Synth 8-6157' appears 100 times and further instances of the messages will be disabled. Use the Tcl command set_msg_config to change the current settings.
INFO: [Synth 8-6155] done synthesizing module 'design_1_and_gate_1_7' (0#1) [D:/coding/computer_organization/exp2nd/micro/project_1/project_1.runs/synth_1/.Xil/Vivado-2216-Celore/realtime/design_1_and_gate_1_7_stub.v:6]
INFO: [Synth 8-6155] done synthesizing module 'design_1_and_gate_2_7' (0#1) [D:/coding/computer_organization/exp2nd/micro/project_1/project_1.runs/synth_1/.Xil/Vivado-2216-Celore/realtime/design_1_and_gate_2_7_stub.v:6]
INFO: [Synth 8-6155] done synthesizing module 'design_1_or_gate_0_7' (0#1) [D:/coding/computer_organization/exp2nd/micro/project_1/project_1.runs/synth_1/.Xil/Vivado-2216-Celore/realtime/design_1_or_gate_0_7_stub.v:6]
INFO: [Synth 8-6155] done synthesizing module 'design_1_or_gate_1_7' (0#1) [D:/coding/computer_organization/exp2nd/micro/project_1/project_1.runs/synth_1/.Xil/Vivado-2216-Celore/realtime/design_1_or_gate_1_7_stub.v:6]
INFO: [Synth 8-6155] done synthesizing module 'slct7_imp_S59KJS' (0#1) [d:/coding/computer_organization/exp2nd/micro/project_1/project_1.gen/sources_1/bd/design_1/synth/design_1.v:1425]
INFO: [Synth 8-6155] done synthesizing module 'design_1_and_gate_0_8' (0#1) [D:/coding/computer_organization/exp2nd/micro/project_1/project_1.runs/synth_1/.Xil/Vivado-2216-Celore/realtime/design_1_and_gate_0_8_stub.v:6]
INFO: [Common 17-14] Message 'Synth 8-6155' appears 100 times and further instances of the messages will be disabled. Use the Tcl command set_msg_config to change the current settings.
WARNING: [Synth 8-7071] port 'CO' of module 'design_1_ic_74161_1_1' is unconnected for instance 'ic_74161_1' [d:/coding/computer_organization/exp2nd/micro/project_1/project_1.gen/sources_1/bd/design_1/synth/design_1.v:1105]
WARNING: [Synth 8-7023] instance 'ic_74161_1' of module 'design_1_ic_74161_1_1' has 8 connections declared, but only 7 given [d:/coding/computer_organization/exp2nd/micro/project_1/project_1.gen/sources_1/bd/design_1/synth/design_1.v:1105]
WARNING: [Synth 8-7071] port 'o9' of module 'design_1_pc_0_0' is unconnected for instance 'pc_0' [d:/coding/computer_organization/exp2nd/micro/project_1/project_1.gen/sources_1/bd/design_1/synth/design_1.v:972]
WARNING: [Synth 8-7071] port 'o8' of module 'design_1_pc_0_0' is unconnected for instance 'pc_0' [d:/coding/computer_organization/exp2nd/micro/project_1/project_1.gen/sources_1/bd/design_1/synth/design_1.v:972]
WARNING: [Synth 8-7071] port 'o7' of module 'design_1_pc_0_0' is unconnected for instance 'pc_0' [d:/coding/computer_organization/exp2nd/micro/project_1/project_1.gen/sources_1/bd/design_1/synth/design_1.v:972]
WARNING: [Synth 8-7071] port 'o4' of module 'design_1_pc_0_0' is unconnected for instance 'pc_0' [d:/coding/computer_organization/exp2nd/micro/project_1/project_1.gen/sources_1/bd/design_1/synth/design_1.v:972]
WARNING: [Synth 8-7071] port 'o3' of module 'design_1_pc_0_0' is unconnected for instance 'pc_0' [d:/coding/computer_organization/exp2nd/micro/project_1/project_1.gen/sources_1/bd/design_1/synth/design_1.v:972]
WARNING: [Synth 8-7071] port 'o2' of module 'design_1_pc_0_0' is unconnected for instance 'pc_0' [d:/coding/computer_organization/exp2nd/micro/project_1/project_1.gen/sources_1/bd/design_1/synth/design_1.v:972]
WARNING: [Synth 8-7071] port 'o1' of module 'design_1_pc_0_0' is unconnected for instance 'pc_0' [d:/coding/computer_organization/exp2nd/micro/project_1/project_1.gen/sources_1/bd/design_1/synth/design_1.v:972]
WARNING: [Synth 8-7071] port 'o' of module 'design_1_pc_0_0' is unconnected for instance 'pc_0' [d:/coding/computer_organization/exp2nd/micro/project_1/project_1.gen/sources_1/bd/design_1/synth/design_1.v:972]
WARNING: [Synth 8-7023] instance 'pc_0' of module 'design_1_pc_0_0' has 18 connections declared, but only 10 given [d:/coding/computer_organization/exp2nd/micro/project_1/project_1.gen/sources_1/bd/design_1/synth/design_1.v:972]
---------------------------------------------------------------------------------
Finished RTL Elaboration : Time (s): cpu = 00:00:15 ; elapsed = 00:00:17 . Memory (MB): peak = 1269.320 ; gain = 584.086
---------------------------------------------------------------------------------
---------------------------------------------------------------------------------
Start Handling Custom Attributes
---------------------------------------------------------------------------------
---------------------------------------------------------------------------------
Finished Handling Custom Attributes : Time (s): cpu = 00:00:15 ; elapsed = 00:00:17 . Memory (MB): peak = 1269.320 ; gain = 584.086
---------------------------------------------------------------------------------
---------------------------------------------------------------------------------
Finished RTL Optimization Phase 1 : Time (s): cpu = 00:00:15 ; elapsed = 00:00:17 . Memory (MB): peak = 1269.320 ; gain = 584.086
---------------------------------------------------------------------------------
Netlist sorting complete. Time (s): cpu = 00:00:00 ; elapsed = 00:00:00.008 . Memory (MB): peak = 1269.320 ; gain = 0.000
INFO: [Project 1-570] Preparing netlist for logic optimization

Processing XDC Constraints
Initializing timing engine
Parsing XDC File [d:/coding/computer_organization/exp2nd/micro/project_1/project_1.gen/sources_1/bd/design_1/ip/design_1_cg_fpga_0_0/design_1_cg_fpga_0_0/design_1_cg_fpga_0_0_in_context.xdc] for cell 'design_1_i/cg_fpga_0'
Finished Parsing XDC File [d:/coding/computer_organization/exp2nd/micro/project_1/project_1.gen/sources_1/bd/design_1/ip/design_1_cg_fpga_0_0/design_1_cg_fpga_0_0/design_1_cg_fpga_0_0_in_context.xdc] for cell 'design_1_i/cg_fpga_0'
Parsing XDC File [d:/coding/computer_organization/exp2nd/micro/project_1/project_1.gen/sources_1/bd/design_1/ip/design_1_bus_to_group_0_0/design_1_bus_to_group_0_0/design_1_bus_to_group_0_0_in_context.xdc] for cell 'design_1_i/adder/bus_to_group_0'
Finished Parsing XDC File [d:/coding/computer_organization/exp2nd/micro/project_1/project_1.gen/sources_1/bd/design_1/ip/design_1_bus_to_group_0_0/design_1_bus_to_group_0_0/design_1_bus_to_group_0_0_in_context.xdc] for cell 'design_1_i/adder/bus_to_group_0'
Parsing XDC File [d:/coding/computer_organization/exp2nd/micro/project_1/project_1.gen/sources_1/bd/design_1/ip/design_1_bus_to_group_1_0/design_1_bus_to_group_1_0/design_1_bus_to_group_1_0_in_context.xdc] for cell 'design_1_i/adder/bus_to_group_1'
Finished Parsing XDC File [d:/coding/computer_organization/exp2nd/micro/project_1/project_1.gen/sources_1/bd/design_1/ip/design_1_bus_to_group_1_0/design_1_bus_to_group_1_0/design_1_bus_to_group_1_0_in_context.xdc] for cell 'design_1_i/adder/bus_to_group_1'
Parsing XDC File [d:/coding/computer_organization/exp2nd/micro/project_1/project_1.gen/sources_1/bd/design_1/ip/design_1_single_4_to_bus_2_0/design_1_single_4_to_bus_2_0/design_1_single_4_to_bus_2_0_in_context.xdc] for cell 'design_1_i/adder/single_4_to_bus_2'
Finished Parsing XDC File [d:/coding/computer_organization/exp2nd/micro/project_1/project_1.gen/sources_1/bd/design_1/ip/design_1_single_4_to_bus_2_0/design_1_single_4_to_bus_2_0/design_1_single_4_to_bus_2_0_in_context.xdc] for cell 'design_1_i/adder/single_4_to_bus_2'
Parsing XDC File [d:/coding/computer_organization/exp2nd/micro/project_1/project_1.gen/sources_1/bd/design_1/ip/design_1_alu_74181_3_0/design_1_alu_74181_3_0/design_1_alu_74181_3_0_in_context.xdc] for cell 'design_1_i/adder/alu_74181_3'
Finished Parsing XDC File [d:/coding/computer_organization/exp2nd/micro/project_1/project_1.gen/sources_1/bd/design_1/ip/design_1_alu_74181_3_0/design_1_alu_74181_3_0/design_1_alu_74181_3_0_in_context.xdc] for cell 'design_1_i/adder/alu_74181_3'
Parsing XDC File [d:/coding/computer_organization/exp2nd/micro/project_1/project_1.gen/sources_1/bd/design_1/ip/design_1_alu_74181_2_0/design_1_alu_74181_2_0/design_1_alu_74181_2_0_in_context.xdc] for cell 'design_1_i/adder/alu_74181_2'
Finished Parsing XDC File [d:/coding/computer_organization/exp2nd/micro/project_1/project_1.gen/sources_1/bd/design_1/ip/design_1_alu_74181_2_0/design_1_alu_74181_2_0/design_1_alu_74181_2_0_in_context.xdc] for cell 'design_1_i/adder/alu_74181_2'
Parsing XDC File [d:/coding/computer_organization/exp2nd/micro/project_1/project_1.gen/sources_1/bd/design_1/ip/design_1_alu_74181_1_0/design_1_alu_74181_1_0/design_1_alu_74181_1_0_in_context.xdc] for cell 'design_1_i/adder/alu_74181_1'
Finished Parsing XDC File [d:/coding/computer_organization/exp2nd/micro/project_1/project_1.gen/sources_1/bd/design_1/ip/design_1_alu_74181_1_0/design_1_alu_74181_1_0/design_1_alu_74181_1_0_in_context.xdc] for cell 'design_1_i/adder/alu_74181_1'
Parsing XDC File [d:/coding/computer_organization/exp2nd/micro/project_1/project_1.gen/sources_1/bd/design_1/ip/design_1_alu_74181_0_0/design_1_alu_74181_0_0/design_1_alu_74181_0_0_in_context.xdc] for cell 'design_1_i/adder/alu_74181_0'
Finished Parsing XDC File [d:/coding/computer_organization/exp2nd/micro/project_1/project_1.gen/sources_1/bd/design_1/ip/design_1_alu_74181_0_0/design_1_alu_74181_0_0/design_1_alu_74181_0_0_in_context.xdc] for cell 'design_1_i/adder/alu_74181_0'
Parsing XDC File [d:/coding/computer_organization/exp2nd/micro/project_1/project_1.gen/sources_1/bd/design_1/ip/design_1_single_4_to_bus_0_0/design_1_single_4_to_bus_0_0/design_1_single_4_to_bus_0_0_in_context.xdc] for cell 'design_1_i/adder/single_4_to_bus_0'
Finished Parsing XDC File [d:/coding/computer_organization/exp2nd/micro/project_1/project_1.gen/sources_1/bd/design_1/ip/design_1_single_4_to_bus_0_0/design_1_single_4_to_bus_0_0/design_1_single_4_to_bus_0_0_in_context.xdc] for cell 'design_1_i/adder/single_4_to_bus_0'
Parsing XDC File [d:/coding/computer_organization/exp2nd/micro/project_1/project_1.gen/sources_1/bd/design_1/ip/design_1_single_4_to_bus_1_0/design_1_single_4_to_bus_1_0/design_1_single_4_to_bus_1_0_in_context.xdc] for cell 'design_1_i/adder/single_4_to_bus_1'
Finished Parsing XDC File [d:/coding/computer_organization/exp2nd/micro/project_1/project_1.gen/sources_1/bd/design_1/ip/design_1_single_4_to_bus_1_0/design_1_single_4_to_bus_1_0/design_1_single_4_to_bus_1_0_in_context.xdc] for cell 'design_1_i/adder/single_4_to_bus_1'
Parsing XDC File [d:/coding/computer_organization/exp2nd/micro/project_1/project_1.gen/sources_1/bd/design_1/ip/design_1_group_to_bus_0_0/design_1_group_to_bus_0_0/design_1_group_to_bus_0_0_in_context.xdc] for cell 'design_1_i/adder/group_to_bus_0'
Finished Parsing XDC File [d:/coding/computer_organization/exp2nd/micro/project_1/project_1.gen/sources_1/bd/design_1/ip/design_1_group_to_bus_0_0/design_1_group_to_bus_0_0/design_1_group_to_bus_0_0_in_context.xdc] for cell 'design_1_i/adder/group_to_bus_0'
Parsing XDC File [d:/coding/computer_organization/exp2nd/micro/project_1/project_1.gen/sources_1/bd/design_1/ip/design_1_carry_lookahead_74182_0_0/design_1_carry_lookahead_74182_0_0/design_1_carry_lookahead_74182_0_0_in_context.xdc] for cell 'design_1_i/adder/carry_lookahead_74182_0'
Finished Parsing XDC File [d:/coding/computer_organization/exp2nd/micro/project_1/project_1.gen/sources_1/bd/design_1/ip/design_1_carry_lookahead_74182_0_0/design_1_carry_lookahead_74182_0_0/design_1_carry_lookahead_74182_0_0_in_context.xdc] for cell 'design_1_i/adder/carry_lookahead_74182_0'
Parsing XDC File [d:/coding/computer_organization/exp2nd/micro/project_1/project_1.gen/sources_1/bd/design_1/ip/design_1_bus_to_single_3_0_0/design_1_bus_to_single_3_0_0/design_1_bus_to_single_3_0_0_in_context.xdc] for cell 'design_1_i/adder/bus_to_single_3_0'
Finished Parsing XDC File [d:/coding/computer_organization/exp2nd/micro/project_1/project_1.gen/sources_1/bd/design_1/ip/design_1_bus_to_single_3_0_0/design_1_bus_to_single_3_0_0/design_1_bus_to_single_3_0_0_in_context.xdc] for cell 'design_1_i/adder/bus_to_single_3_0'
Parsing XDC File [d:/coding/computer_organization/exp2nd/micro/project_1/project_1.gen/sources_1/bd/design_1/ip/design_1_and_gate_0_11/design_1_and_gate_0_11/design_1_and_gate_0_11_in_context.xdc] for cell 'design_1_i/pc/and_gate_0'
Finished Parsing XDC File [d:/coding/computer_organization/exp2nd/micro/project_1/project_1.gen/sources_1/bd/design_1/ip/design_1_and_gate_0_11/design_1_and_gate_0_11/design_1_and_gate_0_11_in_context.xdc] for cell 'design_1_i/pc/and_gate_0'
Parsing XDC File [d:/coding/computer_organization/exp2nd/micro/project_1/project_1.gen/sources_1/bd/design_1/ip/design_1_group_to_bus_8_0_0_0/design_1_group_to_bus_8_0_0_0/design_1_group_to_bus_8_0_0_0_in_context.xdc] for cell 'design_1_i/pc/group_to_bus_8_0_0'
Finished Parsing XDC File [d:/coding/computer_organization/exp2nd/micro/project_1/project_1.gen/sources_1/bd/design_1/ip/design_1_group_to_bus_8_0_0_0/design_1_group_to_bus_8_0_0_0/design_1_group_to_bus_8_0_0_0_in_context.xdc] for cell 'design_1_i/pc/group_to_bus_8_0_0'
Parsing XDC File [d:/coding/computer_organization/exp2nd/micro/project_1/project_1.gen/sources_1/bd/design_1/ip/design_1_ic_74161_0_1/design_1_ic_74161_0_1/design_1_ic_74161_0_1_in_context.xdc] for cell 'design_1_i/pc/ic_74161_0'
Finished Parsing XDC File [d:/coding/computer_organization/exp2nd/micro/project_1/project_1.gen/sources_1/bd/design_1/ip/design_1_ic_74161_0_1/design_1_ic_74161_0_1/design_1_ic_74161_0_1_in_context.xdc] for cell 'design_1_i/pc/ic_74161_0'
Parsing XDC File [d:/coding/computer_organization/exp2nd/micro/project_1/project_1.gen/sources_1/bd/design_1/ip/design_1_ic_74161_1_1/design_1_ic_74161_1_1/design_1_ic_74161_1_1_in_context.xdc] for cell 'design_1_i/pc/ic_74161_1'
Finished Parsing XDC File [d:/coding/computer_organization/exp2nd/micro/project_1/project_1.gen/sources_1/bd/design_1/ip/design_1_ic_74161_1_1/design_1_ic_74161_1_1/design_1_ic_74161_1_1_in_context.xdc] for cell 'design_1_i/pc/ic_74161_1'
Parsing XDC File [d:/coding/computer_organization/exp2nd/micro/project_1/project_1.gen/sources_1/bd/design_1/ip/design_1_register_16bit_0_0/design_1_register_16bit_0_0/design_1_register_16bit_0_0_in_context.xdc] for cell 'design_1_i/pc/register_16bit_0'
Finished Parsing XDC File [d:/coding/computer_organization/exp2nd/micro/project_1/project_1.gen/sources_1/bd/design_1/ip/design_1_register_16bit_0_0/design_1_register_16bit_0_0/design_1_register_16bit_0_0_in_context.xdc] for cell 'design_1_i/pc/register_16bit_0'
Parsing XDC File [d:/coding/computer_organization/exp2nd/micro/project_1/project_1.gen/sources_1/bd/design_1/ip/design_1_trans_0_1/design_1_trans_0_1/design_1_trans_0_1_in_context.xdc] for cell 'design_1_i/pc/trans_0'
Finished Parsing XDC File [d:/coding/computer_organization/exp2nd/micro/project_1/project_1.gen/sources_1/bd/design_1/ip/design_1_trans_0_1/design_1_trans_0_1/design_1_trans_0_1_in_context.xdc] for cell 'design_1_i/pc/trans_0'
Parsing XDC File [d:/coding/computer_organization/exp2nd/micro/project_1/project_1.gen/sources_1/bd/design_1/ip/design_1_pc_0_0/design_1_pc_0_0/design_1_pc_0_0_in_context.xdc] for cell 'design_1_i/pc_0'
Finished Parsing XDC File [d:/coding/computer_organization/exp2nd/micro/project_1/project_1.gen/sources_1/bd/design_1/ip/design_1_pc_0_0/design_1_pc_0_0/design_1_pc_0_0_in_context.xdc] for cell 'design_1_i/pc_0'
Parsing XDC File [d:/coding/computer_organization/exp2nd/micro/project_1/project_1.gen/sources_1/bd/design_1/ip/design_1_register_16bit_0_1/design_1_register_16bit_0_1/design_1_register_16bit_0_1_in_context.xdc] for cell 'design_1_i/register_16bit_0'
Finished Parsing XDC File [d:/coding/computer_organization/exp2nd/micro/project_1/project_1.gen/sources_1/bd/design_1/ip/design_1_register_16bit_0_1/design_1_register_16bit_0_1/design_1_register_16bit_0_1_in_context.xdc] for cell 'design_1_i/register_16bit_0'
Parsing XDC File [d:/coding/computer_organization/exp2nd/micro/project_1/project_1.gen/sources_1/bd/design_1/ip/design_1_bus_mux_16_0_0/design_1_bus_mux_16_0_0/design_1_bus_mux_16_0_0_in_context.xdc] for cell 'design_1_i/bus_mux_16_0'
Finished Parsing XDC File [d:/coding/computer_organization/exp2nd/micro/project_1/project_1.gen/sources_1/bd/design_1/ip/design_1_bus_mux_16_0_0/design_1_bus_mux_16_0_0/design_1_bus_mux_16_0_0_in_context.xdc] for cell 'design_1_i/bus_mux_16_0'
Parsing XDC File [d:/coding/computer_organization/exp2nd/micro/project_1/project_1.gen/sources_1/bd/design_1/ip/design_1_register_16bit_1_0/design_1_register_16bit_1_0/design_1_register_16bit_1_0_in_context.xdc] for cell 'design_1_i/register_16bit_1'
Finished Parsing XDC File [d:/coding/computer_organization/exp2nd/micro/project_1/project_1.gen/sources_1/bd/design_1/ip/design_1_register_16bit_1_0/design_1_register_16bit_1_0/design_1_register_16bit_1_0_in_context.xdc] for cell 'design_1_i/register_16bit_1'
Parsing XDC File [d:/coding/computer_organization/exp2nd/micro/project_1/project_1.gen/sources_1/bd/design_1/ip/design_1_register_16bit_2_0/design_1_register_16bit_2_0/design_1_register_16bit_2_0_in_context.xdc] for cell 'design_1_i/register_16bit_2'
Finished Parsing XDC File [d:/coding/computer_organization/exp2nd/micro/project_1/project_1.gen/sources_1/bd/design_1/ip/design_1_register_16bit_2_0/design_1_register_16bit_2_0/design_1_register_16bit_2_0_in_context.xdc] for cell 'design_1_i/register_16bit_2'
Parsing XDC File [d:/coding/computer_organization/exp2nd/micro/project_1/project_1.gen/sources_1/bd/design_1/ip/design_1_register_16bit_3_0/design_1_register_16bit_3_0/design_1_register_16bit_3_0_in_context.xdc] for cell 'design_1_i/register_16bit_3'
Finished Parsing XDC File [d:/coding/computer_organization/exp2nd/micro/project_1/project_1.gen/sources_1/bd/design_1/ip/design_1_register_16bit_3_0/design_1_register_16bit_3_0/design_1_register_16bit_3_0_in_context.xdc] for cell 'design_1_i/register_16bit_3'
Parsing XDC File [d:/coding/computer_organization/exp2nd/micro/project_1/project_1.gen/sources_1/bd/design_1/ip/design_1_register_16bit_4_0/design_1_register_16bit_4_0/design_1_register_16bit_4_0_in_context.xdc] for cell 'design_1_i/register_16bit_4'
Finished Parsing XDC File [d:/coding/computer_organization/exp2nd/micro/project_1/project_1.gen/sources_1/bd/design_1/ip/design_1_register_16bit_4_0/design_1_register_16bit_4_0/design_1_register_16bit_4_0_in_context.xdc] for cell 'design_1_i/register_16bit_4'
Parsing XDC File [d:/coding/computer_organization/exp2nd/micro/project_1/project_1.gen/sources_1/bd/design_1/ip/design_1_register_16bit_5_0/design_1_register_16bit_5_0/design_1_register_16bit_5_0_in_context.xdc] for cell 'design_1_i/register_16bit_5'
Finished Parsing XDC File [d:/coding/computer_organization/exp2nd/micro/project_1/project_1.gen/sources_1/bd/design_1/ip/design_1_register_16bit_5_0/design_1_register_16bit_5_0/design_1_register_16bit_5_0_in_context.xdc] for cell 'design_1_i/register_16bit_5'
Parsing XDC File [d:/coding/computer_organization/exp2nd/micro/project_1/project_1.gen/sources_1/bd/design_1/ip/design_1_register_16bit_6_0/design_1_register_16bit_6_0/design_1_register_16bit_6_0_in_context.xdc] for cell 'design_1_i/register_16bit_6'
Finished Parsing XDC File [d:/coding/computer_organization/exp2nd/micro/project_1/project_1.gen/sources_1/bd/design_1/ip/design_1_register_16bit_6_0/design_1_register_16bit_6_0/design_1_register_16bit_6_0_in_context.xdc] for cell 'design_1_i/register_16bit_6'
Parsing XDC File [d:/coding/computer_organization/exp2nd/micro/project_1/project_1.gen/sources_1/bd/design_1/ip/design_1_register_16bit_7_0/design_1_register_16bit_7_0/design_1_register_16bit_7_0_in_context.xdc] for cell 'design_1_i/register_16bit_7'
Finished Parsing XDC File [d:/coding/computer_organization/exp2nd/micro/project_1/project_1.gen/sources_1/bd/design_1/ip/design_1_register_16bit_7_0/design_1_register_16bit_7_0/design_1_register_16bit_7_0_in_context.xdc] for cell 'design_1_i/register_16bit_7'
Parsing XDC File [d:/coding/computer_organization/exp2nd/micro/project_1/project_1.gen/sources_1/bd/design_1/ip/design_1_register_16bit_8_0/design_1_register_16bit_8_0/design_1_register_16bit_8_0_in_context.xdc] for cell 'design_1_i/register_16bit_8'
Finished Parsing XDC File [d:/coding/computer_organization/exp2nd/micro/project_1/project_1.gen/sources_1/bd/design_1/ip/design_1_register_16bit_8_0/design_1_register_16bit_8_0/design_1_register_16bit_8_0_in_context.xdc] for cell 'design_1_i/register_16bit_8'
Parsing XDC File [d:/coding/computer_organization/exp2nd/micro/project_1/project_1.gen/sources_1/bd/design_1/ip/design_1_group_to_bus_12_0_0_0/design_1_group_to_bus_12_0_0_0/design_1_group_to_bus_12_0_0_0_in_context.xdc] for cell 'design_1_i/controlor/group_to_bus_12_0_0'
Finished Parsing XDC File [d:/coding/computer_organization/exp2nd/micro/project_1/project_1.gen/sources_1/bd/design_1/ip/design_1_group_to_bus_12_0_0_0/design_1_group_to_bus_12_0_0_0/design_1_group_to_bus_12_0_0_0_in_context.xdc] for cell 'design_1_i/controlor/group_to_bus_12_0_0'
Parsing XDC File [d:/coding/computer_organization/exp2nd/micro/project_1/project_1.gen/sources_1/bd/design_1/ip/design_1_group_to_bus_12_10_0_0_0/design_1_group_to_bus_12_10_0_0_0/design_1_group_to_bus_12_10_0_0_0_in_context.xdc] for cell 'design_1_i/controlor/group_to_bus_12_10_0_0'
Finished Parsing XDC File [d:/coding/computer_organization/exp2nd/micro/project_1/project_1.gen/sources_1/bd/design_1/ip/design_1_group_to_bus_12_10_0_0_0/design_1_group_to_bus_12_10_0_0_0/design_1_group_to_bus_12_10_0_0_0_in_context.xdc] for cell 'design_1_i/controlor/group_to_bus_12_10_0_0'
Parsing XDC File [d:/coding/computer_organization/exp2nd/micro/project_1/project_1.gen/sources_1/bd/design_1/ip/design_1_single_4_to_bus_1_1/design_1_single_4_to_bus_1_1/design_1_single_4_to_bus_1_1_in_context.xdc] for cell 'design_1_i/controlor/single_4_to_bus_1'
Finished Parsing XDC File [d:/coding/computer_organization/exp2nd/micro/project_1/project_1.gen/sources_1/bd/design_1/ip/design_1_single_4_to_bus_1_1/design_1_single_4_to_bus_1_1/design_1_single_4_to_bus_1_1_in_context.xdc] for cell 'design_1_i/controlor/single_4_to_bus_1'
Parsing XDC File [d:/coding/computer_organization/exp2nd/micro/project_1/project_1.gen/sources_1/bd/design_1/ip/design_1_single_4_to_bus_2_1/design_1_single_4_to_bus_2_1/design_1_single_4_to_bus_2_1_in_context.xdc] for cell 'design_1_i/controlor/single_4_to_bus_2'
Finished Parsing XDC File [d:/coding/computer_organization/exp2nd/micro/project_1/project_1.gen/sources_1/bd/design_1/ip/design_1_single_4_to_bus_2_1/design_1_single_4_to_bus_2_1/design_1_single_4_to_bus_2_1_in_context.xdc] for cell 'design_1_i/controlor/single_4_to_bus_2'
Parsing XDC File [d:/coding/computer_organization/exp2nd/micro/project_1/project_1.gen/sources_1/bd/design_1/ip/design_1_upc_0_0/design_1_upc_0_0/design_1_upc_0_0_in_context.xdc] for cell 'design_1_i/controlor/upc_0'
Finished Parsing XDC File [d:/coding/computer_organization/exp2nd/micro/project_1/project_1.gen/sources_1/bd/design_1/ip/design_1_upc_0_0/design_1_upc_0_0/design_1_upc_0_0_in_context.xdc] for cell 'design_1_i/controlor/upc_0'
Parsing XDC File [d:/coding/computer_organization/exp2nd/micro/project_1/project_1.gen/sources_1/bd/design_1/ip/design_1_ic_74161_0_0/design_1_ic_74161_0_0/design_1_ic_74161_0_0_in_context.xdc] for cell 'design_1_i/controlor/cnt/ic_74161_0'
Finished Parsing XDC File [d:/coding/computer_organization/exp2nd/micro/project_1/project_1.gen/sources_1/bd/design_1/ip/design_1_ic_74161_0_0/design_1_ic_74161_0_0/design_1_ic_74161_0_0_in_context.xdc] for cell 'design_1_i/controlor/cnt/ic_74161_0'
Parsing XDC File [d:/coding/computer_organization/exp2nd/micro/project_1/project_1.gen/sources_1/bd/design_1/ip/design_1_ic_74161_1_0/design_1_ic_74161_1_0/design_1_ic_74161_1_0_in_context.xdc] for cell 'design_1_i/controlor/cnt/ic_74161_1'
Finished Parsing XDC File [d:/coding/computer_organization/exp2nd/micro/project_1/project_1.gen/sources_1/bd/design_1/ip/design_1_ic_74161_1_0/design_1_ic_74161_1_0/design_1_ic_74161_1_0_in_context.xdc] for cell 'design_1_i/controlor/cnt/ic_74161_1'
Parsing XDC File [d:/coding/computer_organization/exp2nd/micro/project_1/project_1.gen/sources_1/bd/design_1/ip/design_1_ic_74161_2_0/design_1_ic_74161_2_0/design_1_ic_74161_2_0_in_context.xdc] for cell 'design_1_i/controlor/cnt/ic_74161_2'
Finished Parsing XDC File [d:/coding/computer_organization/exp2nd/micro/project_1/project_1.gen/sources_1/bd/design_1/ip/design_1_ic_74161_2_0/design_1_ic_74161_2_0/design_1_ic_74161_2_0_in_context.xdc] for cell 'design_1_i/controlor/cnt/ic_74161_2'
Parsing XDC File [d:/coding/computer_organization/exp2nd/micro/project_1/project_1.gen/sources_1/bd/design_1/ip/design_1_bus_to_group_12_0_0_0/design_1_bus_to_group_12_0_0_0/design_1_bus_to_group_12_0_0_0_in_context.xdc] for cell 'design_1_i/controlor/cnt/bus_to_group_12_0_0'
Finished Parsing XDC File [d:/coding/computer_organization/exp2nd/micro/project_1/project_1.gen/sources_1/bd/design_1/ip/design_1_bus_to_group_12_0_0_0/design_1_bus_to_group_12_0_0_0/design_1_bus_to_group_12_0_0_0_in_context.xdc] for cell 'design_1_i/controlor/cnt/bus_to_group_12_0_0'
Parsing XDC File [d:/coding/computer_organization/exp2nd/micro/project_1/project_1.gen/sources_1/bd/design_1/ip/design_1_bus_to_single_4_0_1/design_1_bus_to_single_4_0_1/design_1_bus_to_single_4_0_1_in_context.xdc] for cell 'design_1_i/controlor/decode_32_1/bus_to_single_4_0'
Finished Parsing XDC File [d:/coding/computer_organization/exp2nd/micro/project_1/project_1.gen/sources_1/bd/design_1/ip/design_1_bus_to_single_4_0_1/design_1_bus_to_single_4_0_1/design_1_bus_to_single_4_0_1_in_context.xdc] for cell 'design_1_i/controlor/decode_32_1/bus_to_single_4_0'
Parsing XDC File [d:/coding/computer_organization/exp2nd/micro/project_1/project_1.gen/sources_1/bd/design_1/ip/design_1_decoder_2to4_0_1/design_1_decoder_2to4_0_1/design_1_decoder_2to4_0_1_in_context.xdc] for cell 'design_1_i/controlor/decode_32_1/decoder_2to4_0'
Finished Parsing XDC File [d:/coding/computer_organization/exp2nd/micro/project_1/project_1.gen/sources_1/bd/design_1/ip/design_1_decoder_2to4_0_1/design_1_decoder_2to4_0_1/design_1_decoder_2to4_0_1_in_context.xdc] for cell 'design_1_i/controlor/decode_32_1/decoder_2to4_0'
Parsing XDC File [d:/coding/computer_organization/exp2nd/micro/project_1/project_1.gen/sources_1/bd/design_1/ip/design_1_single_2_to_bus_0_1/design_1_single_2_to_bus_0_1/design_1_single_2_to_bus_0_1_in_context.xdc] for cell 'design_1_i/controlor/decode_32_1/single_2_to_bus_0'
Finished Parsing XDC File [d:/coding/computer_organization/exp2nd/micro/project_1/project_1.gen/sources_1/bd/design_1/ip/design_1_single_2_to_bus_0_1/design_1_single_2_to_bus_0_1/design_1_single_2_to_bus_0_1_in_context.xdc] for cell 'design_1_i/controlor/decode_32_1/single_2_to_bus_0'
Parsing XDC File [d:/coding/computer_organization/exp2nd/micro/project_1/project_1.gen/sources_1/bd/design_1/ip/design_1_bus_to_single_8_0_0/design_1_bus_to_single_8_0_0/design_1_bus_to_single_8_0_0_in_context.xdc] for cell 'design_1_i/controlor/decode_38/bus_to_single_8_0'
Finished Parsing XDC File [d:/coding/computer_organization/exp2nd/micro/project_1/project_1.gen/sources_1/bd/design_1/ip/design_1_bus_to_single_8_0_0/design_1_bus_to_single_8_0_0/design_1_bus_to_single_8_0_0_in_context.xdc] for cell 'design_1_i/controlor/decode_38/bus_to_single_8_0'
Parsing XDC File [d:/coding/computer_organization/exp2nd/micro/project_1/project_1.gen/sources_1/bd/design_1/ip/design_1_decoder_3to8_0_0/design_1_decoder_3to8_0_0/design_1_decoder_3to8_0_0_in_context.xdc] for cell 'design_1_i/controlor/decode_38/decoder_3to8_0'
Finished Parsing XDC File [d:/coding/computer_organization/exp2nd/micro/project_1/project_1.gen/sources_1/bd/design_1/ip/design_1_decoder_3to8_0_0/design_1_decoder_3to8_0_0/design_1_decoder_3to8_0_0_in_context.xdc] for cell 'design_1_i/controlor/decode_38/decoder_3to8_0'
Parsing XDC File [d:/coding/computer_organization/exp2nd/micro/project_1/project_1.gen/sources_1/bd/design_1/ip/design_1_single_3_to_bus_0_0/design_1_single_3_to_bus_0_0/design_1_single_3_to_bus_0_0_in_context.xdc] for cell 'design_1_i/controlor/decode_38/single_3_to_bus_0'
Finished Parsing XDC File [d:/coding/computer_organization/exp2nd/micro/project_1/project_1.gen/sources_1/bd/design_1/ip/design_1_single_3_to_bus_0_0/design_1_single_3_to_bus_0_0/design_1_single_3_to_bus_0_0_in_context.xdc] for cell 'design_1_i/controlor/decode_38/single_3_to_bus_0'
Parsing XDC File [d:/coding/computer_organization/exp2nd/micro/project_1/project_1.gen/sources_1/bd/design_1/ip/design_1_bus_to_single_8_0_1/design_1_bus_to_single_8_0_1/design_1_bus_to_single_8_0_1_in_context.xdc] for cell 'design_1_i/controlor/decode_39/bus_to_single_8_0'
Finished Parsing XDC File [d:/coding/computer_organization/exp2nd/micro/project_1/project_1.gen/sources_1/bd/design_1/ip/design_1_bus_to_single_8_0_1/design_1_bus_to_single_8_0_1/design_1_bus_to_single_8_0_1_in_context.xdc] for cell 'design_1_i/controlor/decode_39/bus_to_single_8_0'
Parsing XDC File [d:/coding/computer_organization/exp2nd/micro/project_1/project_1.gen/sources_1/bd/design_1/ip/design_1_decoder_3to8_0_1/design_1_decoder_3to8_0_1/design_1_decoder_3to8_0_1_in_context.xdc] for cell 'design_1_i/controlor/decode_39/decoder_3to8_0'
Finished Parsing XDC File [d:/coding/computer_organization/exp2nd/micro/project_1/project_1.gen/sources_1/bd/design_1/ip/design_1_decoder_3to8_0_1/design_1_decoder_3to8_0_1/design_1_decoder_3to8_0_1_in_context.xdc] for cell 'design_1_i/controlor/decode_39/decoder_3to8_0'
Parsing XDC File [d:/coding/computer_organization/exp2nd/micro/project_1/project_1.gen/sources_1/bd/design_1/ip/design_1_single_3_to_bus_0_1/design_1_single_3_to_bus_0_1/design_1_single_3_to_bus_0_1_in_context.xdc] for cell 'design_1_i/controlor/decode_39/single_3_to_bus_0'
Finished Parsing XDC File [d:/coding/computer_organization/exp2nd/micro/project_1/project_1.gen/sources_1/bd/design_1/ip/design_1_single_3_to_bus_0_1/design_1_single_3_to_bus_0_1/design_1_single_3_to_bus_0_1_in_context.xdc] for cell 'design_1_i/controlor/decode_39/single_3_to_bus_0'
Parsing XDC File [d:/coding/computer_organization/exp2nd/micro/project_1/project_1.gen/sources_1/bd/design_1/ip/design_1_bus_to_single_8_0_2/design_1_bus_to_single_8_0_2/design_1_bus_to_single_8_0_2_in_context.xdc] for cell 'design_1_i/controlor/decode_40/bus_to_single_8_0'
Finished Parsing XDC File [d:/coding/computer_organization/exp2nd/micro/project_1/project_1.gen/sources_1/bd/design_1/ip/design_1_bus_to_single_8_0_2/design_1_bus_to_single_8_0_2/design_1_bus_to_single_8_0_2_in_context.xdc] for cell 'design_1_i/controlor/decode_40/bus_to_single_8_0'
Parsing XDC File [d:/coding/computer_organization/exp2nd/micro/project_1/project_1.gen/sources_1/bd/design_1/ip/design_1_decoder_3to8_0_2/design_1_decoder_3to8_0_2/design_1_decoder_3to8_0_2_in_context.xdc] for cell 'design_1_i/controlor/decode_40/decoder_3to8_0'
Finished Parsing XDC File [d:/coding/computer_organization/exp2nd/micro/project_1/project_1.gen/sources_1/bd/design_1/ip/design_1_decoder_3to8_0_2/design_1_decoder_3to8_0_2/design_1_decoder_3to8_0_2_in_context.xdc] for cell 'design_1_i/controlor/decode_40/decoder_3to8_0'
Parsing XDC File [d:/coding/computer_organization/exp2nd/micro/project_1/project_1.gen/sources_1/bd/design_1/ip/design_1_single_3_to_bus_0_2/design_1_single_3_to_bus_0_2/design_1_single_3_to_bus_0_2_in_context.xdc] for cell 'design_1_i/controlor/decode_40/single_3_to_bus_0'
Finished Parsing XDC File [d:/coding/computer_organization/exp2nd/micro/project_1/project_1.gen/sources_1/bd/design_1/ip/design_1_single_3_to_bus_0_2/design_1_single_3_to_bus_0_2/design_1_single_3_to_bus_0_2_in_context.xdc] for cell 'design_1_i/controlor/decode_40/single_3_to_bus_0'
Parsing XDC File [d:/coding/computer_organization/exp2nd/micro/project_1/project_1.gen/sources_1/bd/design_1/ip/design_1_and_gate_0_0/design_1_and_gate_0_0/design_1_and_gate_0_0_in_context.xdc] for cell 'design_1_i/controlor/uir_slct/slct/and_gate_0'
Finished Parsing XDC File [d:/coding/computer_organization/exp2nd/micro/project_1/project_1.gen/sources_1/bd/design_1/ip/design_1_and_gate_0_0/design_1_and_gate_0_0/design_1_and_gate_0_0_in_context.xdc] for cell 'design_1_i/controlor/uir_slct/slct/and_gate_0'
Parsing XDC File [d:/coding/computer_organization/exp2nd/micro/project_1/project_1.gen/sources_1/bd/design_1/ip/design_1_and_gate_1_0/design_1_and_gate_1_0/design_1_and_gate_1_0_in_context.xdc] for cell 'design_1_i/controlor/uir_slct/slct/and_gate_1'
Finished Parsing XDC File [d:/coding/computer_organization/exp2nd/micro/project_1/project_1.gen/sources_1/bd/design_1/ip/design_1_and_gate_1_0/design_1_and_gate_1_0/design_1_and_gate_1_0_in_context.xdc] for cell 'design_1_i/controlor/uir_slct/slct/and_gate_1'
Parsing XDC File [d:/coding/computer_organization/exp2nd/micro/project_1/project_1.gen/sources_1/bd/design_1/ip/design_1_and_gate_2_0/design_1_and_gate_2_0/design_1_and_gate_2_0_in_context.xdc] for cell 'design_1_i/controlor/uir_slct/slct/and_gate_2'
Finished Parsing XDC File [d:/coding/computer_organization/exp2nd/micro/project_1/project_1.gen/sources_1/bd/design_1/ip/design_1_and_gate_2_0/design_1_and_gate_2_0/design_1_and_gate_2_0_in_context.xdc] for cell 'design_1_i/controlor/uir_slct/slct/and_gate_2'
Parsing XDC File [d:/coding/computer_organization/exp2nd/micro/project_1/project_1.gen/sources_1/bd/design_1/ip/design_1_or_gate_0_0/design_1_or_gate_0_0/design_1_or_gate_0_0_in_context.xdc] for cell 'design_1_i/controlor/uir_slct/slct/or_gate_0'
Finished Parsing XDC File [d:/coding/computer_organization/exp2nd/micro/project_1/project_1.gen/sources_1/bd/design_1/ip/design_1_or_gate_0_0/design_1_or_gate_0_0/design_1_or_gate_0_0_in_context.xdc] for cell 'design_1_i/controlor/uir_slct/slct/or_gate_0'
Parsing XDC File [d:/coding/computer_organization/exp2nd/micro/project_1/project_1.gen/sources_1/bd/design_1/ip/design_1_or_gate_1_0/design_1_or_gate_1_0/design_1_or_gate_1_0_in_context.xdc] for cell 'design_1_i/controlor/uir_slct/slct/or_gate_1'
Finished Parsing XDC File [d:/coding/computer_organization/exp2nd/micro/project_1/project_1.gen/sources_1/bd/design_1/ip/design_1_or_gate_1_0/design_1_or_gate_1_0/design_1_or_gate_1_0_in_context.xdc] for cell 'design_1_i/controlor/uir_slct/slct/or_gate_1'
Parsing XDC File [d:/coding/computer_organization/exp2nd/micro/project_1/project_1.gen/sources_1/bd/design_1/ip/design_1_and_gate_0_1/design_1_and_gate_0_1/design_1_and_gate_0_1_in_context.xdc] for cell 'design_1_i/controlor/uir_slct/slct1/and_gate_0'
Finished Parsing XDC File [d:/coding/computer_organization/exp2nd/micro/project_1/project_1.gen/sources_1/bd/design_1/ip/design_1_and_gate_0_1/design_1_and_gate_0_1/design_1_and_gate_0_1_in_context.xdc] for cell 'design_1_i/controlor/uir_slct/slct1/and_gate_0'
Parsing XDC File [d:/coding/computer_organization/exp2nd/micro/project_1/project_1.gen/sources_1/bd/design_1/ip/design_1_and_gate_1_1/design_1_and_gate_1_1/design_1_and_gate_1_1_in_context.xdc] for cell 'design_1_i/controlor/uir_slct/slct1/and_gate_1'
Finished Parsing XDC File [d:/coding/computer_organization/exp2nd/micro/project_1/project_1.gen/sources_1/bd/design_1/ip/design_1_and_gate_1_1/design_1_and_gate_1_1/design_1_and_gate_1_1_in_context.xdc] for cell 'design_1_i/controlor/uir_slct/slct1/and_gate_1'
Parsing XDC File [d:/coding/computer_organization/exp2nd/micro/project_1/project_1.gen/sources_1/bd/design_1/ip/design_1_and_gate_2_1/design_1_and_gate_2_1/design_1_and_gate_2_1_in_context.xdc] for cell 'design_1_i/controlor/uir_slct/slct1/and_gate_2'
Finished Parsing XDC File [d:/coding/computer_organization/exp2nd/micro/project_1/project_1.gen/sources_1/bd/design_1/ip/design_1_and_gate_2_1/design_1_and_gate_2_1/design_1_and_gate_2_1_in_context.xdc] for cell 'design_1_i/controlor/uir_slct/slct1/and_gate_2'
Parsing XDC File [d:/coding/computer_organization/exp2nd/micro/project_1/project_1.gen/sources_1/bd/design_1/ip/design_1_or_gate_0_1/design_1_or_gate_0_1/design_1_or_gate_0_1_in_context.xdc] for cell 'design_1_i/controlor/uir_slct/slct1/or_gate_0'
Finished Parsing XDC File [d:/coding/computer_organization/exp2nd/micro/project_1/project_1.gen/sources_1/bd/design_1/ip/design_1_or_gate_0_1/design_1_or_gate_0_1/design_1_or_gate_0_1_in_context.xdc] for cell 'design_1_i/controlor/uir_slct/slct1/or_gate_0'
Parsing XDC File [d:/coding/computer_organization/exp2nd/micro/project_1/project_1.gen/sources_1/bd/design_1/ip/design_1_or_gate_1_1/design_1_or_gate_1_1/design_1_or_gate_1_1_in_context.xdc] for cell 'design_1_i/controlor/uir_slct/slct1/or_gate_1'
Finished Parsing XDC File [d:/coding/computer_organization/exp2nd/micro/project_1/project_1.gen/sources_1/bd/design_1/ip/design_1_or_gate_1_1/design_1_or_gate_1_1/design_1_or_gate_1_1_in_context.xdc] for cell 'design_1_i/controlor/uir_slct/slct1/or_gate_1'
Parsing XDC File [d:/coding/computer_organization/exp2nd/micro/project_1/project_1.gen/sources_1/bd/design_1/ip/design_1_and_gate_0_2/design_1_and_gate_0_2/design_1_and_gate_0_2_in_context.xdc] for cell 'design_1_i/controlor/uir_slct/slct2/and_gate_0'
Finished Parsing XDC File [d:/coding/computer_organization/exp2nd/micro/project_1/project_1.gen/sources_1/bd/design_1/ip/design_1_and_gate_0_2/design_1_and_gate_0_2/design_1_and_gate_0_2_in_context.xdc] for cell 'design_1_i/controlor/uir_slct/slct2/and_gate_0'
Parsing XDC File [d:/coding/computer_organization/exp2nd/micro/project_1/project_1.gen/sources_1/bd/design_1/ip/design_1_and_gate_1_2/design_1_and_gate_1_2/design_1_and_gate_1_2_in_context.xdc] for cell 'design_1_i/controlor/uir_slct/slct2/and_gate_1'
Finished Parsing XDC File [d:/coding/computer_organization/exp2nd/micro/project_1/project_1.gen/sources_1/bd/design_1/ip/design_1_and_gate_1_2/design_1_and_gate_1_2/design_1_and_gate_1_2_in_context.xdc] for cell 'design_1_i/controlor/uir_slct/slct2/and_gate_1'
Parsing XDC File [d:/coding/computer_organization/exp2nd/micro/project_1/project_1.gen/sources_1/bd/design_1/ip/design_1_and_gate_2_2/design_1_and_gate_2_2/design_1_and_gate_2_2_in_context.xdc] for cell 'design_1_i/controlor/uir_slct/slct2/and_gate_2'
Finished Parsing XDC File [d:/coding/computer_organization/exp2nd/micro/project_1/project_1.gen/sources_1/bd/design_1/ip/design_1_and_gate_2_2/design_1_and_gate_2_2/design_1_and_gate_2_2_in_context.xdc] for cell 'design_1_i/controlor/uir_slct/slct2/and_gate_2'
Parsing XDC File [d:/coding/computer_organization/exp2nd/micro/project_1/project_1.gen/sources_1/bd/design_1/ip/design_1_or_gate_0_2/design_1_or_gate_0_2/design_1_or_gate_0_2_in_context.xdc] for cell 'design_1_i/controlor/uir_slct/slct2/or_gate_0'
Finished Parsing XDC File [d:/coding/computer_organization/exp2nd/micro/project_1/project_1.gen/sources_1/bd/design_1/ip/design_1_or_gate_0_2/design_1_or_gate_0_2/design_1_or_gate_0_2_in_context.xdc] for cell 'design_1_i/controlor/uir_slct/slct2/or_gate_0'
Parsing XDC File [d:/coding/computer_organization/exp2nd/micro/project_1/project_1.gen/sources_1/bd/design_1/ip/design_1_or_gate_1_2/design_1_or_gate_1_2/design_1_or_gate_1_2_in_context.xdc] for cell 'design_1_i/controlor/uir_slct/slct2/or_gate_1'
Finished Parsing XDC File [d:/coding/computer_organization/exp2nd/micro/project_1/project_1.gen/sources_1/bd/design_1/ip/design_1_or_gate_1_2/design_1_or_gate_1_2/design_1_or_gate_1_2_in_context.xdc] for cell 'design_1_i/controlor/uir_slct/slct2/or_gate_1'
Parsing XDC File [d:/coding/computer_organization/exp2nd/micro/project_1/project_1.gen/sources_1/bd/design_1/ip/design_1_and_gate_0_3/design_1_and_gate_0_3/design_1_and_gate_0_3_in_context.xdc] for cell 'design_1_i/controlor/uir_slct/slct3/and_gate_0'
Finished Parsing XDC File [d:/coding/computer_organization/exp2nd/micro/project_1/project_1.gen/sources_1/bd/design_1/ip/design_1_and_gate_0_3/design_1_and_gate_0_3/design_1_and_gate_0_3_in_context.xdc] for cell 'design_1_i/controlor/uir_slct/slct3/and_gate_0'
Parsing XDC File [d:/coding/computer_organization/exp2nd/micro/project_1/project_1.gen/sources_1/bd/design_1/ip/design_1_and_gate_1_3/design_1_and_gate_1_3/design_1_and_gate_1_3_in_context.xdc] for cell 'design_1_i/controlor/uir_slct/slct3/and_gate_1'
Finished Parsing XDC File [d:/coding/computer_organization/exp2nd/micro/project_1/project_1.gen/sources_1/bd/design_1/ip/design_1_and_gate_1_3/design_1_and_gate_1_3/design_1_and_gate_1_3_in_context.xdc] for cell 'design_1_i/controlor/uir_slct/slct3/and_gate_1'
Parsing XDC File [d:/coding/computer_organization/exp2nd/micro/project_1/project_1.gen/sources_1/bd/design_1/ip/design_1_and_gate_2_3/design_1_and_gate_2_3/design_1_and_gate_2_3_in_context.xdc] for cell 'design_1_i/controlor/uir_slct/slct3/and_gate_2'
Finished Parsing XDC File [d:/coding/computer_organization/exp2nd/micro/project_1/project_1.gen/sources_1/bd/design_1/ip/design_1_and_gate_2_3/design_1_and_gate_2_3/design_1_and_gate_2_3_in_context.xdc] for cell 'design_1_i/controlor/uir_slct/slct3/and_gate_2'
Parsing XDC File [d:/coding/computer_organization/exp2nd/micro/project_1/project_1.gen/sources_1/bd/design_1/ip/design_1_or_gate_0_3/design_1_or_gate_0_3/design_1_or_gate_0_3_in_context.xdc] for cell 'design_1_i/controlor/uir_slct/slct3/or_gate_0'
Finished Parsing XDC File [d:/coding/computer_organization/exp2nd/micro/project_1/project_1.gen/sources_1/bd/design_1/ip/design_1_or_gate_0_3/design_1_or_gate_0_3/design_1_or_gate_0_3_in_context.xdc] for cell 'design_1_i/controlor/uir_slct/slct3/or_gate_0'
Parsing XDC File [d:/coding/computer_organization/exp2nd/micro/project_1/project_1.gen/sources_1/bd/design_1/ip/design_1_or_gate_1_3/design_1_or_gate_1_3/design_1_or_gate_1_3_in_context.xdc] for cell 'design_1_i/controlor/uir_slct/slct3/or_gate_1'
Finished Parsing XDC File [d:/coding/computer_organization/exp2nd/micro/project_1/project_1.gen/sources_1/bd/design_1/ip/design_1_or_gate_1_3/design_1_or_gate_1_3/design_1_or_gate_1_3_in_context.xdc] for cell 'design_1_i/controlor/uir_slct/slct3/or_gate_1'
Parsing XDC File [d:/coding/computer_organization/exp2nd/micro/project_1/project_1.gen/sources_1/bd/design_1/ip/design_1_and_gate_0_4/design_1_and_gate_0_4/design_1_and_gate_0_4_in_context.xdc] for cell 'design_1_i/controlor/uir_slct/slct4/and_gate_0'
Finished Parsing XDC File [d:/coding/computer_organization/exp2nd/micro/project_1/project_1.gen/sources_1/bd/design_1/ip/design_1_and_gate_0_4/design_1_and_gate_0_4/design_1_and_gate_0_4_in_context.xdc] for cell 'design_1_i/controlor/uir_slct/slct4/and_gate_0'
Parsing XDC File [d:/coding/computer_organization/exp2nd/micro/project_1/project_1.gen/sources_1/bd/design_1/ip/design_1_and_gate_1_4/design_1_and_gate_1_4/design_1_and_gate_1_4_in_context.xdc] for cell 'design_1_i/controlor/uir_slct/slct4/and_gate_1'
Finished Parsing XDC File [d:/coding/computer_organization/exp2nd/micro/project_1/project_1.gen/sources_1/bd/design_1/ip/design_1_and_gate_1_4/design_1_and_gate_1_4/design_1_and_gate_1_4_in_context.xdc] for cell 'design_1_i/controlor/uir_slct/slct4/and_gate_1'
Parsing XDC File [d:/coding/computer_organization/exp2nd/micro/project_1/project_1.gen/sources_1/bd/design_1/ip/design_1_and_gate_2_4/design_1_and_gate_2_4/design_1_and_gate_2_4_in_context.xdc] for cell 'design_1_i/controlor/uir_slct/slct4/and_gate_2'
Finished Parsing XDC File [d:/coding/computer_organization/exp2nd/micro/project_1/project_1.gen/sources_1/bd/design_1/ip/design_1_and_gate_2_4/design_1_and_gate_2_4/design_1_and_gate_2_4_in_context.xdc] for cell 'design_1_i/controlor/uir_slct/slct4/and_gate_2'
Parsing XDC File [d:/coding/computer_organization/exp2nd/micro/project_1/project_1.gen/sources_1/bd/design_1/ip/design_1_or_gate_0_4/design_1_or_gate_0_4/design_1_or_gate_0_4_in_context.xdc] for cell 'design_1_i/controlor/uir_slct/slct4/or_gate_0'
Finished Parsing XDC File [d:/coding/computer_organization/exp2nd/micro/project_1/project_1.gen/sources_1/bd/design_1/ip/design_1_or_gate_0_4/design_1_or_gate_0_4/design_1_or_gate_0_4_in_context.xdc] for cell 'design_1_i/controlor/uir_slct/slct4/or_gate_0'
Parsing XDC File [d:/coding/computer_organization/exp2nd/micro/project_1/project_1.gen/sources_1/bd/design_1/ip/design_1_or_gate_1_4/design_1_or_gate_1_4/design_1_or_gate_1_4_in_context.xdc] for cell 'design_1_i/controlor/uir_slct/slct4/or_gate_1'
Finished Parsing XDC File [d:/coding/computer_organization/exp2nd/micro/project_1/project_1.gen/sources_1/bd/design_1/ip/design_1_or_gate_1_4/design_1_or_gate_1_4/design_1_or_gate_1_4_in_context.xdc] for cell 'design_1_i/controlor/uir_slct/slct4/or_gate_1'
Parsing XDC File [d:/coding/computer_organization/exp2nd/micro/project_1/project_1.gen/sources_1/bd/design_1/ip/design_1_and_gate_0_5/design_1_and_gate_0_5/design_1_and_gate_0_5_in_context.xdc] for cell 'design_1_i/controlor/uir_slct/slct5/and_gate_0'
Finished Parsing XDC File [d:/coding/computer_organization/exp2nd/micro/project_1/project_1.gen/sources_1/bd/design_1/ip/design_1_and_gate_0_5/design_1_and_gate_0_5/design_1_and_gate_0_5_in_context.xdc] for cell 'design_1_i/controlor/uir_slct/slct5/and_gate_0'
Parsing XDC File [d:/coding/computer_organization/exp2nd/micro/project_1/project_1.gen/sources_1/bd/design_1/ip/design_1_and_gate_1_5/design_1_and_gate_1_5/design_1_and_gate_1_5_in_context.xdc] for cell 'design_1_i/controlor/uir_slct/slct5/and_gate_1'
Finished Parsing XDC File [d:/coding/computer_organization/exp2nd/micro/project_1/project_1.gen/sources_1/bd/design_1/ip/design_1_and_gate_1_5/design_1_and_gate_1_5/design_1_and_gate_1_5_in_context.xdc] for cell 'design_1_i/controlor/uir_slct/slct5/and_gate_1'
Parsing XDC File [d:/coding/computer_organization/exp2nd/micro/project_1/project_1.gen/sources_1/bd/design_1/ip/design_1_and_gate_2_5/design_1_and_gate_2_5/design_1_and_gate_2_5_in_context.xdc] for cell 'design_1_i/controlor/uir_slct/slct5/and_gate_2'
Finished Parsing XDC File [d:/coding/computer_organization/exp2nd/micro/project_1/project_1.gen/sources_1/bd/design_1/ip/design_1_and_gate_2_5/design_1_and_gate_2_5/design_1_and_gate_2_5_in_context.xdc] for cell 'design_1_i/controlor/uir_slct/slct5/and_gate_2'
Parsing XDC File [d:/coding/computer_organization/exp2nd/micro/project_1/project_1.gen/sources_1/bd/design_1/ip/design_1_or_gate_0_5/design_1_or_gate_0_5/design_1_or_gate_0_5_in_context.xdc] for cell 'design_1_i/controlor/uir_slct/slct5/or_gate_0'
Finished Parsing XDC File [d:/coding/computer_organization/exp2nd/micro/project_1/project_1.gen/sources_1/bd/design_1/ip/design_1_or_gate_0_5/design_1_or_gate_0_5/design_1_or_gate_0_5_in_context.xdc] for cell 'design_1_i/controlor/uir_slct/slct5/or_gate_0'
Parsing XDC File [d:/coding/computer_organization/exp2nd/micro/project_1/project_1.gen/sources_1/bd/design_1/ip/design_1_or_gate_1_5/design_1_or_gate_1_5/design_1_or_gate_1_5_in_context.xdc] for cell 'design_1_i/controlor/uir_slct/slct5/or_gate_1'
Finished Parsing XDC File [d:/coding/computer_organization/exp2nd/micro/project_1/project_1.gen/sources_1/bd/design_1/ip/design_1_or_gate_1_5/design_1_or_gate_1_5/design_1_or_gate_1_5_in_context.xdc] for cell 'design_1_i/controlor/uir_slct/slct5/or_gate_1'
Parsing XDC File [d:/coding/computer_organization/exp2nd/micro/project_1/project_1.gen/sources_1/bd/design_1/ip/design_1_and_gate_0_6/design_1_and_gate_0_6/design_1_and_gate_0_6_in_context.xdc] for cell 'design_1_i/controlor/uir_slct/slct6/and_gate_0'
Finished Parsing XDC File [d:/coding/computer_organization/exp2nd/micro/project_1/project_1.gen/sources_1/bd/design_1/ip/design_1_and_gate_0_6/design_1_and_gate_0_6/design_1_and_gate_0_6_in_context.xdc] for cell 'design_1_i/controlor/uir_slct/slct6/and_gate_0'
Parsing XDC File [d:/coding/computer_organization/exp2nd/micro/project_1/project_1.gen/sources_1/bd/design_1/ip/design_1_and_gate_1_6/design_1_and_gate_1_6/design_1_and_gate_1_6_in_context.xdc] for cell 'design_1_i/controlor/uir_slct/slct6/and_gate_1'
Finished Parsing XDC File [d:/coding/computer_organization/exp2nd/micro/project_1/project_1.gen/sources_1/bd/design_1/ip/design_1_and_gate_1_6/design_1_and_gate_1_6/design_1_and_gate_1_6_in_context.xdc] for cell 'design_1_i/controlor/uir_slct/slct6/and_gate_1'
Parsing XDC File [d:/coding/computer_organization/exp2nd/micro/project_1/project_1.gen/sources_1/bd/design_1/ip/design_1_and_gate_2_6/design_1_and_gate_2_6/design_1_and_gate_2_6_in_context.xdc] for cell 'design_1_i/controlor/uir_slct/slct6/and_gate_2'
Finished Parsing XDC File [d:/coding/computer_organization/exp2nd/micro/project_1/project_1.gen/sources_1/bd/design_1/ip/design_1_and_gate_2_6/design_1_and_gate_2_6/design_1_and_gate_2_6_in_context.xdc] for cell 'design_1_i/controlor/uir_slct/slct6/and_gate_2'
Parsing XDC File [d:/coding/computer_organization/exp2nd/micro/project_1/project_1.gen/sources_1/bd/design_1/ip/design_1_or_gate_0_6/design_1_or_gate_0_6/design_1_or_gate_0_6_in_context.xdc] for cell 'design_1_i/controlor/uir_slct/slct6/or_gate_0'
Finished Parsing XDC File [d:/coding/computer_organization/exp2nd/micro/project_1/project_1.gen/sources_1/bd/design_1/ip/design_1_or_gate_0_6/design_1_or_gate_0_6/design_1_or_gate_0_6_in_context.xdc] for cell 'design_1_i/controlor/uir_slct/slct6/or_gate_0'
Parsing XDC File [d:/coding/computer_organization/exp2nd/micro/project_1/project_1.gen/sources_1/bd/design_1/ip/design_1_or_gate_1_6/design_1_or_gate_1_6/design_1_or_gate_1_6_in_context.xdc] for cell 'design_1_i/controlor/uir_slct/slct6/or_gate_1'
Finished Parsing XDC File [d:/coding/computer_organization/exp2nd/micro/project_1/project_1.gen/sources_1/bd/design_1/ip/design_1_or_gate_1_6/design_1_or_gate_1_6/design_1_or_gate_1_6_in_context.xdc] for cell 'design_1_i/controlor/uir_slct/slct6/or_gate_1'
Parsing XDC File [d:/coding/computer_organization/exp2nd/micro/project_1/project_1.gen/sources_1/bd/design_1/ip/design_1_and_gate_0_7/design_1_and_gate_0_7/design_1_and_gate_0_7_in_context.xdc] for cell 'design_1_i/controlor/uir_slct/slct7/and_gate_0'
Finished Parsing XDC File [d:/coding/computer_organization/exp2nd/micro/project_1/project_1.gen/sources_1/bd/design_1/ip/design_1_and_gate_0_7/design_1_and_gate_0_7/design_1_and_gate_0_7_in_context.xdc] for cell 'design_1_i/controlor/uir_slct/slct7/and_gate_0'
Parsing XDC File [d:/coding/computer_organization/exp2nd/micro/project_1/project_1.gen/sources_1/bd/design_1/ip/design_1_and_gate_1_7/design_1_and_gate_1_7/design_1_and_gate_1_7_in_context.xdc] for cell 'design_1_i/controlor/uir_slct/slct7/and_gate_1'
Finished Parsing XDC File [d:/coding/computer_organization/exp2nd/micro/project_1/project_1.gen/sources_1/bd/design_1/ip/design_1_and_gate_1_7/design_1_and_gate_1_7/design_1_and_gate_1_7_in_context.xdc] for cell 'design_1_i/controlor/uir_slct/slct7/and_gate_1'
Parsing XDC File [d:/coding/computer_organization/exp2nd/micro/project_1/project_1.gen/sources_1/bd/design_1/ip/design_1_and_gate_2_7/design_1_and_gate_2_7/design_1_and_gate_2_7_in_context.xdc] for cell 'design_1_i/controlor/uir_slct/slct7/and_gate_2'
Finished Parsing XDC File [d:/coding/computer_organization/exp2nd/micro/project_1/project_1.gen/sources_1/bd/design_1/ip/design_1_and_gate_2_7/design_1_and_gate_2_7/design_1_and_gate_2_7_in_context.xdc] for cell 'design_1_i/controlor/uir_slct/slct7/and_gate_2'
Parsing XDC File [d:/coding/computer_organization/exp2nd/micro/project_1/project_1.gen/sources_1/bd/design_1/ip/design_1_or_gate_0_7/design_1_or_gate_0_7/design_1_or_gate_0_7_in_context.xdc] for cell 'design_1_i/controlor/uir_slct/slct7/or_gate_0'
Finished Parsing XDC File [d:/coding/computer_organization/exp2nd/micro/project_1/project_1.gen/sources_1/bd/design_1/ip/design_1_or_gate_0_7/design_1_or_gate_0_7/design_1_or_gate_0_7_in_context.xdc] for cell 'design_1_i/controlor/uir_slct/slct7/or_gate_0'
Parsing XDC File [d:/coding/computer_organization/exp2nd/micro/project_1/project_1.gen/sources_1/bd/design_1/ip/design_1_or_gate_1_7/design_1_or_gate_1_7/design_1_or_gate_1_7_in_context.xdc] for cell 'design_1_i/controlor/uir_slct/slct7/or_gate_1'
Finished Parsing XDC File [d:/coding/computer_organization/exp2nd/micro/project_1/project_1.gen/sources_1/bd/design_1/ip/design_1_or_gate_1_7/design_1_or_gate_1_7/design_1_or_gate_1_7_in_context.xdc] for cell 'design_1_i/controlor/uir_slct/slct7/or_gate_1'
Parsing XDC File [d:/coding/computer_organization/exp2nd/micro/project_1/project_1.gen/sources_1/bd/design_1/ip/design_1_and_gate_0_8/design_1_and_gate_0_8/design_1_and_gate_0_8_in_context.xdc] for cell 'design_1_i/controlor/uir_slct/slct8/and_gate_0'
Finished Parsing XDC File [d:/coding/computer_organization/exp2nd/micro/project_1/project_1.gen/sources_1/bd/design_1/ip/design_1_and_gate_0_8/design_1_and_gate_0_8/design_1_and_gate_0_8_in_context.xdc] for cell 'design_1_i/controlor/uir_slct/slct8/and_gate_0'
Parsing XDC File [d:/coding/computer_organization/exp2nd/micro/project_1/project_1.gen/sources_1/bd/design_1/ip/design_1_and_gate_1_8/design_1_and_gate_1_8/design_1_and_gate_1_8_in_context.xdc] for cell 'design_1_i/controlor/uir_slct/slct8/and_gate_1'
Finished Parsing XDC File [d:/coding/computer_organization/exp2nd/micro/project_1/project_1.gen/sources_1/bd/design_1/ip/design_1_and_gate_1_8/design_1_and_gate_1_8/design_1_and_gate_1_8_in_context.xdc] for cell 'design_1_i/controlor/uir_slct/slct8/and_gate_1'
Parsing XDC File [d:/coding/computer_organization/exp2nd/micro/project_1/project_1.gen/sources_1/bd/design_1/ip/design_1_and_gate_2_8/design_1_and_gate_2_8/design_1_and_gate_2_8_in_context.xdc] for cell 'design_1_i/controlor/uir_slct/slct8/and_gate_2'
Finished Parsing XDC File [d:/coding/computer_organization/exp2nd/micro/project_1/project_1.gen/sources_1/bd/design_1/ip/design_1_and_gate_2_8/design_1_and_gate_2_8/design_1_and_gate_2_8_in_context.xdc] for cell 'design_1_i/controlor/uir_slct/slct8/and_gate_2'
Parsing XDC File [d:/coding/computer_organization/exp2nd/micro/project_1/project_1.gen/sources_1/bd/design_1/ip/design_1_or_gate_0_8/design_1_or_gate_0_8/design_1_or_gate_0_8_in_context.xdc] for cell 'design_1_i/controlor/uir_slct/slct8/or_gate_0'
Finished Parsing XDC File [d:/coding/computer_organization/exp2nd/micro/project_1/project_1.gen/sources_1/bd/design_1/ip/design_1_or_gate_0_8/design_1_or_gate_0_8/design_1_or_gate_0_8_in_context.xdc] for cell 'design_1_i/controlor/uir_slct/slct8/or_gate_0'
Parsing XDC File [d:/coding/computer_organization/exp2nd/micro/project_1/project_1.gen/sources_1/bd/design_1/ip/design_1_or_gate_1_8/design_1_or_gate_1_8/design_1_or_gate_1_8_in_context.xdc] for cell 'design_1_i/controlor/uir_slct/slct8/or_gate_1'
Finished Parsing XDC File [d:/coding/computer_organization/exp2nd/micro/project_1/project_1.gen/sources_1/bd/design_1/ip/design_1_or_gate_1_8/design_1_or_gate_1_8/design_1_or_gate_1_8_in_context.xdc] for cell 'design_1_i/controlor/uir_slct/slct8/or_gate_1'
Parsing XDC File [d:/coding/computer_organization/exp2nd/micro/project_1/project_1.gen/sources_1/bd/design_1/ip/design_1_and_gate_0_10/design_1_and_gate_0_10/design_1_and_gate_0_10_in_context.xdc] for cell 'design_1_i/controlor/uir_slct/slct9/and_gate_0'
Finished Parsing XDC File [d:/coding/computer_organization/exp2nd/micro/project_1/project_1.gen/sources_1/bd/design_1/ip/design_1_and_gate_0_10/design_1_and_gate_0_10/design_1_and_gate_0_10_in_context.xdc] for cell 'design_1_i/controlor/uir_slct/slct9/and_gate_0'
Parsing XDC File [d:/coding/computer_organization/exp2nd/micro/project_1/project_1.gen/sources_1/bd/design_1/ip/design_1_and_gate_1_10/design_1_and_gate_1_10/design_1_and_gate_1_10_in_context.xdc] for cell 'design_1_i/controlor/uir_slct/slct9/and_gate_1'
Finished Parsing XDC File [d:/coding/computer_organization/exp2nd/micro/project_1/project_1.gen/sources_1/bd/design_1/ip/design_1_and_gate_1_10/design_1_and_gate_1_10/design_1_and_gate_1_10_in_context.xdc] for cell 'design_1_i/controlor/uir_slct/slct9/and_gate_1'
Parsing XDC File [d:/coding/computer_organization/exp2nd/micro/project_1/project_1.gen/sources_1/bd/design_1/ip/design_1_and_gate_2_10/design_1_and_gate_2_10/design_1_and_gate_2_10_in_context.xdc] for cell 'design_1_i/controlor/uir_slct/slct9/and_gate_2'
Finished Parsing XDC File [d:/coding/computer_organization/exp2nd/micro/project_1/project_1.gen/sources_1/bd/design_1/ip/design_1_and_gate_2_10/design_1_and_gate_2_10/design_1_and_gate_2_10_in_context.xdc] for cell 'design_1_i/controlor/uir_slct/slct9/and_gate_2'
Parsing XDC File [d:/coding/computer_organization/exp2nd/micro/project_1/project_1.gen/sources_1/bd/design_1/ip/design_1_or_gate_0_10/design_1_or_gate_0_10/design_1_or_gate_0_10_in_context.xdc] for cell 'design_1_i/controlor/uir_slct/slct9/or_gate_0'
Finished Parsing XDC File [d:/coding/computer_organization/exp2nd/micro/project_1/project_1.gen/sources_1/bd/design_1/ip/design_1_or_gate_0_10/design_1_or_gate_0_10/design_1_or_gate_0_10_in_context.xdc] for cell 'design_1_i/controlor/uir_slct/slct9/or_gate_0'
Parsing XDC File [d:/coding/computer_organization/exp2nd/micro/project_1/project_1.gen/sources_1/bd/design_1/ip/design_1_or_gate_1_10/design_1_or_gate_1_10/design_1_or_gate_1_10_in_context.xdc] for cell 'design_1_i/controlor/uir_slct/slct9/or_gate_1'
Finished Parsing XDC File [d:/coding/computer_organization/exp2nd/micro/project_1/project_1.gen/sources_1/bd/design_1/ip/design_1_or_gate_1_10/design_1_or_gate_1_10/design_1_or_gate_1_10_in_context.xdc] for cell 'design_1_i/controlor/uir_slct/slct9/or_gate_1'
Parsing XDC File [d:/coding/computer_organization/exp2nd/micro/project_1/project_1.gen/sources_1/bd/design_1/ip/design_1_single_4_to_bus_0_1/design_1_single_4_to_bus_0_1/design_1_single_4_to_bus_0_1_in_context.xdc] for cell 'design_1_i/controlor/single_4_to_bus_0'
Finished Parsing XDC File [d:/coding/computer_organization/exp2nd/micro/project_1/project_1.gen/sources_1/bd/design_1/ip/design_1_single_4_to_bus_0_1/design_1_single_4_to_bus_0_1/design_1_single_4_to_bus_0_1_in_context.xdc] for cell 'design_1_i/controlor/single_4_to_bus_0'
Parsing XDC File [d:/coding/computer_organization/exp2nd/micro/project_1/project_1.gen/sources_1/bd/design_1/ip/design_1_bus_to_single_4_0_0/design_1_bus_to_single_4_0_0/design_1_bus_to_single_4_0_0_in_context.xdc] for cell 'design_1_i/controlor/decode_32_0/bus_to_single_4_0'
Finished Parsing XDC File [d:/coding/computer_organization/exp2nd/micro/project_1/project_1.gen/sources_1/bd/design_1/ip/design_1_bus_to_single_4_0_0/design_1_bus_to_single_4_0_0/design_1_bus_to_single_4_0_0_in_context.xdc] for cell 'design_1_i/controlor/decode_32_0/bus_to_single_4_0'
Parsing XDC File [d:/coding/computer_organization/exp2nd/micro/project_1/project_1.gen/sources_1/bd/design_1/ip/design_1_decoder_2to4_0_0/design_1_decoder_2to4_0_0/design_1_decoder_2to4_0_0_in_context.xdc] for cell 'design_1_i/controlor/decode_32_0/decoder_2to4_0'
Finished Parsing XDC File [d:/coding/computer_organization/exp2nd/micro/project_1/project_1.gen/sources_1/bd/design_1/ip/design_1_decoder_2to4_0_0/design_1_decoder_2to4_0_0/design_1_decoder_2to4_0_0_in_context.xdc] for cell 'design_1_i/controlor/decode_32_0/decoder_2to4_0'
Parsing XDC File [d:/coding/computer_organization/exp2nd/micro/project_1/project_1.gen/sources_1/bd/design_1/ip/design_1_single_2_to_bus_0_0/design_1_single_2_to_bus_0_0/design_1_single_2_to_bus_0_0_in_context.xdc] for cell 'design_1_i/controlor/decode_32_0/single_2_to_bus_0'
Finished Parsing XDC File [d:/coding/computer_organization/exp2nd/micro/project_1/project_1.gen/sources_1/bd/design_1/ip/design_1_single_2_to_bus_0_0/design_1_single_2_to_bus_0_0/design_1_single_2_to_bus_0_0_in_context.xdc] for cell 'design_1_i/controlor/decode_32_0/single_2_to_bus_0'
Parsing XDC File [d:/coding/computer_organization/exp2nd/micro/project_1/project_1.gen/sources_1/bd/design_1/ip/design_1_rom_1kx23_0_0/design_1_rom_1kx23_0_0/design_1_rom_1kx23_0_0_in_context.xdc] for cell 'design_1_i/controlor/rom_1kx23_0'
Finished Parsing XDC File [d:/coding/computer_organization/exp2nd/micro/project_1/project_1.gen/sources_1/bd/design_1/ip/design_1_rom_1kx23_0_0/design_1_rom_1kx23_0_0/design_1_rom_1kx23_0_0_in_context.xdc] for cell 'design_1_i/controlor/rom_1kx23_0'
Parsing XDC File [d:/coding/computer_organization/exp2nd/micro/project_1/project_1.gen/sources_1/bd/design_1/ip/design_1_single_23_to_bus_0_0/design_1_single_23_to_bus_0_0/design_1_single_23_to_bus_0_0_in_context.xdc] for cell 'design_1_i/controlor/single_23_to_bus_0'
Finished Parsing XDC File [d:/coding/computer_organization/exp2nd/micro/project_1/project_1.gen/sources_1/bd/design_1/ip/design_1_single_23_to_bus_0_0/design_1_single_23_to_bus_0_0/design_1_single_23_to_bus_0_0_in_context.xdc] for cell 'design_1_i/controlor/single_23_to_bus_0'
Parsing XDC File [d:/coding/computer_organization/exp2nd/micro/project_1/project_1.gen/sources_1/bd/design_1/ip/design_1_not_gate_2_0/design_1_not_gate_2_0/design_1_not_gate_2_0_in_context.xdc] for cell 'design_1_i/controlor/not_gate_2'
Finished Parsing XDC File [d:/coding/computer_organization/exp2nd/micro/project_1/project_1.gen/sources_1/bd/design_1/ip/design_1_not_gate_2_0/design_1_not_gate_2_0/design_1_not_gate_2_0_in_context.xdc] for cell 'design_1_i/controlor/not_gate_2'
Parsing XDC File [d:/coding/computer_organization/exp2nd/micro/project_1/project_1.gen/sources_1/bd/design_1/ip/design_1_or_gate_0_11/design_1_or_gate_0_11/design_1_or_gate_0_11_in_context.xdc] for cell 'design_1_i/or_gate_0'
Finished Parsing XDC File [d:/coding/computer_organization/exp2nd/micro/project_1/project_1.gen/sources_1/bd/design_1/ip/design_1_or_gate_0_11/design_1_or_gate_0_11/design_1_or_gate_0_11_in_context.xdc] for cell 'design_1_i/or_gate_0'
Parsing XDC File [d:/coding/computer_organization/exp2nd/micro/project_1/project_1.gen/sources_1/bd/design_1/ip/design_1_and_gate_0_12/design_1_and_gate_0_12/design_1_and_gate_0_12_in_context.xdc] for cell 'design_1_i/and_gate_0'
Finished Parsing XDC File [d:/coding/computer_organization/exp2nd/micro/project_1/project_1.gen/sources_1/bd/design_1/ip/design_1_and_gate_0_12/design_1_and_gate_0_12/design_1_and_gate_0_12_in_context.xdc] for cell 'design_1_i/and_gate_0'
Parsing XDC File [d:/coding/computer_organization/exp2nd/micro/project_1/project_1.gen/sources_1/bd/design_1/ip/design_1_not_gate_1_1/design_1_not_gate_1_1/design_1_not_gate_1_1_in_context.xdc] for cell 'design_1_i/not_gate_1'
Finished Parsing XDC File [d:/coding/computer_organization/exp2nd/micro/project_1/project_1.gen/sources_1/bd/design_1/ip/design_1_not_gate_1_1/design_1_not_gate_1_1/design_1_not_gate_1_1_in_context.xdc] for cell 'design_1_i/not_gate_1'
Parsing XDC File [d:/coding/computer_organization/exp2nd/micro/project_1/project_1.gen/sources_1/bd/design_1/ip/design_1_ram_0_0/design_1_ram_0_0/design_1_ram_0_0_in_context.xdc] for cell 'design_1_i/ram_0'
Finished Parsing XDC File [d:/coding/computer_organization/exp2nd/micro/project_1/project_1.gen/sources_1/bd/design_1/ip/design_1_ram_0_0/design_1_ram_0_0/design_1_ram_0_0_in_context.xdc] for cell 'design_1_i/ram_0'
Parsing XDC File [d:/coding/computer_organization/exp2nd/micro/project_1/project_1.gen/sources_1/bd/design_1/ip/design_1_trans1_0_1/design_1_trans1_0_1/design_1_trans1_0_1_in_context.xdc] for cell 'design_1_i/trans1_0'
Finished Parsing XDC File [d:/coding/computer_organization/exp2nd/micro/project_1/project_1.gen/sources_1/bd/design_1/ip/design_1_trans1_0_1/design_1_trans1_0_1/design_1_trans1_0_1_in_context.xdc] for cell 'design_1_i/trans1_0'
Parsing XDC File [d:/coding/computer_organization/exp2nd/micro/project_1/project_1.gen/sources_1/bd/design_1/ip/design_1_not_gate_0_0/design_1_not_gate_0_0/design_1_not_gate_0_0_in_context.xdc] for cell 'design_1_i/not_gate_0'
Finished Parsing XDC File [d:/coding/computer_organization/exp2nd/micro/project_1/project_1.gen/sources_1/bd/design_1/ip/design_1_not_gate_0_0/design_1_not_gate_0_0/design_1_not_gate_0_0_in_context.xdc] for cell 'design_1_i/not_gate_0'
Parsing XDC File [d:/coding/computer_organization/exp2nd/micro/project_1/project_1.gen/sources_1/bd/design_1/ip/design_1_adpt_out_final_0_0_0/design_1_adpt_out_final_0_0_0/design_1_adpt_out_final_0_0_0_in_context.xdc] for cell 'design_1_i/adpt_out_final_0_0'
Finished Parsing XDC File [d:/coding/computer_organization/exp2nd/micro/project_1/project_1.gen/sources_1/bd/design_1/ip/design_1_adpt_out_final_0_0_0/design_1_adpt_out_final_0_0_0/design_1_adpt_out_final_0_0_0_in_context.xdc] for cell 'design_1_i/adpt_out_final_0_0'
Parsing XDC File [d:/coding/computer_organization/exp2nd/micro/project_1/project_1.gen/sources_1/bd/design_1/ip/design_1_adpt_out_12_0_0_0/design_1_adpt_out_12_0_0_0/design_1_adpt_out_12_0_0_0_in_context.xdc] for cell 'design_1_i/adpt_out_12_0_0'
Finished Parsing XDC File [d:/coding/computer_organization/exp2nd/micro/project_1/project_1.gen/sources_1/bd/design_1/ip/design_1_adpt_out_12_0_0_0/design_1_adpt_out_12_0_0_0/design_1_adpt_out_12_0_0_0_in_context.xdc] for cell 'design_1_i/adpt_out_12_0_0'
Parsing XDC File [D:/coding/computer_organization/exp2nd/micro/project_1/project_1.runs/synth_1/dont_touch.xdc]
Finished Parsing XDC File [D:/coding/computer_organization/exp2nd/micro/project_1/project_1.runs/synth_1/dont_touch.xdc]
Completed Processing XDC Constraints

Netlist sorting complete. Time (s): cpu = 00:00:00 ; elapsed = 00:00:00 . Memory (MB): peak = 1269.320 ; gain = 0.000
INFO: [Project 1-111] Unisim Transformation Summary:
No Unisim elements were transformed.

Constraint Validation Runtime : Time (s): cpu = 00:00:00 ; elapsed = 00:00:00.042 . Memory (MB): peak = 1269.320 ; gain = 0.000
INFO: [Designutils 20-5440] No compile time benefit to using incremental synthesis; A full resynthesis will be run
INFO: [Designutils 20-4379] Flow is switching to default flow due to incremental criteria not met. If you would like to alter this behaviour and have the flow terminate instead, please set the following parameter config_implementation {autoIncr.Synth.RejectBehavior Terminate}
---------------------------------------------------------------------------------
Finished Constraint Validation : Time (s): cpu = 00:00:31 ; elapsed = 00:00:34 . Memory (MB): peak = 1269.320 ; gain = 584.086
---------------------------------------------------------------------------------
---------------------------------------------------------------------------------
Start Loading Part and Timing Information
---------------------------------------------------------------------------------
Loading part: xc7z020clg400-1
---------------------------------------------------------------------------------
Finished Loading Part and Timing Information : Time (s): cpu = 00:00:31 ; elapsed = 00:00:34 . Memory (MB): peak = 1269.320 ; gain = 584.086
---------------------------------------------------------------------------------
---------------------------------------------------------------------------------
Start Applying 'set_property' XDC Constraints
---------------------------------------------------------------------------------
Applied set_property KEEP_HIERARCHY = SOFT for design_1_i. (constraint file  auto generated constraint).
Applied set_property KEEP_HIERARCHY = SOFT for design_1_i/cg_fpga_0. (constraint file  auto generated constraint).
Applied set_property KEEP_HIERARCHY = SOFT for design_1_i/adder/bus_to_group_0. (constraint file  auto generated constraint).
Applied set_property KEEP_HIERARCHY = SOFT for design_1_i/adder/bus_to_group_1. (constraint file  auto generated constraint).
Applied set_property KEEP_HIERARCHY = SOFT for design_1_i/adder/single_4_to_bus_2. (constraint file  auto generated constraint).
Applied set_property KEEP_HIERARCHY = SOFT for design_1_i/adder/alu_74181_3. (constraint file  auto generated constraint).
Applied set_property KEEP_HIERARCHY = SOFT for design_1_i/adder/alu_74181_2. (constraint file  auto generated constraint).
Applied set_property KEEP_HIERARCHY = SOFT for design_1_i/adder/alu_74181_1. (constraint file  auto generated constraint).
Applied set_property KEEP_HIERARCHY = SOFT for design_1_i/adder/alu_74181_0. (constraint file  auto generated constraint).
Applied set_property KEEP_HIERARCHY = SOFT for design_1_i/adder/single_4_to_bus_0. (constraint file  auto generated constraint).
Applied set_property KEEP_HIERARCHY = SOFT for design_1_i/adder/single_4_to_bus_1. (constraint file  auto generated constraint).
Applied set_property KEEP_HIERARCHY = SOFT for design_1_i/adder/group_to_bus_0. (constraint file  auto generated constraint).
Applied set_property KEEP_HIERARCHY = SOFT for design_1_i/adder/carry_lookahead_74182_0. (constraint file  auto generated constraint).
Applied set_property KEEP_HIERARCHY = SOFT for design_1_i/adder/bus_to_single_3_0. (constraint file  auto generated constraint).
Applied set_property KEEP_HIERARCHY = SOFT for design_1_i/xlconstant_0. (constraint file  auto generated constraint).
Applied set_property KEEP_HIERARCHY = SOFT for design_1_i/xlconstant_1. (constraint file  auto generated constraint).
Applied set_property KEEP_HIERARCHY = SOFT for design_1_i/pc/and_gate_0. (constraint file  auto generated constraint).
Applied set_property KEEP_HIERARCHY = SOFT for design_1_i/pc/group_to_bus_8_0_0. (constraint file  auto generated constraint).
Applied set_property KEEP_HIERARCHY = SOFT for design_1_i/pc/ic_74161_0. (constraint file  auto generated constraint).
Applied set_property KEEP_HIERARCHY = SOFT for design_1_i/pc/ic_74161_1. (constraint file  auto generated constraint).
Applied set_property KEEP_HIERARCHY = SOFT for design_1_i/pc/register_16bit_0. (constraint file  auto generated constraint).
Applied set_property KEEP_HIERARCHY = SOFT for design_1_i/pc/trans_0. (constraint file  auto generated constraint).
Applied set_property KEEP_HIERARCHY = SOFT for design_1_i/pc_0. (constraint file  auto generated constraint).
Applied set_property KEEP_HIERARCHY = SOFT for design_1_i/register_16bit_0. (constraint file  auto generated constraint).
Applied set_property KEEP_HIERARCHY = SOFT for design_1_i/bus_mux_16_0. (constraint file  auto generated constraint).
Applied set_property KEEP_HIERARCHY = SOFT for design_1_i/register_16bit_1. (constraint file  auto generated constraint).
Applied set_property KEEP_HIERARCHY = SOFT for design_1_i/register_16bit_2. (constraint file  auto generated constraint).
Applied set_property KEEP_HIERARCHY = SOFT for design_1_i/register_16bit_3. (constraint file  auto generated constraint).
Applied set_property KEEP_HIERARCHY = SOFT for design_1_i/register_16bit_4. (constraint file  auto generated constraint).
Applied set_property KEEP_HIERARCHY = SOFT for design_1_i/register_16bit_5. (constraint file  auto generated constraint).
Applied set_property KEEP_HIERARCHY = SOFT for design_1_i/register_16bit_6. (constraint file  auto generated constraint).
Applied set_property KEEP_HIERARCHY = SOFT for design_1_i/register_16bit_7. (constraint file  auto generated constraint).
Applied set_property KEEP_HIERARCHY = SOFT for design_1_i/register_16bit_8. (constraint file  auto generated constraint).
Applied set_property KEEP_HIERARCHY = SOFT for design_1_i/controlor/group_to_bus_12_0_0. (constraint file  auto generated constraint).
Applied set_property KEEP_HIERARCHY = SOFT for design_1_i/controlor/group_to_bus_12_10_0_0. (constraint file  auto generated constraint).
Applied set_property KEEP_HIERARCHY = SOFT for design_1_i/controlor/single_4_to_bus_1. (constraint file  auto generated constraint).
Applied set_property KEEP_HIERARCHY = SOFT for design_1_i/controlor/single_4_to_bus_2. (constraint file  auto generated constraint).
Applied set_property KEEP_HIERARCHY = SOFT for design_1_i/controlor/upc_0. (constraint file  auto generated constraint).
Applied set_property KEEP_HIERARCHY = SOFT for design_1_i/controlor/cnt/ic_74161_0. (constraint file  auto generated constraint).
Applied set_property KEEP_HIERARCHY = SOFT for design_1_i/controlor/cnt/ic_74161_1. (constraint file  auto generated constraint).
Applied set_property KEEP_HIERARCHY = SOFT for design_1_i/controlor/cnt/ic_74161_2. (constraint file  auto generated constraint).
Applied set_property KEEP_HIERARCHY = SOFT for design_1_i/controlor/cnt/bus_to_group_12_0_0. (constraint file  auto generated constraint).
Applied set_property KEEP_HIERARCHY = SOFT for design_1_i/controlor/decode_32_1/bus_to_single_4_0. (constraint file  auto generated constraint).
Applied set_property KEEP_HIERARCHY = SOFT for design_1_i/controlor/decode_32_1/decoder_2to4_0. (constraint file  auto generated constraint).
Applied set_property KEEP_HIERARCHY = SOFT for design_1_i/controlor/decode_32_1/single_2_to_bus_0. (constraint file  auto generated constraint).
Applied set_property KEEP_HIERARCHY = SOFT for design_1_i/controlor/decode_38/bus_to_single_8_0. (constraint file  auto generated constraint).
Applied set_property KEEP_HIERARCHY = SOFT for design_1_i/controlor/decode_38/decoder_3to8_0. (constraint file  auto generated constraint).
Applied set_property KEEP_HIERARCHY = SOFT for design_1_i/controlor/decode_38/single_3_to_bus_0. (constraint file  auto generated constraint).
Applied set_property KEEP_HIERARCHY = SOFT for design_1_i/controlor/decode_39/bus_to_single_8_0. (constraint file  auto generated constraint).
Applied set_property KEEP_HIERARCHY = SOFT for design_1_i/controlor/decode_39/decoder_3to8_0. (constraint file  auto generated constraint).
Applied set_property KEEP_HIERARCHY = SOFT for design_1_i/controlor/decode_39/single_3_to_bus_0. (constraint file  auto generated constraint).
Applied set_property KEEP_HIERARCHY = SOFT for design_1_i/controlor/decode_40/bus_to_single_8_0. (constraint file  auto generated constraint).
Applied set_property KEEP_HIERARCHY = SOFT for design_1_i/controlor/decode_40/decoder_3to8_0. (constraint file  auto generated constraint).
Applied set_property KEEP_HIERARCHY = SOFT for design_1_i/controlor/decode_40/single_3_to_bus_0. (constraint file  auto generated constraint).
Applied set_property KEEP_HIERARCHY = SOFT for design_1_i/controlor/uir_slct/slct/and_gate_0. (constraint file  auto generated constraint).
Applied set_property KEEP_HIERARCHY = SOFT for design_1_i/controlor/uir_slct/slct/and_gate_1. (constraint file  auto generated constraint).
Applied set_property KEEP_HIERARCHY = SOFT for design_1_i/controlor/uir_slct/slct/and_gate_2. (constraint file  auto generated constraint).
Applied set_property KEEP_HIERARCHY = SOFT for design_1_i/controlor/uir_slct/slct/or_gate_0. (constraint file  auto generated constraint).
Applied set_property KEEP_HIERARCHY = SOFT for design_1_i/controlor/uir_slct/slct/or_gate_1. (constraint file  auto generated constraint).
Applied set_property KEEP_HIERARCHY = SOFT for design_1_i/controlor/uir_slct/slct1/and_gate_0. (constraint file  auto generated constraint).
Applied set_property KEEP_HIERARCHY = SOFT for design_1_i/controlor/uir_slct/slct1/and_gate_1. (constraint file  auto generated constraint).
Applied set_property KEEP_HIERARCHY = SOFT for design_1_i/controlor/uir_slct/slct1/and_gate_2. (constraint file  auto generated constraint).
Applied set_property KEEP_HIERARCHY = SOFT for design_1_i/controlor/uir_slct/slct1/or_gate_0. (constraint file  auto generated constraint).
Applied set_property KEEP_HIERARCHY = SOFT for design_1_i/controlor/uir_slct/slct1/or_gate_1. (constraint file  auto generated constraint).
Applied set_property KEEP_HIERARCHY = SOFT for design_1_i/controlor/uir_slct/slct2/and_gate_0. (constraint file  auto generated constraint).
Applied set_property KEEP_HIERARCHY = SOFT for design_1_i/controlor/uir_slct/slct2/and_gate_1. (constraint file  auto generated constraint).
Applied set_property KEEP_HIERARCHY = SOFT for design_1_i/controlor/uir_slct/slct2/and_gate_2. (constraint file  auto generated constraint).
Applied set_property KEEP_HIERARCHY = SOFT for design_1_i/controlor/uir_slct/slct2/or_gate_0. (constraint file  auto generated constraint).
Applied set_property KEEP_HIERARCHY = SOFT for design_1_i/controlor/uir_slct/slct2/or_gate_1. (constraint file  auto generated constraint).
Applied set_property KEEP_HIERARCHY = SOFT for design_1_i/controlor/uir_slct/slct3/and_gate_0. (constraint file  auto generated constraint).
Applied set_property KEEP_HIERARCHY = SOFT for design_1_i/controlor/uir_slct/slct3/and_gate_1. (constraint file  auto generated constraint).
Applied set_property KEEP_HIERARCHY = SOFT for design_1_i/controlor/uir_slct/slct3/and_gate_2. (constraint file  auto generated constraint).
Applied set_property KEEP_HIERARCHY = SOFT for design_1_i/controlor/uir_slct/slct3/or_gate_0. (constraint file  auto generated constraint).
Applied set_property KEEP_HIERARCHY = SOFT for design_1_i/controlor/uir_slct/slct3/or_gate_1. (constraint file  auto generated constraint).
Applied set_property KEEP_HIERARCHY = SOFT for design_1_i/controlor/uir_slct/slct4/and_gate_0. (constraint file  auto generated constraint).
Applied set_property KEEP_HIERARCHY = SOFT for design_1_i/controlor/uir_slct/slct4/and_gate_1. (constraint file  auto generated constraint).
Applied set_property KEEP_HIERARCHY = SOFT for design_1_i/controlor/uir_slct/slct4/and_gate_2. (constraint file  auto generated constraint).
Applied set_property KEEP_HIERARCHY = SOFT for design_1_i/controlor/uir_slct/slct4/or_gate_0. (constraint file  auto generated constraint).
Applied set_property KEEP_HIERARCHY = SOFT for design_1_i/controlor/uir_slct/slct4/or_gate_1. (constraint file  auto generated constraint).
Applied set_property KEEP_HIERARCHY = SOFT for design_1_i/controlor/uir_slct/slct5/and_gate_0. (constraint file  auto generated constraint).
Applied set_property KEEP_HIERARCHY = SOFT for design_1_i/controlor/uir_slct/slct5/and_gate_1. (constraint file  auto generated constraint).
Applied set_property KEEP_HIERARCHY = SOFT for design_1_i/controlor/uir_slct/slct5/and_gate_2. (constraint file  auto generated constraint).
Applied set_property KEEP_HIERARCHY = SOFT for design_1_i/controlor/uir_slct/slct5/or_gate_0. (constraint file  auto generated constraint).
Applied set_property KEEP_HIERARCHY = SOFT for design_1_i/controlor/uir_slct/slct5/or_gate_1. (constraint file  auto generated constraint).
Applied set_property KEEP_HIERARCHY = SOFT for design_1_i/controlor/uir_slct/slct6/and_gate_0. (constraint file  auto generated constraint).
Applied set_property KEEP_HIERARCHY = SOFT for design_1_i/controlor/uir_slct/slct6/and_gate_1. (constraint file  auto generated constraint).
Applied set_property KEEP_HIERARCHY = SOFT for design_1_i/controlor/uir_slct/slct6/and_gate_2. (constraint file  auto generated constraint).
Applied set_property KEEP_HIERARCHY = SOFT for design_1_i/controlor/uir_slct/slct6/or_gate_0. (constraint file  auto generated constraint).
Applied set_property KEEP_HIERARCHY = SOFT for design_1_i/controlor/uir_slct/slct6/or_gate_1. (constraint file  auto generated constraint).
Applied set_property KEEP_HIERARCHY = SOFT for design_1_i/controlor/uir_slct/slct7/and_gate_0. (constraint file  auto generated constraint).
Applied set_property KEEP_HIERARCHY = SOFT for design_1_i/controlor/uir_slct/slct7/and_gate_1. (constraint file  auto generated constraint).
Applied set_property KEEP_HIERARCHY = SOFT for design_1_i/controlor/uir_slct/slct7/and_gate_2. (constraint file  auto generated constraint).
Applied set_property KEEP_HIERARCHY = SOFT for design_1_i/controlor/uir_slct/slct7/or_gate_0. (constraint file  auto generated constraint).
Applied set_property KEEP_HIERARCHY = SOFT for design_1_i/controlor/uir_slct/slct7/or_gate_1. (constraint file  auto generated constraint).
Applied set_property KEEP_HIERARCHY = SOFT for design_1_i/controlor/uir_slct/slct8/and_gate_0. (constraint file  auto generated constraint).
Applied set_property KEEP_HIERARCHY = SOFT for design_1_i/controlor/uir_slct/slct8/and_gate_1. (constraint file  auto generated constraint).
Applied set_property KEEP_HIERARCHY = SOFT for design_1_i/controlor/uir_slct/slct8/and_gate_2. (constraint file  auto generated constraint).
Applied set_property KEEP_HIERARCHY = SOFT for design_1_i/controlor/uir_slct/slct8/or_gate_0. (constraint file  auto generated constraint).
Applied set_property KEEP_HIERARCHY = SOFT for design_1_i/controlor/uir_slct/slct8/or_gate_1. (constraint file  auto generated constraint).
Applied set_property KEEP_HIERARCHY = SOFT for design_1_i/controlor/uir_slct/slct9/and_gate_0. (constraint file  auto generated constraint).
Applied set_property KEEP_HIERARCHY = SOFT for design_1_i/controlor/uir_slct/slct9/and_gate_1. (constraint file  auto generated constraint).
Applied set_property KEEP_HIERARCHY = SOFT for design_1_i/controlor/uir_slct/slct9/and_gate_2. (constraint file  auto generated constraint).
Applied set_property KEEP_HIERARCHY = SOFT for design_1_i/controlor/uir_slct/slct9/or_gate_0. (constraint file  auto generated constraint).
Applied set_property KEEP_HIERARCHY = SOFT for design_1_i/controlor/uir_slct/slct9/or_gate_1. (constraint file  auto generated constraint).
Applied set_property KEEP_HIERARCHY = SOFT for design_1_i/controlor/single_4_to_bus_0. (constraint file  auto generated constraint).
Applied set_property KEEP_HIERARCHY = SOFT for design_1_i/controlor/decode_32_0/bus_to_single_4_0. (constraint file  auto generated constraint).
Applied set_property KEEP_HIERARCHY = SOFT for design_1_i/controlor/decode_32_0/decoder_2to4_0. (constraint file  auto generated constraint).
Applied set_property KEEP_HIERARCHY = SOFT for design_1_i/controlor/decode_32_0/single_2_to_bus_0. (constraint file  auto generated constraint).
Applied set_property KEEP_HIERARCHY = SOFT for design_1_i/controlor/rom_1kx23_0. (constraint file  auto generated constraint).
Applied set_property KEEP_HIERARCHY = SOFT for design_1_i/controlor/single_23_to_bus_0. (constraint file  auto generated constraint).
Applied set_property KEEP_HIERARCHY = SOFT for design_1_i/controlor/not_gate_2. (constraint file  auto generated constraint).
Applied set_property KEEP_HIERARCHY = SOFT for design_1_i/or_gate_0. (constraint file  auto generated constraint).
Applied set_property KEEP_HIERARCHY = SOFT for design_1_i/and_gate_0. (constraint file  auto generated constraint).
Applied set_property KEEP_HIERARCHY = SOFT for design_1_i/not_gate_1. (constraint file  auto generated constraint).
Applied set_property KEEP_HIERARCHY = SOFT for design_1_i/ram_0. (constraint file  auto generated constraint).
Applied set_property KEEP_HIERARCHY = SOFT for design_1_i/trans1_0. (constraint file  auto generated constraint).
Applied set_property KEEP_HIERARCHY = SOFT for design_1_i/not_gate_0. (constraint file  auto generated constraint).
Applied set_property KEEP_HIERARCHY = SOFT for design_1_i/adpt_out_final_0_0. (constraint file  auto generated constraint).
Applied set_property KEEP_HIERARCHY = SOFT for design_1_i/adpt_out_12_0_0. (constraint file  auto generated constraint).
---------------------------------------------------------------------------------
Finished applying 'set_property' XDC Constraints : Time (s): cpu = 00:00:32 ; elapsed = 00:00:35 . Memory (MB): peak = 1269.320 ; gain = 584.086
---------------------------------------------------------------------------------
---------------------------------------------------------------------------------
Finished RTL Optimization Phase 2 : Time (s): cpu = 00:00:32 ; elapsed = 00:00:35 . Memory (MB): peak = 1269.320 ; gain = 584.086
---------------------------------------------------------------------------------
---------------------------------------------------------------------------------
Start RTL Component Statistics 
---------------------------------------------------------------------------------
Detailed RTL Component Info : 
---------------------------------------------------------------------------------
Finished RTL Component Statistics 
---------------------------------------------------------------------------------
---------------------------------------------------------------------------------
Start Part Resource Summary
---------------------------------------------------------------------------------
Part Resources:
DSPs: 220 (col length:60)
BRAMs: 280 (col length: RAMB18 60 RAMB36 30)
---------------------------------------------------------------------------------
Finished Part Resource Summary
---------------------------------------------------------------------------------
---------------------------------------------------------------------------------
Start Cross Boundary and Area Optimization
---------------------------------------------------------------------------------
WARNING: [Synth 8-7080] Parallel synthesis criteria is not met
---------------------------------------------------------------------------------
Finished Cross Boundary and Area Optimization : Time (s): cpu = 00:00:35 ; elapsed = 00:00:39 . Memory (MB): peak = 1269.320 ; gain = 584.086
---------------------------------------------------------------------------------
---------------------------------------------------------------------------------
Start Applying XDC Timing Constraints
---------------------------------------------------------------------------------
---------------------------------------------------------------------------------
Finished Applying XDC Timing Constraints : Time (s): cpu = 00:00:47 ; elapsed = 00:00:51 . Memory (MB): peak = 1437.086 ; gain = 751.852
---------------------------------------------------------------------------------
---------------------------------------------------------------------------------
Start Timing Optimization
---------------------------------------------------------------------------------
---------------------------------------------------------------------------------
Finished Timing Optimization : Time (s): cpu = 00:00:47 ; elapsed = 00:00:51 . Memory (MB): peak = 1437.086 ; gain = 751.852
---------------------------------------------------------------------------------
---------------------------------------------------------------------------------
Start Technology Mapping
---------------------------------------------------------------------------------
---------------------------------------------------------------------------------
Finished Technology Mapping : Time (s): cpu = 00:00:47 ; elapsed = 00:00:51 . Memory (MB): peak = 1447.457 ; gain = 762.223
---------------------------------------------------------------------------------
---------------------------------------------------------------------------------
Start IO Insertion
---------------------------------------------------------------------------------
---------------------------------------------------------------------------------
Start Flattening Before IO Insertion
---------------------------------------------------------------------------------
---------------------------------------------------------------------------------
Finished Flattening Before IO Insertion
---------------------------------------------------------------------------------
---------------------------------------------------------------------------------
Start Final Netlist Cleanup
---------------------------------------------------------------------------------
---------------------------------------------------------------------------------
Finished Final Netlist Cleanup
---------------------------------------------------------------------------------
---------------------------------------------------------------------------------
Finished IO Insertion : Time (s): cpu = 00:00:54 ; elapsed = 00:00:59 . Memory (MB): peak = 1663.695 ; gain = 978.461
---------------------------------------------------------------------------------
---------------------------------------------------------------------------------
Start Renaming Generated Instances
---------------------------------------------------------------------------------
---------------------------------------------------------------------------------
Finished Renaming Generated Instances : Time (s): cpu = 00:00:54 ; elapsed = 00:00:59 . Memory (MB): peak = 1663.695 ; gain = 978.461
---------------------------------------------------------------------------------
---------------------------------------------------------------------------------
Start Rebuilding User Hierarchy
---------------------------------------------------------------------------------
---------------------------------------------------------------------------------
Finished Rebuilding User Hierarchy : Time (s): cpu = 00:00:54 ; elapsed = 00:00:59 . Memory (MB): peak = 1663.695 ; gain = 978.461
---------------------------------------------------------------------------------
---------------------------------------------------------------------------------
Start Renaming Generated Ports
---------------------------------------------------------------------------------
---------------------------------------------------------------------------------
Finished Renaming Generated Ports : Time (s): cpu = 00:00:54 ; elapsed = 00:00:59 . Memory (MB): peak = 1663.695 ; gain = 978.461
---------------------------------------------------------------------------------
---------------------------------------------------------------------------------
Start Handling Custom Attributes
---------------------------------------------------------------------------------
---------------------------------------------------------------------------------
Finished Handling Custom Attributes : Time (s): cpu = 00:00:54 ; elapsed = 00:00:59 . Memory (MB): peak = 1663.695 ; gain = 978.461
---------------------------------------------------------------------------------
---------------------------------------------------------------------------------
Start Renaming Generated Nets
---------------------------------------------------------------------------------
---------------------------------------------------------------------------------
Finished Renaming Generated Nets : Time (s): cpu = 00:00:54 ; elapsed = 00:00:59 . Memory (MB): peak = 1663.695 ; gain = 978.461
---------------------------------------------------------------------------------
---------------------------------------------------------------------------------
Start Writing Synthesis Report
---------------------------------------------------------------------------------

Report BlackBoxes: 
+------+-----------------------------------+----------+
|      |BlackBox name                      |Instances |
+------+-----------------------------------+----------+
|1     |design_1_adpt_out_12_0_0_0         |         1|
|2     |design_1_adpt_out_final_0_0_0      |         1|
|3     |design_1_and_gate_0_12             |         1|
|4     |design_1_bus_mux_16_0_0            |         1|
|5     |design_1_cg_fpga_0_0               |         1|
|6     |design_1_not_gate_0_0              |         1|
|7     |design_1_not_gate_1_1              |         1|
|8     |design_1_or_gate_0_11              |         1|
|9     |design_1_pc_0_0                    |         1|
|10    |design_1_ram_0_0                   |         1|
|11    |design_1_register_16bit_0_1        |         1|
|12    |design_1_register_16bit_1_0        |         1|
|13    |design_1_register_16bit_2_0        |         1|
|14    |design_1_register_16bit_3_0        |         1|
|15    |design_1_register_16bit_4_0        |         1|
|16    |design_1_register_16bit_5_0        |         1|
|17    |design_1_register_16bit_6_0        |         1|
|18    |design_1_register_16bit_7_0        |         1|
|19    |design_1_register_16bit_8_0        |         1|
|20    |design_1_trans1_0_1                |         1|
|21    |design_1_alu_74181_0_0             |         1|
|22    |design_1_alu_74181_1_0             |         1|
|23    |design_1_alu_74181_2_0             |         1|
|24    |design_1_alu_74181_3_0             |         1|
|25    |design_1_bus_to_group_0_0          |         1|
|26    |design_1_bus_to_group_1_0          |         1|
|27    |design_1_bus_to_single_3_0_0       |         1|
|28    |design_1_carry_lookahead_74182_0_0 |         1|
|29    |design_1_group_to_bus_0_0          |         1|
|30    |design_1_single_4_to_bus_0_0       |         1|
|31    |design_1_single_4_to_bus_1_0       |         1|
|32    |design_1_single_4_to_bus_2_0       |         1|
|33    |design_1_group_to_bus_12_0_0_0     |         1|
|34    |design_1_group_to_bus_12_10_0_0_0  |         1|
|35    |design_1_not_gate_2_0              |         1|
|36    |design_1_rom_1kx23_0_0             |         1|
|37    |design_1_single_23_to_bus_0_0      |         1|
|38    |design_1_single_4_to_bus_0_1       |         1|
|39    |design_1_single_4_to_bus_1_1       |         1|
|40    |design_1_single_4_to_bus_2_1       |         1|
|41    |design_1_upc_0_0                   |         1|
|42    |design_1_bus_to_group_12_0_0_0     |         1|
|43    |design_1_ic_74161_0_0              |         1|
|44    |design_1_ic_74161_1_0              |         1|
|45    |design_1_ic_74161_2_0              |         1|
|46    |design_1_bus_to_single_4_0_0       |         1|
|47    |design_1_decoder_2to4_0_0          |         1|
|48    |design_1_single_2_to_bus_0_0       |         1|
|49    |design_1_bus_to_single_4_0_1       |         1|
|50    |design_1_decoder_2to4_0_1          |         1|
|51    |design_1_single_2_to_bus_0_1       |         1|
|52    |design_1_bus_to_single_8_0_0       |         1|
|53    |design_1_decoder_3to8_0_0          |         1|
|54    |design_1_single_3_to_bus_0_0       |         1|
|55    |design_1_bus_to_single_8_0_1       |         1|
|56    |design_1_decoder_3to8_0_1          |         1|
|57    |design_1_single_3_to_bus_0_1       |         1|
|58    |design_1_bus_to_single_8_0_2       |         1|
|59    |design_1_decoder_3to8_0_2          |         1|
|60    |design_1_single_3_to_bus_0_2       |         1|
|61    |design_1_and_gate_0_0              |         1|
|62    |design_1_and_gate_1_0              |         1|
|63    |design_1_and_gate_2_0              |         1|
|64    |design_1_or_gate_0_0               |         1|
|65    |design_1_or_gate_1_0               |         1|
|66    |design_1_and_gate_0_1              |         1|
|67    |design_1_and_gate_1_1              |         1|
|68    |design_1_and_gate_2_1              |         1|
|69    |design_1_or_gate_0_1               |         1|
|70    |design_1_or_gate_1_1               |         1|
|71    |design_1_and_gate_0_2              |         1|
|72    |design_1_and_gate_1_2              |         1|
|73    |design_1_and_gate_2_2              |         1|
|74    |design_1_or_gate_0_2               |         1|
|75    |design_1_or_gate_1_2               |         1|
|76    |design_1_and_gate_0_3              |         1|
|77    |design_1_and_gate_1_3              |         1|
|78    |design_1_and_gate_2_3              |         1|
|79    |design_1_or_gate_0_3               |         1|
|80    |design_1_or_gate_1_3               |         1|
|81    |design_1_and_gate_0_4              |         1|
|82    |design_1_and_gate_1_4              |         1|
|83    |design_1_and_gate_2_4              |         1|
|84    |design_1_or_gate_0_4               |         1|
|85    |design_1_or_gate_1_4               |         1|
|86    |design_1_and_gate_0_5              |         1|
|87    |design_1_and_gate_1_5              |         1|
|88    |design_1_and_gate_2_5              |         1|
|89    |design_1_or_gate_0_5               |         1|
|90    |design_1_or_gate_1_5               |         1|
|91    |design_1_and_gate_0_6              |         1|
|92    |design_1_and_gate_1_6              |         1|
|93    |design_1_and_gate_2_6              |         1|
|94    |design_1_or_gate_0_6               |         1|
|95    |design_1_or_gate_1_6               |         1|
|96    |design_1_and_gate_0_7              |         1|
|97    |design_1_and_gate_1_7              |         1|
|98    |design_1_and_gate_2_7              |         1|
|99    |design_1_or_gate_0_7               |         1|
|100   |design_1_or_gate_1_7               |         1|
|101   |design_1_and_gate_0_8              |         1|
|102   |design_1_and_gate_1_8              |         1|
|103   |design_1_and_gate_2_8              |         1|
|104   |design_1_or_gate_0_8               |         1|
|105   |design_1_or_gate_1_8               |         1|
|106   |design_1_and_gate_0_10             |         1|
|107   |design_1_and_gate_1_10             |         1|
|108   |design_1_and_gate_2_10             |         1|
|109   |design_1_or_gate_0_10              |         1|
|110   |design_1_or_gate_1_10              |         1|
|111   |design_1_and_gate_0_11             |         1|
|112   |design_1_group_to_bus_8_0_0_0      |         1|
|113   |design_1_ic_74161_0_1              |         1|
|114   |design_1_ic_74161_1_1              |         1|
|115   |design_1_register_16bit_0_0        |         1|
|116   |design_1_trans_0_1                 |         1|
+------+-----------------------------------+----------+

Report Cell Usage: 
+------+---------------------------------+------+
|      |Cell                             |Count |
+------+---------------------------------+------+
|1     |design_1_adpt_out_12_0_0         |     1|
|2     |design_1_adpt_out_final_0_0      |     1|
|3     |design_1_alu_74181_0             |     1|
|4     |design_1_alu_74181_1             |     1|
|5     |design_1_alu_74181_2             |     1|
|6     |design_1_alu_74181_3             |     1|
|7     |design_1_and_gate_0              |    12|
|19    |design_1_and_gate_1              |    10|
|29    |design_1_and_gate_2              |    10|
|39    |design_1_bus_mux_16_0            |     1|
|40    |design_1_bus_to_group_0          |     1|
|41    |design_1_bus_to_group_12_0_0     |     1|
|42    |design_1_bus_to_group_1          |     1|
|43    |design_1_bus_to_single_3_0       |     1|
|44    |design_1_bus_to_single_4_0       |     2|
|46    |design_1_bus_to_single_8_0       |     3|
|49    |design_1_carry_lookahead_74182_0 |     1|
|50    |design_1_cg_fpga_0               |     1|
|51    |design_1_decoder_2to4_0          |     2|
|53    |design_1_decoder_3to8_0          |     3|
|56    |design_1_group_to_bus_0          |     1|
|57    |design_1_group_to_bus_12_0_0     |     1|
|58    |design_1_group_to_bus_12_10_0_0  |     1|
|59    |design_1_group_to_bus_8_0_0      |     1|
|60    |design_1_ic_74161_0              |     2|
|62    |design_1_ic_74161_1              |     2|
|64    |design_1_ic_74161_2              |     1|
|65    |design_1_not_gate_0              |     1|
|66    |design_1_not_gate_1              |     1|
|67    |design_1_not_gate_2              |     1|
|68    |design_1_or_gate_0               |    11|
|79    |design_1_or_gate_1               |    10|
|89    |design_1_pc_0                    |     1|
|90    |design_1_ram_0                   |     1|
|91    |design_1_register_16bit_0        |     2|
|93    |design_1_register_16bit_1        |     1|
|94    |design_1_register_16bit_2        |     1|
|95    |design_1_register_16bit_3        |     1|
|96    |design_1_register_16bit_4        |     1|
|97    |design_1_register_16bit_5        |     1|
|98    |design_1_register_16bit_6        |     1|
|99    |design_1_register_16bit_7        |     1|
|100   |design_1_register_16bit_8        |     1|
|101   |design_1_rom_1kx23_0             |     1|
|102   |design_1_single_23_to_bus_0      |     1|
|103   |design_1_single_2_to_bus_0       |     2|
|105   |design_1_single_3_to_bus_0       |     3|
|108   |design_1_single_4_to_bus_0       |     2|
|110   |design_1_single_4_to_bus_1       |     2|
|112   |design_1_single_4_to_bus_2       |     2|
|114   |design_1_trans1_0                |     1|
|115   |design_1_trans_0                 |     1|
|116   |design_1_upc_0                   |     1|
+------+---------------------------------+------+
---------------------------------------------------------------------------------
Finished Writing Synthesis Report : Time (s): cpu = 00:00:54 ; elapsed = 00:00:59 . Memory (MB): peak = 1663.695 ; gain = 978.461
---------------------------------------------------------------------------------
Synthesis finished with 0 errors, 0 critical warnings and 1 warnings.
Synthesis Optimization Runtime : Time (s): cpu = 00:00:34 ; elapsed = 00:00:53 . Memory (MB): peak = 1663.695 ; gain = 978.461
Synthesis Optimization Complete : Time (s): cpu = 00:00:54 ; elapsed = 00:00:59 . Memory (MB): peak = 1663.695 ; gain = 978.461
INFO: [Project 1-571] Translating synthesized netlist
Netlist sorting complete. Time (s): cpu = 00:00:00 ; elapsed = 00:00:00.007 . Memory (MB): peak = 1663.695 ; gain = 0.000
INFO: [Project 1-570] Preparing netlist for logic optimization
INFO: [Opt 31-138] Pushed 0 inverter(s) to 0 load pin(s).
Netlist sorting complete. Time (s): cpu = 00:00:00 ; elapsed = 00:00:00 . Memory (MB): peak = 1676.488 ; gain = 0.000
INFO: [Project 1-111] Unisim Transformation Summary:
No Unisim elements were transformed.

Synth Design complete | Checksum: 10bd48b1
INFO: [Common 17-83] Releasing license: Synthesis
224 Infos, 74 Warnings, 0 Critical Warnings and 0 Errors encountered.
synth_design completed successfully
synth_design: Time (s): cpu = 00:01:04 ; elapsed = 00:02:29 . Memory (MB): peak = 1680.477 ; gain = 1248.203
INFO: [Common 17-1381] The checkpoint 'D:/coding/computer_organization/exp2nd/micro/project_1/project_1.runs/synth_1/design_1_wrapper.dcp' has been generated.
INFO: [Vivado 12-24828] Executing command : report_utilization -file design_1_wrapper_utilization_synth.rpt -pb design_1_wrapper_utilization_synth.pb
INFO: [Common 17-206] Exiting Vivado at Wed Nov 26 18:46:18 2025...
