Copyright 1986-2022 Xilinx, Inc. All Rights Reserved. Copyright 2022-2024 Advanced Micro Devices, Inc. All Rights Reserved.
---------------------------------------------------------------------------------------------------------------------------------------------------------------------------------------------------------------------------------------------
| Tool Version : Vivado v.2024.2 (win64) Build 5239630 Fri Nov 08 22:35:27 MST 2024
| Date         : Wed Nov 26 18:50:18 2025
| Host         : Celore running 64-bit major release  (build 9200)
| Command      : report_timing_summary -max_paths 10 -report_unconstrained -file design_1_wrapper_timing_summary_routed.rpt -pb design_1_wrapper_timing_summary_routed.pb -rpx design_1_wrapper_timing_summary_routed.rpx -warn_on_violation
| Design       : design_1_wrapper
| Device       : 7z020-clg400
| Speed File   : -1  PRODUCTION 1.12 2019-11-22
| Design State : Routed
---------------------------------------------------------------------------------------------------------------------------------------------------------------------------------------------------------------------------------------------

Timing Summary Report

------------------------------------------------------------------------------------------------
| Timer Settings
| --------------
------------------------------------------------------------------------------------------------

  Enable Multi Corner Analysis               :  Yes
  Enable Pessimism Removal                   :  Yes
  Pessimism Removal Resolution               :  Nearest Common Node
  Enable Input Delay Default Clock           :  No
  Enable Preset / Clear Arcs                 :  No
  Disable Flight Delays                      :  No
  Ignore I/O Paths                           :  No
  Timing Early Launch at Borrowing Latches   :  No
  Borrow Time for Max Delay Exceptions       :  Yes
  Merge Timing Exceptions                    :  Yes
  Inter-SLR Compensation                     :  Conservative

  Corner  Analyze    Analyze    
  Name    Max Paths  Min Paths  
  ------  ---------  ---------  
  Slow    Yes        Yes        
  Fast    Yes        Yes        


------------------------------------------------------------------------------------------------
| Report Methodology
| ------------------
------------------------------------------------------------------------------------------------

Rule       Severity          Description                   Violations  
---------  ----------------  ----------------------------  ----------  
TIMING-17  Critical Warning  Non-clocked sequential cell   201         
LUTAR-1    Warning           LUT drives async reset alert  3           

Note: This report is based on the most recent report_methodology run and may not be up-to-date. Run report_methodology on the current design for the latest report.



check_timing report

Table of Contents
-----------------
1. checking no_clock (221)
2. checking constant_clock (0)
3. checking pulse_width_clock (0)
4. checking unconstrained_internal_endpoints (547)
5. checking no_input_delay (0)
6. checking no_output_delay (0)
7. checking multiple_clock (0)
8. checking generated_clocks (0)
9. checking loops (0)
10. checking partial_input_delay (0)
11. checking partial_output_delay (0)
12. checking latch_loops (0)

1. checking no_clock (221)
--------------------------
 There are 201 register/latch pins with no clock driven by root clock pin: design_1_i/cg_fpga_0/inst/cg_fpga_axi_gpio_o2/U0/gpio_core_1/Dual.gpio_Data_Out_reg[19]/Q (HIGH)

 There are 16 register/latch pins with no clock driven by root clock pin: design_1_i/controlor/upc_0/inst/q_reg[11]/Q (HIGH)

 There are 2 register/latch pins with no clock driven by root clock pin: design_1_i/controlor/upc_0/inst/q_reg[4]/Q (HIGH)

 There are 2 register/latch pins with no clock driven by root clock pin: design_1_i/controlor/upc_0/inst/q_reg[5]/Q (HIGH)


2. checking constant_clock (0)
------------------------------
 There are 0 register/latch pins with constant_clock.


3. checking pulse_width_clock (0)
---------------------------------
 There are 0 register/latch pins which need pulse_width check


4. checking unconstrained_internal_endpoints (547)
--------------------------------------------------
 There are 547 pins that are not constrained for maximum delay. (HIGH)

 There are 0 pins that are not constrained for maximum delay due to constant clock.


5. checking no_input_delay (0)
------------------------------
 There are 0 input ports with no input delay specified.

 There are 0 input ports with no input delay but user has a false path constraint.


6. checking no_output_delay (0)
-------------------------------
 There are 0 ports with no output delay specified.

 There are 0 ports with no output delay but user has a false path constraint

 There are 0 ports with no output delay but with a timing clock defined on it or propagating through it


7. checking multiple_clock (0)
------------------------------
 There are 0 register/latch pins with multiple clocks.


8. checking generated_clocks (0)
--------------------------------
 There are 0 generated clocks that are not connected to a clock source.


9. checking loops (0)
---------------------
 There are 0 combinational loops in the design.


10. checking partial_input_delay (0)
------------------------------------
 There are 0 input ports with partial input delay specified.


11. checking partial_output_delay (0)
-------------------------------------
 There are 0 ports with partial output delay specified.


12. checking latch_loops (0)
----------------------------
 There are 0 combinational latch loops in the design through latch input



------------------------------------------------------------------------------------------------
| Design Timing Summary
| ---------------------
------------------------------------------------------------------------------------------------

    WNS(ns)      TNS(ns)  TNS Failing Endpoints  TNS Total Endpoints      WHS(ns)      THS(ns)  THS Failing Endpoints  THS Total Endpoints     WPWS(ns)     TPWS(ns)  TPWS Failing Endpoints  TPWS Total Endpoints  
    -------      -------  ---------------------  -------------------      -------      -------  ---------------------  -------------------     --------     --------  ----------------------  --------------------  
      2.869        0.000                      0                15874        0.007        0.000                      0                15874        3.750        0.000                       0                  6934  


All user specified timing constraints are met.


------------------------------------------------------------------------------------------------
| Clock Summary
| -------------
------------------------------------------------------------------------------------------------

Clock       Waveform(ns)       Period(ns)      Frequency(MHz)
-----       ------------       ----------      --------------
clk_fpga_0  {0.000 5.000}      10.000          100.000         


------------------------------------------------------------------------------------------------
| Intra Clock Table
| -----------------
------------------------------------------------------------------------------------------------

Clock             WNS(ns)      TNS(ns)  TNS Failing Endpoints  TNS Total Endpoints      WHS(ns)      THS(ns)  THS Failing Endpoints  THS Total Endpoints     WPWS(ns)     TPWS(ns)  TPWS Failing Endpoints  TPWS Total Endpoints  
-----             -------      -------  ---------------------  -------------------      -------      -------  ---------------------  -------------------     --------     --------  ----------------------  --------------------  
clk_fpga_0          2.869        0.000                      0                15778        0.007        0.000                      0                15778        3.750        0.000                       0                  6934  


------------------------------------------------------------------------------------------------
| Inter Clock Table
| -----------------
------------------------------------------------------------------------------------------------

From Clock    To Clock          WNS(ns)      TNS(ns)  TNS Failing Endpoints  TNS Total Endpoints      WHS(ns)      THS(ns)  THS Failing Endpoints  THS Total Endpoints  
----------    --------          -------      -------  ---------------------  -------------------      -------      -------  ---------------------  -------------------  


------------------------------------------------------------------------------------------------
| Other Path Groups Table
| -----------------------
------------------------------------------------------------------------------------------------

Path Group         From Clock         To Clock               WNS(ns)      TNS(ns)  TNS Failing Endpoints  TNS Total Endpoints      WHS(ns)      THS(ns)  THS Failing Endpoints  THS Total Endpoints  
----------         ----------         --------               -------      -------  ---------------------  -------------------      -------      -------  ---------------------  -------------------  
**async_default**  clk_fpga_0         clk_fpga_0               6.316        0.000                      0                   96        0.595        0.000                      0                   96  


------------------------------------------------------------------------------------------------
| User Ignored Path Table
| -----------------------
------------------------------------------------------------------------------------------------

Path Group    From Clock    To Clock    
----------    ----------    --------    
(none)                      clk_fpga_0    
(none)        clk_fpga_0    clk_fpga_0    


------------------------------------------------------------------------------------------------
| Unconstrained Path Table
| ------------------------
------------------------------------------------------------------------------------------------

Path Group    From Clock    To Clock    
----------    ----------    --------    
(none)                                    
(none)        clk_fpga_0                  


------------------------------------------------------------------------------------------------
| Timing Details
| --------------
------------------------------------------------------------------------------------------------


---------------------------------------------------------------------------------------------------
From Clock:  clk_fpga_0
  To Clock:  clk_fpga_0

Setup :            0  Failing Endpoints,  Worst Slack        2.869ns,  Total Violation        0.000ns
Hold  :            0  Failing Endpoints,  Worst Slack        0.007ns,  Total Violation        0.000ns
PW    :            0  Failing Endpoints,  Worst Slack        3.750ns,  Total Violation        0.000ns
---------------------------------------------------------------------------------------------------


Max Delay Paths
--------------------------------------------------------------------------------------
Slack (MET) :             2.869ns  (required time - arrival time)
  Source:                 design_1_i/cg_fpga_0/inst/cg_axi_vdma_0/U0/I_PRMRY_DATAMOVER/GEN_S2MM_FULL.I_S2MM_FULL_WRAPPER/GEN_INCLUDE_REALIGNER.I_S2MM_REALIGNER/GEN_INCLUDE_SCATTER.I_S2MM_SCATTER/sig_max_first_increment_reg[1]/C
                            (rising edge-triggered cell FDRE clocked by clk_fpga_0  {rise@0.000ns fall@5.000ns period=10.000ns})
  Destination:            design_1_i/cg_fpga_0/inst/cg_axi_vdma_0/U0/I_PRMRY_DATAMOVER/GEN_S2MM_FULL.I_S2MM_FULL_WRAPPER/GEN_INCLUDE_REALIGNER.I_S2MM_REALIGNER/GEN_INCLUDE_SCATTER.I_S2MM_SCATTER/sig_btt_eq_0_reg/D
                            (rising edge-triggered cell FDRE clocked by clk_fpga_0  {rise@0.000ns fall@5.000ns period=10.000ns})
  Path Group:             clk_fpga_0
  Path Type:              Setup (Max at Slow Process Corner)
  Requirement:            10.000ns  (clk_fpga_0 rise@10.000ns - clk_fpga_0 rise@0.000ns)
  Data Path Delay:        7.029ns  (logic 2.827ns (40.220%)  route 4.202ns (59.780%))
  Logic Levels:           10  (CARRY4=5 LUT4=3 LUT6=2)
  Clock Path Skew:        -0.025ns (DCD - SCD + CPR)
    Destination Clock Delay (DCD):    2.669ns = ( 12.669 - 10.000 ) 
    Source Clock Delay      (SCD):    2.958ns
    Clock Pessimism Removal (CPR):    0.264ns
  Clock Uncertainty:      0.154ns  ((TSJ^2 + TIJ^2)^1/2 + DJ) / 2 + PE
    Total System Jitter     (TSJ):    0.071ns
    Total Input Jitter      (TIJ):    0.300ns
    Discrete Jitter          (DJ):    0.000ns
    Phase Error              (PE):    0.000ns

    Location             Delay type                Incr(ns)  Path(ns)    Netlist Resource(s)
  -------------------------------------------------------------------    -------------------
                         (clock clk_fpga_0 rise edge)
                                                      0.000     0.000 r  
    PS7_X0Y0             PS7                          0.000     0.000 r  design_1_i/cg_fpga_0/inst/processing_system7_0/inst/PS7_i/FCLKCLK[0]
                         net (fo=1, routed)           1.193     1.193    design_1_i/cg_fpga_0/inst/processing_system7_0/inst/FCLK_CLK_unbuffered[0]
    BUFGCTRL_X0Y17       BUFG (Prop_bufg_I_O)         0.101     1.294 r  design_1_i/cg_fpga_0/inst/processing_system7_0/inst/buffer_fclk_clk_0.FCLK_CLK_0_BUFG/O
                         net (fo=6935, routed)        1.664     2.958    design_1_i/cg_fpga_0/inst/cg_axi_vdma_0/U0/I_PRMRY_DATAMOVER/GEN_S2MM_FULL.I_S2MM_FULL_WRAPPER/GEN_INCLUDE_REALIGNER.I_S2MM_REALIGNER/GEN_INCLUDE_SCATTER.I_S2MM_SCATTER/s_axi_lite_aclk
    SLICE_X38Y35         FDRE                                         r  design_1_i/cg_fpga_0/inst/cg_axi_vdma_0/U0/I_PRMRY_DATAMOVER/GEN_S2MM_FULL.I_S2MM_FULL_WRAPPER/GEN_INCLUDE_REALIGNER.I_S2MM_REALIGNER/GEN_INCLUDE_SCATTER.I_S2MM_SCATTER/sig_max_first_increment_reg[1]/C
  -------------------------------------------------------------------    -------------------
    SLICE_X38Y35         FDRE (Prop_fdre_C_Q)         0.518     3.476 r  design_1_i/cg_fpga_0/inst/cg_axi_vdma_0/U0/I_PRMRY_DATAMOVER/GEN_S2MM_FULL.I_S2MM_FULL_WRAPPER/GEN_INCLUDE_REALIGNER.I_S2MM_REALIGNER/GEN_INCLUDE_SCATTER.I_S2MM_SCATTER/sig_max_first_increment_reg[1]/Q
                         net (fo=4, routed)           0.964     4.440    design_1_i/cg_fpga_0/inst/cg_axi_vdma_0/U0/I_PRMRY_DATAMOVER/GEN_S2MM_FULL.I_S2MM_FULL_WRAPPER/GEN_INCLUDE_REALIGNER.I_S2MM_REALIGNER/GEN_INCLUDE_SCATTER.I_S2MM_SCATTER/sig_max_first_increment_reg_n_0_[1]
    SLICE_X39Y36         LUT4 (Prop_lut4_I1_O)        0.124     4.564 r  design_1_i/cg_fpga_0/inst/cg_axi_vdma_0/U0/I_PRMRY_DATAMOVER/GEN_S2MM_FULL.I_S2MM_FULL_WRAPPER/GEN_INCLUDE_REALIGNER.I_S2MM_REALIGNER/GEN_INCLUDE_SCATTER.I_S2MM_SCATTER/sig_btt_lteq_max_first_incr0_carry_i_6/O
                         net (fo=1, routed)           0.000     4.564    design_1_i/cg_fpga_0/inst/cg_axi_vdma_0/U0/I_PRMRY_DATAMOVER/GEN_S2MM_FULL.I_S2MM_FULL_WRAPPER/GEN_INCLUDE_REALIGNER.I_S2MM_REALIGNER/GEN_INCLUDE_SCATTER.I_S2MM_SCATTER/sig_btt_lteq_max_first_incr0_carry_i_6_n_0
    SLICE_X39Y36         CARRY4 (Prop_carry4_S[0]_CO[3])
                                                      0.532     5.096 r  design_1_i/cg_fpga_0/inst/cg_axi_vdma_0/U0/I_PRMRY_DATAMOVER/GEN_S2MM_FULL.I_S2MM_FULL_WRAPPER/GEN_INCLUDE_REALIGNER.I_S2MM_REALIGNER/GEN_INCLUDE_SCATTER.I_S2MM_SCATTER/sig_btt_lteq_max_first_incr0_carry/CO[3]
                         net (fo=1, routed)           0.000     5.096    design_1_i/cg_fpga_0/inst/cg_axi_vdma_0/U0/I_PRMRY_DATAMOVER/GEN_S2MM_FULL.I_S2MM_FULL_WRAPPER/GEN_INCLUDE_REALIGNER.I_S2MM_REALIGNER/GEN_INCLUDE_SCATTER.I_S2MM_SCATTER/sig_btt_lteq_max_first_incr0_carry_n_0
    SLICE_X39Y37         CARRY4 (Prop_carry4_CI_CO[3])
                                                      0.114     5.210 r  design_1_i/cg_fpga_0/inst/cg_axi_vdma_0/U0/I_PRMRY_DATAMOVER/GEN_S2MM_FULL.I_S2MM_FULL_WRAPPER/GEN_INCLUDE_REALIGNER.I_S2MM_REALIGNER/GEN_INCLUDE_SCATTER.I_S2MM_SCATTER/sig_btt_lteq_max_first_incr0_carry__0/CO[3]
                         net (fo=23, routed)          1.168     6.377    design_1_i/cg_fpga_0/inst/cg_axi_vdma_0/U0/I_PRMRY_DATAMOVER/GEN_S2MM_FULL.I_S2MM_FULL_WRAPPER/GEN_INCLUDE_REALIGNER.I_S2MM_REALIGNER/GEN_INCLUDE_SCATTER.I_S2MM_SCATTER/sig_btt_lteq_max_first_incr
    SLICE_X40Y35         LUT4 (Prop_lut4_I2_O)        0.124     6.501 r  design_1_i/cg_fpga_0/inst/cg_axi_vdma_0/U0/I_PRMRY_DATAMOVER/GEN_S2MM_FULL.I_S2MM_FULL_WRAPPER/GEN_INCLUDE_REALIGNER.I_S2MM_REALIGNER/GEN_INCLUDE_SCATTER.I_S2MM_SCATTER/sig_btt_cntr_prv0_carry_i_4/O
                         net (fo=1, routed)           0.000     6.501    design_1_i/cg_fpga_0/inst/cg_axi_vdma_0/U0/I_PRMRY_DATAMOVER/GEN_S2MM_FULL.I_S2MM_FULL_WRAPPER/GEN_INCLUDE_REALIGNER.I_S2MM_REALIGNER/GEN_INCLUDE_SCATTER.I_S2MM_SCATTER/sig_btt_cntr_prv0_carry_i_4_n_0
    SLICE_X40Y35         CARRY4 (Prop_carry4_S[0]_CO[3])
                                                      0.532     7.033 r  design_1_i/cg_fpga_0/inst/cg_axi_vdma_0/U0/I_PRMRY_DATAMOVER/GEN_S2MM_FULL.I_S2MM_FULL_WRAPPER/GEN_INCLUDE_REALIGNER.I_S2MM_REALIGNER/GEN_INCLUDE_SCATTER.I_S2MM_SCATTER/sig_btt_cntr_prv0_carry/CO[3]
                         net (fo=1, routed)           0.000     7.033    design_1_i/cg_fpga_0/inst/cg_axi_vdma_0/U0/I_PRMRY_DATAMOVER/GEN_S2MM_FULL.I_S2MM_FULL_WRAPPER/GEN_INCLUDE_REALIGNER.I_S2MM_REALIGNER/GEN_INCLUDE_SCATTER.I_S2MM_SCATTER/sig_btt_cntr_prv0_carry_n_0
    SLICE_X40Y36         CARRY4 (Prop_carry4_CI_CO[3])
                                                      0.114     7.147 r  design_1_i/cg_fpga_0/inst/cg_axi_vdma_0/U0/I_PRMRY_DATAMOVER/GEN_S2MM_FULL.I_S2MM_FULL_WRAPPER/GEN_INCLUDE_REALIGNER.I_S2MM_REALIGNER/GEN_INCLUDE_SCATTER.I_S2MM_SCATTER/sig_btt_cntr_prv0_carry__0/CO[3]
                         net (fo=1, routed)           0.000     7.147    design_1_i/cg_fpga_0/inst/cg_axi_vdma_0/U0/I_PRMRY_DATAMOVER/GEN_S2MM_FULL.I_S2MM_FULL_WRAPPER/GEN_INCLUDE_REALIGNER.I_S2MM_REALIGNER/GEN_INCLUDE_SCATTER.I_S2MM_SCATTER/sig_btt_cntr_prv0_carry__0_n_0
    SLICE_X40Y37         CARRY4 (Prop_carry4_CI_O[0])
                                                      0.222     7.369 f  design_1_i/cg_fpga_0/inst/cg_axi_vdma_0/U0/I_PRMRY_DATAMOVER/GEN_S2MM_FULL.I_S2MM_FULL_WRAPPER/GEN_INCLUDE_REALIGNER.I_S2MM_REALIGNER/GEN_INCLUDE_SCATTER.I_S2MM_SCATTER/sig_btt_cntr_prv0_carry__1/O[0]
                         net (fo=1, routed)           0.403     7.772    design_1_i/cg_fpga_0/inst/cg_axi_vdma_0/U0/I_PRMRY_DATAMOVER/GEN_S2MM_FULL.I_S2MM_FULL_WRAPPER/GEN_INCLUDE_REALIGNER.I_S2MM_REALIGNER/GEN_INCLUDE_SCATTER.I_S2MM_SCATTER/sig_btt_cntr_prv0[8]
    SLICE_X43Y37         LUT4 (Prop_lut4_I3_O)        0.299     8.071 f  design_1_i/cg_fpga_0/inst/cg_axi_vdma_0/U0/I_PRMRY_DATAMOVER/GEN_S2MM_FULL.I_S2MM_FULL_WRAPPER/GEN_INCLUDE_REALIGNER.I_S2MM_REALIGNER/GEN_INCLUDE_SCATTER.I_S2MM_SCATTER/sig_btt_cntr[8]_i_1/O
                         net (fo=3, routed)           1.093     9.164    design_1_i/cg_fpga_0/inst/cg_axi_vdma_0/U0/I_PRMRY_DATAMOVER/GEN_S2MM_FULL.I_S2MM_FULL_WRAPPER/GEN_INCLUDE_REALIGNER.I_S2MM_REALIGNER/GEN_INCLUDE_SCATTER.I_S2MM_SCATTER/sel0[8]
    SLICE_X38Y37         LUT6 (Prop_lut6_I3_O)        0.124     9.288 f  design_1_i/cg_fpga_0/inst/cg_axi_vdma_0/U0/I_PRMRY_DATAMOVER/GEN_S2MM_FULL.I_S2MM_FULL_WRAPPER/GEN_INCLUDE_REALIGNER.I_S2MM_REALIGNER/GEN_INCLUDE_SCATTER.I_S2MM_SCATTER/sig_btt_eq_0_i_2/O
                         net (fo=1, routed)           0.575     9.863    design_1_i/cg_fpga_0/inst/cg_axi_vdma_0/U0/I_PRMRY_DATAMOVER/GEN_S2MM_FULL.I_S2MM_FULL_WRAPPER/GEN_INCLUDE_REALIGNER.I_S2MM_REALIGNER/GEN_INCLUDE_SCATTER.I_S2MM_SCATTER/I_MSSAI_SKID_BUF/sig_btt_eq_0_reg_0
    SLICE_X38Y36         LUT6 (Prop_lut6_I2_O)        0.124     9.987 r  design_1_i/cg_fpga_0/inst/cg_axi_vdma_0/U0/I_PRMRY_DATAMOVER/GEN_S2MM_FULL.I_S2MM_FULL_WRAPPER/GEN_INCLUDE_REALIGNER.I_S2MM_REALIGNER/GEN_INCLUDE_SCATTER.I_S2MM_SCATTER/I_MSSAI_SKID_BUF/sig_btt_eq_0_i_1/O
                         net (fo=1, routed)           0.000     9.987    design_1_i/cg_fpga_0/inst/cg_axi_vdma_0/U0/I_PRMRY_DATAMOVER/GEN_S2MM_FULL.I_S2MM_FULL_WRAPPER/GEN_INCLUDE_REALIGNER.I_S2MM_REALIGNER/GEN_INCLUDE_SCATTER.I_S2MM_SCATTER/I_MSSAI_SKID_BUF_n_54
    SLICE_X38Y36         FDRE                                         r  design_1_i/cg_fpga_0/inst/cg_axi_vdma_0/U0/I_PRMRY_DATAMOVER/GEN_S2MM_FULL.I_S2MM_FULL_WRAPPER/GEN_INCLUDE_REALIGNER.I_S2MM_REALIGNER/GEN_INCLUDE_SCATTER.I_S2MM_SCATTER/sig_btt_eq_0_reg/D
  -------------------------------------------------------------------    -------------------

                         (clock clk_fpga_0 rise edge)
                                                     10.000    10.000 r  
    PS7_X0Y0             PS7                          0.000    10.000 r  design_1_i/cg_fpga_0/inst/processing_system7_0/inst/PS7_i/FCLKCLK[0]
                         net (fo=1, routed)           1.088    11.088    design_1_i/cg_fpga_0/inst/processing_system7_0/inst/FCLK_CLK_unbuffered[0]
    BUFGCTRL_X0Y17       BUFG (Prop_bufg_I_O)         0.091    11.179 r  design_1_i/cg_fpga_0/inst/processing_system7_0/inst/buffer_fclk_clk_0.FCLK_CLK_0_BUFG/O
                         net (fo=6935, routed)        1.490    12.670    design_1_i/cg_fpga_0/inst/cg_axi_vdma_0/U0/I_PRMRY_DATAMOVER/GEN_S2MM_FULL.I_S2MM_FULL_WRAPPER/GEN_INCLUDE_REALIGNER.I_S2MM_REALIGNER/GEN_INCLUDE_SCATTER.I_S2MM_SCATTER/s_axi_lite_aclk
    SLICE_X38Y36         FDRE                                         r  design_1_i/cg_fpga_0/inst/cg_axi_vdma_0/U0/I_PRMRY_DATAMOVER/GEN_S2MM_FULL.I_S2MM_FULL_WRAPPER/GEN_INCLUDE_REALIGNER.I_S2MM_REALIGNER/GEN_INCLUDE_SCATTER.I_S2MM_SCATTER/sig_btt_eq_0_reg/C
                         clock pessimism              0.264    12.933    
                         clock uncertainty           -0.154    12.779    
    SLICE_X38Y36         FDRE (Setup_fdre_C_D)        0.077    12.856    design_1_i/cg_fpga_0/inst/cg_axi_vdma_0/U0/I_PRMRY_DATAMOVER/GEN_S2MM_FULL.I_S2MM_FULL_WRAPPER/GEN_INCLUDE_REALIGNER.I_S2MM_REALIGNER/GEN_INCLUDE_SCATTER.I_S2MM_SCATTER/sig_btt_eq_0_reg
  -------------------------------------------------------------------
                         required time                         12.856    
                         arrival time                          -9.987    
  -------------------------------------------------------------------
                         slack                                  2.869    

Slack (MET) :             3.004ns  (required time - arrival time)
  Source:                 design_1_i/cg_fpga_0/inst/cg_axi_vdma_0/U0/I_PRMRY_DATAMOVER/GEN_S2MM_FULL.I_S2MM_FULL_WRAPPER/GEN_INCLUDE_REALIGNER.I_S2MM_REALIGNER/GEN_INCLUDE_SCATTER.I_S2MM_SCATTER/sig_max_first_increment_reg[1]/C
                            (rising edge-triggered cell FDRE clocked by clk_fpga_0  {rise@0.000ns fall@5.000ns period=10.000ns})
  Destination:            design_1_i/cg_fpga_0/inst/cg_axi_vdma_0/U0/I_PRMRY_DATAMOVER/GEN_S2MM_FULL.I_S2MM_FULL_WRAPPER/GEN_INCLUDE_REALIGNER.I_S2MM_REALIGNER/GEN_INCLUDE_SCATTER.I_S2MM_SCATTER/sig_btt_cntr_dup_reg[9]/D
                            (rising edge-triggered cell FDRE clocked by clk_fpga_0  {rise@0.000ns fall@5.000ns period=10.000ns})
  Path Group:             clk_fpga_0
  Path Type:              Setup (Max at Slow Process Corner)
  Requirement:            10.000ns  (clk_fpga_0 rise@10.000ns - clk_fpga_0 rise@0.000ns)
  Data Path Delay:        6.477ns  (logic 2.723ns (42.039%)  route 3.754ns (57.961%))
  Logic Levels:           8  (CARRY4=5 LUT4=3)
  Clock Path Skew:        -0.058ns (DCD - SCD + CPR)
    Destination Clock Delay (DCD):    2.670ns = ( 12.670 - 10.000 ) 
    Source Clock Delay      (SCD):    2.958ns
    Clock Pessimism Removal (CPR):    0.230ns
  Clock Uncertainty:      0.154ns  ((TSJ^2 + TIJ^2)^1/2 + DJ) / 2 + PE
    Total System Jitter     (TSJ):    0.071ns
    Total Input Jitter      (TIJ):    0.300ns
    Discrete Jitter          (DJ):    0.000ns
    Phase Error              (PE):    0.000ns

    Location             Delay type                Incr(ns)  Path(ns)    Netlist Resource(s)
  -------------------------------------------------------------------    -------------------
                         (clock clk_fpga_0 rise edge)
                                                      0.000     0.000 r  
    PS7_X0Y0             PS7                          0.000     0.000 r  design_1_i/cg_fpga_0/inst/processing_system7_0/inst/PS7_i/FCLKCLK[0]
                         net (fo=1, routed)           1.193     1.193    design_1_i/cg_fpga_0/inst/processing_system7_0/inst/FCLK_CLK_unbuffered[0]
    BUFGCTRL_X0Y17       BUFG (Prop_bufg_I_O)         0.101     1.294 r  design_1_i/cg_fpga_0/inst/processing_system7_0/inst/buffer_fclk_clk_0.FCLK_CLK_0_BUFG/O
                         net (fo=6935, routed)        1.664     2.958    design_1_i/cg_fpga_0/inst/cg_axi_vdma_0/U0/I_PRMRY_DATAMOVER/GEN_S2MM_FULL.I_S2MM_FULL_WRAPPER/GEN_INCLUDE_REALIGNER.I_S2MM_REALIGNER/GEN_INCLUDE_SCATTER.I_S2MM_SCATTER/s_axi_lite_aclk
    SLICE_X38Y35         FDRE                                         r  design_1_i/cg_fpga_0/inst/cg_axi_vdma_0/U0/I_PRMRY_DATAMOVER/GEN_S2MM_FULL.I_S2MM_FULL_WRAPPER/GEN_INCLUDE_REALIGNER.I_S2MM_REALIGNER/GEN_INCLUDE_SCATTER.I_S2MM_SCATTER/sig_max_first_increment_reg[1]/C
  -------------------------------------------------------------------    -------------------
    SLICE_X38Y35         FDRE (Prop_fdre_C_Q)         0.518     3.476 r  design_1_i/cg_fpga_0/inst/cg_axi_vdma_0/U0/I_PRMRY_DATAMOVER/GEN_S2MM_FULL.I_S2MM_FULL_WRAPPER/GEN_INCLUDE_REALIGNER.I_S2MM_REALIGNER/GEN_INCLUDE_SCATTER.I_S2MM_SCATTER/sig_max_first_increment_reg[1]/Q
                         net (fo=4, routed)           0.964     4.440    design_1_i/cg_fpga_0/inst/cg_axi_vdma_0/U0/I_PRMRY_DATAMOVER/GEN_S2MM_FULL.I_S2MM_FULL_WRAPPER/GEN_INCLUDE_REALIGNER.I_S2MM_REALIGNER/GEN_INCLUDE_SCATTER.I_S2MM_SCATTER/sig_max_first_increment_reg_n_0_[1]
    SLICE_X39Y36         LUT4 (Prop_lut4_I1_O)        0.124     4.564 r  design_1_i/cg_fpga_0/inst/cg_axi_vdma_0/U0/I_PRMRY_DATAMOVER/GEN_S2MM_FULL.I_S2MM_FULL_WRAPPER/GEN_INCLUDE_REALIGNER.I_S2MM_REALIGNER/GEN_INCLUDE_SCATTER.I_S2MM_SCATTER/sig_btt_lteq_max_first_incr0_carry_i_6/O
                         net (fo=1, routed)           0.000     4.564    design_1_i/cg_fpga_0/inst/cg_axi_vdma_0/U0/I_PRMRY_DATAMOVER/GEN_S2MM_FULL.I_S2MM_FULL_WRAPPER/GEN_INCLUDE_REALIGNER.I_S2MM_REALIGNER/GEN_INCLUDE_SCATTER.I_S2MM_SCATTER/sig_btt_lteq_max_first_incr0_carry_i_6_n_0
    SLICE_X39Y36         CARRY4 (Prop_carry4_S[0]_CO[3])
                                                      0.532     5.096 r  design_1_i/cg_fpga_0/inst/cg_axi_vdma_0/U0/I_PRMRY_DATAMOVER/GEN_S2MM_FULL.I_S2MM_FULL_WRAPPER/GEN_INCLUDE_REALIGNER.I_S2MM_REALIGNER/GEN_INCLUDE_SCATTER.I_S2MM_SCATTER/sig_btt_lteq_max_first_incr0_carry/CO[3]
                         net (fo=1, routed)           0.000     5.096    design_1_i/cg_fpga_0/inst/cg_axi_vdma_0/U0/I_PRMRY_DATAMOVER/GEN_S2MM_FULL.I_S2MM_FULL_WRAPPER/GEN_INCLUDE_REALIGNER.I_S2MM_REALIGNER/GEN_INCLUDE_SCATTER.I_S2MM_SCATTER/sig_btt_lteq_max_first_incr0_carry_n_0
    SLICE_X39Y37         CARRY4 (Prop_carry4_CI_CO[3])
                                                      0.114     5.210 r  design_1_i/cg_fpga_0/inst/cg_axi_vdma_0/U0/I_PRMRY_DATAMOVER/GEN_S2MM_FULL.I_S2MM_FULL_WRAPPER/GEN_INCLUDE_REALIGNER.I_S2MM_REALIGNER/GEN_INCLUDE_SCATTER.I_S2MM_SCATTER/sig_btt_lteq_max_first_incr0_carry__0/CO[3]
                         net (fo=23, routed)          1.168     6.377    design_1_i/cg_fpga_0/inst/cg_axi_vdma_0/U0/I_PRMRY_DATAMOVER/GEN_S2MM_FULL.I_S2MM_FULL_WRAPPER/GEN_INCLUDE_REALIGNER.I_S2MM_REALIGNER/GEN_INCLUDE_SCATTER.I_S2MM_SCATTER/sig_btt_lteq_max_first_incr
    SLICE_X40Y35         LUT4 (Prop_lut4_I2_O)        0.124     6.501 r  design_1_i/cg_fpga_0/inst/cg_axi_vdma_0/U0/I_PRMRY_DATAMOVER/GEN_S2MM_FULL.I_S2MM_FULL_WRAPPER/GEN_INCLUDE_REALIGNER.I_S2MM_REALIGNER/GEN_INCLUDE_SCATTER.I_S2MM_SCATTER/sig_btt_cntr_prv0_carry_i_4/O
                         net (fo=1, routed)           0.000     6.501    design_1_i/cg_fpga_0/inst/cg_axi_vdma_0/U0/I_PRMRY_DATAMOVER/GEN_S2MM_FULL.I_S2MM_FULL_WRAPPER/GEN_INCLUDE_REALIGNER.I_S2MM_REALIGNER/GEN_INCLUDE_SCATTER.I_S2MM_SCATTER/sig_btt_cntr_prv0_carry_i_4_n_0
    SLICE_X40Y35         CARRY4 (Prop_carry4_S[0]_CO[3])
                                                      0.532     7.033 r  design_1_i/cg_fpga_0/inst/cg_axi_vdma_0/U0/I_PRMRY_DATAMOVER/GEN_S2MM_FULL.I_S2MM_FULL_WRAPPER/GEN_INCLUDE_REALIGNER.I_S2MM_REALIGNER/GEN_INCLUDE_SCATTER.I_S2MM_SCATTER/sig_btt_cntr_prv0_carry/CO[3]
                         net (fo=1, routed)           0.000     7.033    design_1_i/cg_fpga_0/inst/cg_axi_vdma_0/U0/I_PRMRY_DATAMOVER/GEN_S2MM_FULL.I_S2MM_FULL_WRAPPER/GEN_INCLUDE_REALIGNER.I_S2MM_REALIGNER/GEN_INCLUDE_SCATTER.I_S2MM_SCATTER/sig_btt_cntr_prv0_carry_n_0
    SLICE_X40Y36         CARRY4 (Prop_carry4_CI_CO[3])
                                                      0.114     7.147 r  design_1_i/cg_fpga_0/inst/cg_axi_vdma_0/U0/I_PRMRY_DATAMOVER/GEN_S2MM_FULL.I_S2MM_FULL_WRAPPER/GEN_INCLUDE_REALIGNER.I_S2MM_REALIGNER/GEN_INCLUDE_SCATTER.I_S2MM_SCATTER/sig_btt_cntr_prv0_carry__0/CO[3]
                         net (fo=1, routed)           0.000     7.147    design_1_i/cg_fpga_0/inst/cg_axi_vdma_0/U0/I_PRMRY_DATAMOVER/GEN_S2MM_FULL.I_S2MM_FULL_WRAPPER/GEN_INCLUDE_REALIGNER.I_S2MM_REALIGNER/GEN_INCLUDE_SCATTER.I_S2MM_SCATTER/sig_btt_cntr_prv0_carry__0_n_0
    SLICE_X40Y37         CARRY4 (Prop_carry4_CI_O[1])
                                                      0.334     7.481 r  design_1_i/cg_fpga_0/inst/cg_axi_vdma_0/U0/I_PRMRY_DATAMOVER/GEN_S2MM_FULL.I_S2MM_FULL_WRAPPER/GEN_INCLUDE_REALIGNER.I_S2MM_REALIGNER/GEN_INCLUDE_SCATTER.I_S2MM_SCATTER/sig_btt_cntr_prv0_carry__1/O[1]
                         net (fo=1, routed)           0.805     8.287    design_1_i/cg_fpga_0/inst/cg_axi_vdma_0/U0/I_PRMRY_DATAMOVER/GEN_S2MM_FULL.I_S2MM_FULL_WRAPPER/GEN_INCLUDE_REALIGNER.I_S2MM_REALIGNER/GEN_INCLUDE_SCATTER.I_S2MM_SCATTER/sig_btt_cntr_prv0[9]
    SLICE_X41Y38         LUT4 (Prop_lut4_I3_O)        0.331     8.618 r  design_1_i/cg_fpga_0/inst/cg_axi_vdma_0/U0/I_PRMRY_DATAMOVER/GEN_S2MM_FULL.I_S2MM_FULL_WRAPPER/GEN_INCLUDE_REALIGNER.I_S2MM_REALIGNER/GEN_INCLUDE_SCATTER.I_S2MM_SCATTER/sig_btt_cntr[9]_i_1/O
                         net (fo=3, routed)           0.817     9.435    design_1_i/cg_fpga_0/inst/cg_axi_vdma_0/U0/I_PRMRY_DATAMOVER/GEN_S2MM_FULL.I_S2MM_FULL_WRAPPER/GEN_INCLUDE_REALIGNER.I_S2MM_REALIGNER/GEN_INCLUDE_SCATTER.I_S2MM_SCATTER/sel0[9]
    SLICE_X41Y37         FDRE                                         r  design_1_i/cg_fpga_0/inst/cg_axi_vdma_0/U0/I_PRMRY_DATAMOVER/GEN_S2MM_FULL.I_S2MM_FULL_WRAPPER/GEN_INCLUDE_REALIGNER.I_S2MM_REALIGNER/GEN_INCLUDE_SCATTER.I_S2MM_SCATTER/sig_btt_cntr_dup_reg[9]/D
  -------------------------------------------------------------------    -------------------

                         (clock clk_fpga_0 rise edge)
                                                     10.000    10.000 r  
    PS7_X0Y0             PS7                          0.000    10.000 r  design_1_i/cg_fpga_0/inst/processing_system7_0/inst/PS7_i/FCLKCLK[0]
                         net (fo=1, routed)           1.088    11.088    design_1_i/cg_fpga_0/inst/processing_system7_0/inst/FCLK_CLK_unbuffered[0]
    BUFGCTRL_X0Y17       BUFG (Prop_bufg_I_O)         0.091    11.179 r  design_1_i/cg_fpga_0/inst/processing_system7_0/inst/buffer_fclk_clk_0.FCLK_CLK_0_BUFG/O
                         net (fo=6935, routed)        1.491    12.670    design_1_i/cg_fpga_0/inst/cg_axi_vdma_0/U0/I_PRMRY_DATAMOVER/GEN_S2MM_FULL.I_S2MM_FULL_WRAPPER/GEN_INCLUDE_REALIGNER.I_S2MM_REALIGNER/GEN_INCLUDE_SCATTER.I_S2MM_SCATTER/s_axi_lite_aclk
    SLICE_X41Y37         FDRE                                         r  design_1_i/cg_fpga_0/inst/cg_axi_vdma_0/U0/I_PRMRY_DATAMOVER/GEN_S2MM_FULL.I_S2MM_FULL_WRAPPER/GEN_INCLUDE_REALIGNER.I_S2MM_REALIGNER/GEN_INCLUDE_SCATTER.I_S2MM_SCATTER/sig_btt_cntr_dup_reg[9]/C
                         clock pessimism              0.230    12.900    
                         clock uncertainty           -0.154    12.746    
    SLICE_X41Y37         FDRE (Setup_fdre_C_D)       -0.307    12.439    design_1_i/cg_fpga_0/inst/cg_axi_vdma_0/U0/I_PRMRY_DATAMOVER/GEN_S2MM_FULL.I_S2MM_FULL_WRAPPER/GEN_INCLUDE_REALIGNER.I_S2MM_REALIGNER/GEN_INCLUDE_SCATTER.I_S2MM_SCATTER/sig_btt_cntr_dup_reg[9]
  -------------------------------------------------------------------
                         required time                         12.439    
                         arrival time                          -9.435    
  -------------------------------------------------------------------
                         slack                                  3.004    

Slack (MET) :             3.302ns  (required time - arrival time)
  Source:                 design_1_i/cg_fpga_0/inst/processing_system7_0/inst/PS7_i/MAXIGP0ACLK
                            (rising edge-triggered cell PS7 clocked by clk_fpga_0  {rise@0.000ns fall@5.000ns period=10.000ns})
  Destination:            design_1_i/cg_fpga_0/inst/cg_axi_intc_0/U0/INTC_CORE_I/mer_int_reg[0]/D
                            (rising edge-triggered cell FDRE clocked by clk_fpga_0  {rise@0.000ns fall@5.000ns period=10.000ns})
  Path Group:             clk_fpga_0
  Path Type:              Setup (Max at Slow Process Corner)
  Requirement:            10.000ns  (clk_fpga_0 rise@10.000ns - clk_fpga_0 rise@0.000ns)
  Data Path Delay:        6.049ns  (logic 1.596ns (26.383%)  route 4.453ns (73.617%))
  Logic Levels:           1  (LUT4=1)
  Clock Path Skew:        -0.262ns (DCD - SCD + CPR)
    Destination Clock Delay (DCD):    2.640ns = ( 12.640 - 10.000 ) 
    Source Clock Delay      (SCD):    3.031ns
    Clock Pessimism Removal (CPR):    0.129ns
  Clock Uncertainty:      0.154ns  ((TSJ^2 + TIJ^2)^1/2 + DJ) / 2 + PE
    Total System Jitter     (TSJ):    0.071ns
    Total Input Jitter      (TIJ):    0.300ns
    Discrete Jitter          (DJ):    0.000ns
    Phase Error              (PE):    0.000ns

    Location             Delay type                Incr(ns)  Path(ns)    Netlist Resource(s)
  -------------------------------------------------------------------    -------------------
                         (clock clk_fpga_0 rise edge)
                                                      0.000     0.000 r  
    PS7_X0Y0             PS7                          0.000     0.000 r  design_1_i/cg_fpga_0/inst/processing_system7_0/inst/PS7_i/FCLKCLK[0]
                         net (fo=1, routed)           1.193     1.193    design_1_i/cg_fpga_0/inst/processing_system7_0/inst/FCLK_CLK_unbuffered[0]
    BUFGCTRL_X0Y17       BUFG (Prop_bufg_I_O)         0.101     1.294 r  design_1_i/cg_fpga_0/inst/processing_system7_0/inst/buffer_fclk_clk_0.FCLK_CLK_0_BUFG/O
                         net (fo=6935, routed)        1.737     3.031    design_1_i/cg_fpga_0/inst/processing_system7_0/inst/FCLK_CLK0
    PS7_X0Y0             PS7                                          r  design_1_i/cg_fpga_0/inst/processing_system7_0/inst/PS7_i/MAXIGP0ACLK
  -------------------------------------------------------------------    -------------------
    PS7_X0Y0             PS7 (Prop_ps7_MAXIGP0ACLK_MAXIGP0WDATA[0])
                                                      1.450     4.481 r  design_1_i/cg_fpga_0/inst/processing_system7_0/inst/PS7_i/MAXIGP0WDATA[0]
                         net (fo=20, routed)          4.071     8.552    design_1_i/cg_fpga_0/inst/cg_axi_intc_0/U0/AXI_LITE_IPIF_I/I_SLAVE_ATTACHMENT/I_DECODER/s_axi_wdata[0]
    SLICE_X50Y86         LUT4 (Prop_lut4_I0_O)        0.146     8.698 r  design_1_i/cg_fpga_0/inst/cg_axi_intc_0/U0/AXI_LITE_IPIF_I/I_SLAVE_ATTACHMENT/I_DECODER/mer_int[0]_i_1/O
                         net (fo=1, routed)           0.382     9.080    design_1_i/cg_fpga_0/inst/cg_axi_intc_0/U0/INTC_CORE_I/mer_int_reg[0]_0
    SLICE_X50Y86         FDRE                                         r  design_1_i/cg_fpga_0/inst/cg_axi_intc_0/U0/INTC_CORE_I/mer_int_reg[0]/D
  -------------------------------------------------------------------    -------------------

                         (clock clk_fpga_0 rise edge)
                                                     10.000    10.000 r  
    PS7_X0Y0             PS7                          0.000    10.000 r  design_1_i/cg_fpga_0/inst/processing_system7_0/inst/PS7_i/FCLKCLK[0]
                         net (fo=1, routed)           1.088    11.088    design_1_i/cg_fpga_0/inst/processing_system7_0/inst/FCLK_CLK_unbuffered[0]
    BUFGCTRL_X0Y17       BUFG (Prop_bufg_I_O)         0.091    11.179 r  design_1_i/cg_fpga_0/inst/processing_system7_0/inst/buffer_fclk_clk_0.FCLK_CLK_0_BUFG/O
                         net (fo=6935, routed)        1.461    12.640    design_1_i/cg_fpga_0/inst/cg_axi_intc_0/U0/INTC_CORE_I/s_axi_aclk
    SLICE_X50Y86         FDRE                                         r  design_1_i/cg_fpga_0/inst/cg_axi_intc_0/U0/INTC_CORE_I/mer_int_reg[0]/C
                         clock pessimism              0.129    12.769    
                         clock uncertainty           -0.154    12.615    
    SLICE_X50Y86         FDRE (Setup_fdre_C_D)       -0.232    12.383    design_1_i/cg_fpga_0/inst/cg_axi_intc_0/U0/INTC_CORE_I/mer_int_reg[0]
  -------------------------------------------------------------------
                         required time                         12.383    
                         arrival time                          -9.080    
  -------------------------------------------------------------------
                         slack                                  3.302    

Slack (MET) :             3.350ns  (required time - arrival time)
  Source:                 design_1_i/cg_fpga_0/inst/cg_axi_vdma_0/U0/GEN_SPRT_FOR_S2MM.S2MM_FSYNC_I/GEN_FSYNC_MODE_S2MM_FLUSH_SOF.frame_sync_out_reg/C
                            (rising edge-triggered cell FDRE clocked by clk_fpga_0  {rise@0.000ns fall@5.000ns period=10.000ns})
  Destination:            design_1_i/cg_fpga_0/inst/cg_axi_vdma_0/U0/GEN_SPRT_FOR_S2MM.S2MM_LINEBUFFER_I/GEN_S2MM_FLUSH_SOF_LOGIC.GEN_LINEBUFFER_FLUSH_SOF.GEN_SYNC_FIFO_FLUSH_SOF.I_LINEBUFFER_FIFO/xpm_fifo_sync_inst/xpm_fifo_base_inst/wrpp1_inst/count_value_i_reg[5]/D
                            (rising edge-triggered cell FDRE clocked by clk_fpga_0  {rise@0.000ns fall@5.000ns period=10.000ns})
  Path Group:             clk_fpga_0
  Path Type:              Setup (Max at Slow Process Corner)
  Requirement:            10.000ns  (clk_fpga_0 rise@10.000ns - clk_fpga_0 rise@0.000ns)
  Data Path Delay:        6.372ns  (logic 1.606ns (25.205%)  route 4.766ns (74.795%))
  Logic Levels:           4  (LUT2=1 LUT4=1 LUT5=1 LUT6=1)
  Clock Path Skew:        -0.154ns (DCD - SCD + CPR)
    Destination Clock Delay (DCD):    2.739ns = ( 12.740 - 10.000 ) 
    Source Clock Delay      (SCD):    3.022ns
    Clock Pessimism Removal (CPR):    0.129ns
  Clock Uncertainty:      0.154ns  ((TSJ^2 + TIJ^2)^1/2 + DJ) / 2 + PE
    Total System Jitter     (TSJ):    0.071ns
    Total Input Jitter      (TIJ):    0.300ns
    Discrete Jitter          (DJ):    0.000ns
    Phase Error              (PE):    0.000ns

    Location             Delay type                Incr(ns)  Path(ns)    Netlist Resource(s)
  -------------------------------------------------------------------    -------------------
                         (clock clk_fpga_0 rise edge)
                                                      0.000     0.000 r  
    PS7_X0Y0             PS7                          0.000     0.000 r  design_1_i/cg_fpga_0/inst/processing_system7_0/inst/PS7_i/FCLKCLK[0]
                         net (fo=1, routed)           1.193     1.193    design_1_i/cg_fpga_0/inst/processing_system7_0/inst/FCLK_CLK_unbuffered[0]
    BUFGCTRL_X0Y17       BUFG (Prop_bufg_I_O)         0.101     1.294 r  design_1_i/cg_fpga_0/inst/processing_system7_0/inst/buffer_fclk_clk_0.FCLK_CLK_0_BUFG/O
                         net (fo=6935, routed)        1.728     3.022    design_1_i/cg_fpga_0/inst/cg_axi_vdma_0/U0/GEN_SPRT_FOR_S2MM.S2MM_FSYNC_I/s_axi_lite_aclk
    SLICE_X54Y46         FDRE                                         r  design_1_i/cg_fpga_0/inst/cg_axi_vdma_0/U0/GEN_SPRT_FOR_S2MM.S2MM_FSYNC_I/GEN_FSYNC_MODE_S2MM_FLUSH_SOF.frame_sync_out_reg/C
  -------------------------------------------------------------------    -------------------
    SLICE_X54Y46         FDRE (Prop_fdre_C_Q)         0.478     3.500 f  design_1_i/cg_fpga_0/inst/cg_axi_vdma_0/U0/GEN_SPRT_FOR_S2MM.S2MM_FSYNC_I/GEN_FSYNC_MODE_S2MM_FLUSH_SOF.frame_sync_out_reg/Q
                         net (fo=42, routed)          2.368     5.868    design_1_i/cg_fpga_0/inst/cg_axi_vdma_0/U0/I_RST_MODULE/GEN_RESET_FOR_S2MM.RESET_I/s2mm_dmac2cdc_fsync_out
    SLICE_X39Y33         LUT5 (Prop_lut5_I3_O)        0.326     6.194 r  design_1_i/cg_fpga_0/inst/cg_axi_vdma_0/U0/I_RST_MODULE/GEN_RESET_FOR_S2MM.RESET_I/xpm_fifo_sync_inst_i_1__0/O
                         net (fo=3, routed)           1.095     7.290    design_1_i/cg_fpga_0/inst/cg_axi_vdma_0/U0/GEN_SPRT_FOR_S2MM.S2MM_LINEBUFFER_I/GEN_S2MM_FLUSH_SOF_LOGIC.GEN_LINEBUFFER_FLUSH_SOF.GEN_SYNC_FIFO_FLUSH_SOF.I_LINEBUFFER_FIFO/xpm_fifo_sync_inst/xpm_fifo_base_inst/xpm_fifo_rst_inst/wr_en
    SLICE_X28Y30         LUT4 (Prop_lut4_I0_O)        0.352     7.642 f  design_1_i/cg_fpga_0/inst/cg_axi_vdma_0/U0/GEN_SPRT_FOR_S2MM.S2MM_LINEBUFFER_I/GEN_S2MM_FLUSH_SOF_LOGIC.GEN_LINEBUFFER_FLUSH_SOF.GEN_SYNC_FIFO_FLUSH_SOF.I_LINEBUFFER_FIFO/xpm_fifo_sync_inst/xpm_fifo_base_inst/xpm_fifo_rst_inst/count_value_i[4]_i_2/O
                         net (fo=9, routed)           0.645     8.287    design_1_i/cg_fpga_0/inst/cg_axi_vdma_0/U0/GEN_SPRT_FOR_S2MM.S2MM_LINEBUFFER_I/GEN_S2MM_FLUSH_SOF_LOGIC.GEN_LINEBUFFER_FLUSH_SOF.GEN_SYNC_FIFO_FLUSH_SOF.I_LINEBUFFER_FIFO/xpm_fifo_sync_inst/xpm_fifo_base_inst/wrpp1_inst/count_value_i_reg[4]_0
    SLICE_X25Y28         LUT6 (Prop_lut6_I3_O)        0.326     8.613 r  design_1_i/cg_fpga_0/inst/cg_axi_vdma_0/U0/GEN_SPRT_FOR_S2MM.S2MM_LINEBUFFER_I/GEN_S2MM_FLUSH_SOF_LOGIC.GEN_LINEBUFFER_FLUSH_SOF.GEN_SYNC_FIFO_FLUSH_SOF.I_LINEBUFFER_FIFO/xpm_fifo_sync_inst/xpm_fifo_base_inst/wrpp1_inst/count_value_i[8]_i_2__1/O
                         net (fo=4, routed)           0.657     9.270    design_1_i/cg_fpga_0/inst/cg_axi_vdma_0/U0/GEN_SPRT_FOR_S2MM.S2MM_LINEBUFFER_I/GEN_S2MM_FLUSH_SOF_LOGIC.GEN_LINEBUFFER_FLUSH_SOF.GEN_SYNC_FIFO_FLUSH_SOF.I_LINEBUFFER_FIFO/xpm_fifo_sync_inst/xpm_fifo_base_inst/wrpp1_inst/count_value_i[8]_i_2__1_n_0
    SLICE_X24Y28         LUT2 (Prop_lut2_I0_O)        0.124     9.394 r  design_1_i/cg_fpga_0/inst/cg_axi_vdma_0/U0/GEN_SPRT_FOR_S2MM.S2MM_LINEBUFFER_I/GEN_S2MM_FLUSH_SOF_LOGIC.GEN_LINEBUFFER_FLUSH_SOF.GEN_SYNC_FIFO_FLUSH_SOF.I_LINEBUFFER_FIFO/xpm_fifo_sync_inst/xpm_fifo_base_inst/wrpp1_inst/count_value_i[5]_i_1__1/O
                         net (fo=1, routed)           0.000     9.394    design_1_i/cg_fpga_0/inst/cg_axi_vdma_0/U0/GEN_SPRT_FOR_S2MM.S2MM_LINEBUFFER_I/GEN_S2MM_FLUSH_SOF_LOGIC.GEN_LINEBUFFER_FLUSH_SOF.GEN_SYNC_FIFO_FLUSH_SOF.I_LINEBUFFER_FIFO/xpm_fifo_sync_inst/xpm_fifo_base_inst/wrpp1_inst/count_value_i[5]_i_1__1_n_0
    SLICE_X24Y28         FDRE                                         r  design_1_i/cg_fpga_0/inst/cg_axi_vdma_0/U0/GEN_SPRT_FOR_S2MM.S2MM_LINEBUFFER_I/GEN_S2MM_FLUSH_SOF_LOGIC.GEN_LINEBUFFER_FLUSH_SOF.GEN_SYNC_FIFO_FLUSH_SOF.I_LINEBUFFER_FIFO/xpm_fifo_sync_inst/xpm_fifo_base_inst/wrpp1_inst/count_value_i_reg[5]/D
  -------------------------------------------------------------------    -------------------

                         (clock clk_fpga_0 rise edge)
                                                     10.000    10.000 r  
    PS7_X0Y0             PS7                          0.000    10.000 r  design_1_i/cg_fpga_0/inst/processing_system7_0/inst/PS7_i/FCLKCLK[0]
                         net (fo=1, routed)           1.088    11.088    design_1_i/cg_fpga_0/inst/processing_system7_0/inst/FCLK_CLK_unbuffered[0]
    BUFGCTRL_X0Y17       BUFG (Prop_bufg_I_O)         0.091    11.179 r  design_1_i/cg_fpga_0/inst/processing_system7_0/inst/buffer_fclk_clk_0.FCLK_CLK_0_BUFG/O
                         net (fo=6935, routed)        1.560    12.740    design_1_i/cg_fpga_0/inst/cg_axi_vdma_0/U0/GEN_SPRT_FOR_S2MM.S2MM_LINEBUFFER_I/GEN_S2MM_FLUSH_SOF_LOGIC.GEN_LINEBUFFER_FLUSH_SOF.GEN_SYNC_FIFO_FLUSH_SOF.I_LINEBUFFER_FIFO/xpm_fifo_sync_inst/xpm_fifo_base_inst/wrpp1_inst/wr_clk
    SLICE_X24Y28         FDRE                                         r  design_1_i/cg_fpga_0/inst/cg_axi_vdma_0/U0/GEN_SPRT_FOR_S2MM.S2MM_LINEBUFFER_I/GEN_S2MM_FLUSH_SOF_LOGIC.GEN_LINEBUFFER_FLUSH_SOF.GEN_SYNC_FIFO_FLUSH_SOF.I_LINEBUFFER_FIFO/xpm_fifo_sync_inst/xpm_fifo_base_inst/wrpp1_inst/count_value_i_reg[5]/C
                         clock pessimism              0.129    12.868    
                         clock uncertainty           -0.154    12.714    
    SLICE_X24Y28         FDRE (Setup_fdre_C_D)        0.029    12.743    design_1_i/cg_fpga_0/inst/cg_axi_vdma_0/U0/GEN_SPRT_FOR_S2MM.S2MM_LINEBUFFER_I/GEN_S2MM_FLUSH_SOF_LOGIC.GEN_LINEBUFFER_FLUSH_SOF.GEN_SYNC_FIFO_FLUSH_SOF.I_LINEBUFFER_FIFO/xpm_fifo_sync_inst/xpm_fifo_base_inst/wrpp1_inst/count_value_i_reg[5]
  -------------------------------------------------------------------
                         required time                         12.743    
                         arrival time                          -9.394    
  -------------------------------------------------------------------
                         slack                                  3.350    

Slack (MET) :             3.360ns  (required time - arrival time)
  Source:                 design_1_i/cg_fpga_0/inst/cg_axi_vdma_0/U0/GEN_SPRT_FOR_S2MM.S2MM_FSYNC_I/GEN_FSYNC_MODE_S2MM_FLUSH_SOF.frame_sync_out_reg/C
                            (rising edge-triggered cell FDRE clocked by clk_fpga_0  {rise@0.000ns fall@5.000ns period=10.000ns})
  Destination:            design_1_i/cg_fpga_0/inst/cg_axi_vdma_0/U0/GEN_SPRT_FOR_S2MM.S2MM_LINEBUFFER_I/GEN_S2MM_FLUSH_SOF_LOGIC.GEN_LINEBUFFER_FLUSH_SOF.GEN_SYNC_FIFO_FLUSH_SOF.I_LINEBUFFER_FIFO/xpm_fifo_sync_inst/xpm_fifo_base_inst/wrpp1_inst/count_value_i_reg[7]/D
                            (rising edge-triggered cell FDRE clocked by clk_fpga_0  {rise@0.000ns fall@5.000ns period=10.000ns})
  Path Group:             clk_fpga_0
  Path Type:              Setup (Max at Slow Process Corner)
  Requirement:            10.000ns  (clk_fpga_0 rise@10.000ns - clk_fpga_0 rise@0.000ns)
  Data Path Delay:        6.364ns  (logic 1.606ns (25.237%)  route 4.758ns (74.763%))
  Logic Levels:           4  (LUT4=2 LUT5=1 LUT6=1)
  Clock Path Skew:        -0.154ns (DCD - SCD + CPR)
    Destination Clock Delay (DCD):    2.739ns = ( 12.740 - 10.000 ) 
    Source Clock Delay      (SCD):    3.022ns
    Clock Pessimism Removal (CPR):    0.129ns
  Clock Uncertainty:      0.154ns  ((TSJ^2 + TIJ^2)^1/2 + DJ) / 2 + PE
    Total System Jitter     (TSJ):    0.071ns
    Total Input Jitter      (TIJ):    0.300ns
    Discrete Jitter          (DJ):    0.000ns
    Phase Error              (PE):    0.000ns

    Location             Delay type                Incr(ns)  Path(ns)    Netlist Resource(s)
  -------------------------------------------------------------------    -------------------
                         (clock clk_fpga_0 rise edge)
                                                      0.000     0.000 r  
    PS7_X0Y0             PS7                          0.000     0.000 r  design_1_i/cg_fpga_0/inst/processing_system7_0/inst/PS7_i/FCLKCLK[0]
                         net (fo=1, routed)           1.193     1.193    design_1_i/cg_fpga_0/inst/processing_system7_0/inst/FCLK_CLK_unbuffered[0]
    BUFGCTRL_X0Y17       BUFG (Prop_bufg_I_O)         0.101     1.294 r  design_1_i/cg_fpga_0/inst/processing_system7_0/inst/buffer_fclk_clk_0.FCLK_CLK_0_BUFG/O
                         net (fo=6935, routed)        1.728     3.022    design_1_i/cg_fpga_0/inst/cg_axi_vdma_0/U0/GEN_SPRT_FOR_S2MM.S2MM_FSYNC_I/s_axi_lite_aclk
    SLICE_X54Y46         FDRE                                         r  design_1_i/cg_fpga_0/inst/cg_axi_vdma_0/U0/GEN_SPRT_FOR_S2MM.S2MM_FSYNC_I/GEN_FSYNC_MODE_S2MM_FLUSH_SOF.frame_sync_out_reg/C
  -------------------------------------------------------------------    -------------------
    SLICE_X54Y46         FDRE (Prop_fdre_C_Q)         0.478     3.500 f  design_1_i/cg_fpga_0/inst/cg_axi_vdma_0/U0/GEN_SPRT_FOR_S2MM.S2MM_FSYNC_I/GEN_FSYNC_MODE_S2MM_FLUSH_SOF.frame_sync_out_reg/Q
                         net (fo=42, routed)          2.368     5.868    design_1_i/cg_fpga_0/inst/cg_axi_vdma_0/U0/I_RST_MODULE/GEN_RESET_FOR_S2MM.RESET_I/s2mm_dmac2cdc_fsync_out
    SLICE_X39Y33         LUT5 (Prop_lut5_I3_O)        0.326     6.194 r  design_1_i/cg_fpga_0/inst/cg_axi_vdma_0/U0/I_RST_MODULE/GEN_RESET_FOR_S2MM.RESET_I/xpm_fifo_sync_inst_i_1__0/O
                         net (fo=3, routed)           1.095     7.290    design_1_i/cg_fpga_0/inst/cg_axi_vdma_0/U0/GEN_SPRT_FOR_S2MM.S2MM_LINEBUFFER_I/GEN_S2MM_FLUSH_SOF_LOGIC.GEN_LINEBUFFER_FLUSH_SOF.GEN_SYNC_FIFO_FLUSH_SOF.I_LINEBUFFER_FIFO/xpm_fifo_sync_inst/xpm_fifo_base_inst/xpm_fifo_rst_inst/wr_en
    SLICE_X28Y30         LUT4 (Prop_lut4_I0_O)        0.352     7.642 f  design_1_i/cg_fpga_0/inst/cg_axi_vdma_0/U0/GEN_SPRT_FOR_S2MM.S2MM_LINEBUFFER_I/GEN_S2MM_FLUSH_SOF_LOGIC.GEN_LINEBUFFER_FLUSH_SOF.GEN_SYNC_FIFO_FLUSH_SOF.I_LINEBUFFER_FIFO/xpm_fifo_sync_inst/xpm_fifo_base_inst/xpm_fifo_rst_inst/count_value_i[4]_i_2/O
                         net (fo=9, routed)           0.645     8.287    design_1_i/cg_fpga_0/inst/cg_axi_vdma_0/U0/GEN_SPRT_FOR_S2MM.S2MM_LINEBUFFER_I/GEN_S2MM_FLUSH_SOF_LOGIC.GEN_LINEBUFFER_FLUSH_SOF.GEN_SYNC_FIFO_FLUSH_SOF.I_LINEBUFFER_FIFO/xpm_fifo_sync_inst/xpm_fifo_base_inst/wrpp1_inst/count_value_i_reg[4]_0
    SLICE_X25Y28         LUT6 (Prop_lut6_I3_O)        0.326     8.613 r  design_1_i/cg_fpga_0/inst/cg_axi_vdma_0/U0/GEN_SPRT_FOR_S2MM.S2MM_LINEBUFFER_I/GEN_S2MM_FLUSH_SOF_LOGIC.GEN_LINEBUFFER_FLUSH_SOF.GEN_SYNC_FIFO_FLUSH_SOF.I_LINEBUFFER_FIFO/xpm_fifo_sync_inst/xpm_fifo_base_inst/wrpp1_inst/count_value_i[8]_i_2__1/O
                         net (fo=4, routed)           0.649     9.262    design_1_i/cg_fpga_0/inst/cg_axi_vdma_0/U0/GEN_SPRT_FOR_S2MM.S2MM_LINEBUFFER_I/GEN_S2MM_FLUSH_SOF_LOGIC.GEN_LINEBUFFER_FLUSH_SOF.GEN_SYNC_FIFO_FLUSH_SOF.I_LINEBUFFER_FIFO/xpm_fifo_sync_inst/xpm_fifo_base_inst/wrpp1_inst/count_value_i[8]_i_2__1_n_0
    SLICE_X24Y28         LUT4 (Prop_lut4_I0_O)        0.124     9.386 r  design_1_i/cg_fpga_0/inst/cg_axi_vdma_0/U0/GEN_SPRT_FOR_S2MM.S2MM_LINEBUFFER_I/GEN_S2MM_FLUSH_SOF_LOGIC.GEN_LINEBUFFER_FLUSH_SOF.GEN_SYNC_FIFO_FLUSH_SOF.I_LINEBUFFER_FIFO/xpm_fifo_sync_inst/xpm_fifo_base_inst/wrpp1_inst/count_value_i[7]_i_1__1/O
                         net (fo=1, routed)           0.000     9.386    design_1_i/cg_fpga_0/inst/cg_axi_vdma_0/U0/GEN_SPRT_FOR_S2MM.S2MM_LINEBUFFER_I/GEN_S2MM_FLUSH_SOF_LOGIC.GEN_LINEBUFFER_FLUSH_SOF.GEN_SYNC_FIFO_FLUSH_SOF.I_LINEBUFFER_FIFO/xpm_fifo_sync_inst/xpm_fifo_base_inst/wrpp1_inst/count_value_i[7]_i_1__1_n_0
    SLICE_X24Y28         FDRE                                         r  design_1_i/cg_fpga_0/inst/cg_axi_vdma_0/U0/GEN_SPRT_FOR_S2MM.S2MM_LINEBUFFER_I/GEN_S2MM_FLUSH_SOF_LOGIC.GEN_LINEBUFFER_FLUSH_SOF.GEN_SYNC_FIFO_FLUSH_SOF.I_LINEBUFFER_FIFO/xpm_fifo_sync_inst/xpm_fifo_base_inst/wrpp1_inst/count_value_i_reg[7]/D
  -------------------------------------------------------------------    -------------------

                         (clock clk_fpga_0 rise edge)
                                                     10.000    10.000 r  
    PS7_X0Y0             PS7                          0.000    10.000 r  design_1_i/cg_fpga_0/inst/processing_system7_0/inst/PS7_i/FCLKCLK[0]
                         net (fo=1, routed)           1.088    11.088    design_1_i/cg_fpga_0/inst/processing_system7_0/inst/FCLK_CLK_unbuffered[0]
    BUFGCTRL_X0Y17       BUFG (Prop_bufg_I_O)         0.091    11.179 r  design_1_i/cg_fpga_0/inst/processing_system7_0/inst/buffer_fclk_clk_0.FCLK_CLK_0_BUFG/O
                         net (fo=6935, routed)        1.560    12.740    design_1_i/cg_fpga_0/inst/cg_axi_vdma_0/U0/GEN_SPRT_FOR_S2MM.S2MM_LINEBUFFER_I/GEN_S2MM_FLUSH_SOF_LOGIC.GEN_LINEBUFFER_FLUSH_SOF.GEN_SYNC_FIFO_FLUSH_SOF.I_LINEBUFFER_FIFO/xpm_fifo_sync_inst/xpm_fifo_base_inst/wrpp1_inst/wr_clk
    SLICE_X24Y28         FDRE                                         r  design_1_i/cg_fpga_0/inst/cg_axi_vdma_0/U0/GEN_SPRT_FOR_S2MM.S2MM_LINEBUFFER_I/GEN_S2MM_FLUSH_SOF_LOGIC.GEN_LINEBUFFER_FLUSH_SOF.GEN_SYNC_FIFO_FLUSH_SOF.I_LINEBUFFER_FIFO/xpm_fifo_sync_inst/xpm_fifo_base_inst/wrpp1_inst/count_value_i_reg[7]/C
                         clock pessimism              0.129    12.868    
                         clock uncertainty           -0.154    12.714    
    SLICE_X24Y28         FDRE (Setup_fdre_C_D)        0.031    12.745    design_1_i/cg_fpga_0/inst/cg_axi_vdma_0/U0/GEN_SPRT_FOR_S2MM.S2MM_LINEBUFFER_I/GEN_S2MM_FLUSH_SOF_LOGIC.GEN_LINEBUFFER_FLUSH_SOF.GEN_SYNC_FIFO_FLUSH_SOF.I_LINEBUFFER_FIFO/xpm_fifo_sync_inst/xpm_fifo_base_inst/wrpp1_inst/count_value_i_reg[7]
  -------------------------------------------------------------------
                         required time                         12.745    
                         arrival time                          -9.386    
  -------------------------------------------------------------------
                         slack                                  3.360    

Slack (MET) :             3.370ns  (required time - arrival time)
  Source:                 design_1_i/cg_fpga_0/inst/cg_axi_vdma_0/U0/GEN_SPRT_FOR_S2MM.S2MM_FSYNC_I/GEN_FSYNC_MODE_S2MM_FLUSH_SOF.frame_sync_out_reg/C
                            (rising edge-triggered cell FDRE clocked by clk_fpga_0  {rise@0.000ns fall@5.000ns period=10.000ns})
  Destination:            design_1_i/cg_fpga_0/inst/cg_axi_vdma_0/U0/GEN_SPRT_FOR_S2MM.S2MM_LINEBUFFER_I/GEN_S2MM_FLUSH_SOF_LOGIC.GEN_LINEBUFFER_FLUSH_SOF.GEN_SYNC_FIFO_FLUSH_SOF.I_LINEBUFFER_FIFO/xpm_fifo_sync_inst/xpm_fifo_base_inst/wrpp1_inst/count_value_i_reg[6]/D
                            (rising edge-triggered cell FDRE clocked by clk_fpga_0  {rise@0.000ns fall@5.000ns period=10.000ns})
  Path Group:             clk_fpga_0
  Path Type:              Setup (Max at Slow Process Corner)
  Requirement:            10.000ns  (clk_fpga_0 rise@10.000ns - clk_fpga_0 rise@0.000ns)
  Data Path Delay:        6.398ns  (logic 1.632ns (25.509%)  route 4.766ns (74.491%))
  Logic Levels:           4  (LUT3=1 LUT4=1 LUT5=1 LUT6=1)
  Clock Path Skew:        -0.154ns (DCD - SCD + CPR)
    Destination Clock Delay (DCD):    2.739ns = ( 12.740 - 10.000 ) 
    Source Clock Delay      (SCD):    3.022ns
    Clock Pessimism Removal (CPR):    0.129ns
  Clock Uncertainty:      0.154ns  ((TSJ^2 + TIJ^2)^1/2 + DJ) / 2 + PE
    Total System Jitter     (TSJ):    0.071ns
    Total Input Jitter      (TIJ):    0.300ns
    Discrete Jitter          (DJ):    0.000ns
    Phase Error              (PE):    0.000ns

    Location             Delay type                Incr(ns)  Path(ns)    Netlist Resource(s)
  -------------------------------------------------------------------    -------------------
                         (clock clk_fpga_0 rise edge)
                                                      0.000     0.000 r  
    PS7_X0Y0             PS7                          0.000     0.000 r  design_1_i/cg_fpga_0/inst/processing_system7_0/inst/PS7_i/FCLKCLK[0]
                         net (fo=1, routed)           1.193     1.193    design_1_i/cg_fpga_0/inst/processing_system7_0/inst/FCLK_CLK_unbuffered[0]
    BUFGCTRL_X0Y17       BUFG (Prop_bufg_I_O)         0.101     1.294 r  design_1_i/cg_fpga_0/inst/processing_system7_0/inst/buffer_fclk_clk_0.FCLK_CLK_0_BUFG/O
                         net (fo=6935, routed)        1.728     3.022    design_1_i/cg_fpga_0/inst/cg_axi_vdma_0/U0/GEN_SPRT_FOR_S2MM.S2MM_FSYNC_I/s_axi_lite_aclk
    SLICE_X54Y46         FDRE                                         r  design_1_i/cg_fpga_0/inst/cg_axi_vdma_0/U0/GEN_SPRT_FOR_S2MM.S2MM_FSYNC_I/GEN_FSYNC_MODE_S2MM_FLUSH_SOF.frame_sync_out_reg/C
  -------------------------------------------------------------------    -------------------
    SLICE_X54Y46         FDRE (Prop_fdre_C_Q)         0.478     3.500 f  design_1_i/cg_fpga_0/inst/cg_axi_vdma_0/U0/GEN_SPRT_FOR_S2MM.S2MM_FSYNC_I/GEN_FSYNC_MODE_S2MM_FLUSH_SOF.frame_sync_out_reg/Q
                         net (fo=42, routed)          2.368     5.868    design_1_i/cg_fpga_0/inst/cg_axi_vdma_0/U0/I_RST_MODULE/GEN_RESET_FOR_S2MM.RESET_I/s2mm_dmac2cdc_fsync_out
    SLICE_X39Y33         LUT5 (Prop_lut5_I3_O)        0.326     6.194 r  design_1_i/cg_fpga_0/inst/cg_axi_vdma_0/U0/I_RST_MODULE/GEN_RESET_FOR_S2MM.RESET_I/xpm_fifo_sync_inst_i_1__0/O
                         net (fo=3, routed)           1.095     7.290    design_1_i/cg_fpga_0/inst/cg_axi_vdma_0/U0/GEN_SPRT_FOR_S2MM.S2MM_LINEBUFFER_I/GEN_S2MM_FLUSH_SOF_LOGIC.GEN_LINEBUFFER_FLUSH_SOF.GEN_SYNC_FIFO_FLUSH_SOF.I_LINEBUFFER_FIFO/xpm_fifo_sync_inst/xpm_fifo_base_inst/xpm_fifo_rst_inst/wr_en
    SLICE_X28Y30         LUT4 (Prop_lut4_I0_O)        0.352     7.642 f  design_1_i/cg_fpga_0/inst/cg_axi_vdma_0/U0/GEN_SPRT_FOR_S2MM.S2MM_LINEBUFFER_I/GEN_S2MM_FLUSH_SOF_LOGIC.GEN_LINEBUFFER_FLUSH_SOF.GEN_SYNC_FIFO_FLUSH_SOF.I_LINEBUFFER_FIFO/xpm_fifo_sync_inst/xpm_fifo_base_inst/xpm_fifo_rst_inst/count_value_i[4]_i_2/O
                         net (fo=9, routed)           0.645     8.287    design_1_i/cg_fpga_0/inst/cg_axi_vdma_0/U0/GEN_SPRT_FOR_S2MM.S2MM_LINEBUFFER_I/GEN_S2MM_FLUSH_SOF_LOGIC.GEN_LINEBUFFER_FLUSH_SOF.GEN_SYNC_FIFO_FLUSH_SOF.I_LINEBUFFER_FIFO/xpm_fifo_sync_inst/xpm_fifo_base_inst/wrpp1_inst/count_value_i_reg[4]_0
    SLICE_X25Y28         LUT6 (Prop_lut6_I3_O)        0.326     8.613 r  design_1_i/cg_fpga_0/inst/cg_axi_vdma_0/U0/GEN_SPRT_FOR_S2MM.S2MM_LINEBUFFER_I/GEN_S2MM_FLUSH_SOF_LOGIC.GEN_LINEBUFFER_FLUSH_SOF.GEN_SYNC_FIFO_FLUSH_SOF.I_LINEBUFFER_FIFO/xpm_fifo_sync_inst/xpm_fifo_base_inst/wrpp1_inst/count_value_i[8]_i_2__1/O
                         net (fo=4, routed)           0.657     9.270    design_1_i/cg_fpga_0/inst/cg_axi_vdma_0/U0/GEN_SPRT_FOR_S2MM.S2MM_LINEBUFFER_I/GEN_S2MM_FLUSH_SOF_LOGIC.GEN_LINEBUFFER_FLUSH_SOF.GEN_SYNC_FIFO_FLUSH_SOF.I_LINEBUFFER_FIFO/xpm_fifo_sync_inst/xpm_fifo_base_inst/wrpp1_inst/count_value_i[8]_i_2__1_n_0
    SLICE_X24Y28         LUT3 (Prop_lut3_I1_O)        0.150     9.420 r  design_1_i/cg_fpga_0/inst/cg_axi_vdma_0/U0/GEN_SPRT_FOR_S2MM.S2MM_LINEBUFFER_I/GEN_S2MM_FLUSH_SOF_LOGIC.GEN_LINEBUFFER_FLUSH_SOF.GEN_SYNC_FIFO_FLUSH_SOF.I_LINEBUFFER_FIFO/xpm_fifo_sync_inst/xpm_fifo_base_inst/wrpp1_inst/count_value_i[6]_i_1__1/O
                         net (fo=1, routed)           0.000     9.420    design_1_i/cg_fpga_0/inst/cg_axi_vdma_0/U0/GEN_SPRT_FOR_S2MM.S2MM_LINEBUFFER_I/GEN_S2MM_FLUSH_SOF_LOGIC.GEN_LINEBUFFER_FLUSH_SOF.GEN_SYNC_FIFO_FLUSH_SOF.I_LINEBUFFER_FIFO/xpm_fifo_sync_inst/xpm_fifo_base_inst/wrpp1_inst/count_value_i[6]_i_1__1_n_0
    SLICE_X24Y28         FDRE                                         r  design_1_i/cg_fpga_0/inst/cg_axi_vdma_0/U0/GEN_SPRT_FOR_S2MM.S2MM_LINEBUFFER_I/GEN_S2MM_FLUSH_SOF_LOGIC.GEN_LINEBUFFER_FLUSH_SOF.GEN_SYNC_FIFO_FLUSH_SOF.I_LINEBUFFER_FIFO/xpm_fifo_sync_inst/xpm_fifo_base_inst/wrpp1_inst/count_value_i_reg[6]/D
  -------------------------------------------------------------------    -------------------

                         (clock clk_fpga_0 rise edge)
                                                     10.000    10.000 r  
    PS7_X0Y0             PS7                          0.000    10.000 r  design_1_i/cg_fpga_0/inst/processing_system7_0/inst/PS7_i/FCLKCLK[0]
                         net (fo=1, routed)           1.088    11.088    design_1_i/cg_fpga_0/inst/processing_system7_0/inst/FCLK_CLK_unbuffered[0]
    BUFGCTRL_X0Y17       BUFG (Prop_bufg_I_O)         0.091    11.179 r  design_1_i/cg_fpga_0/inst/processing_system7_0/inst/buffer_fclk_clk_0.FCLK_CLK_0_BUFG/O
                         net (fo=6935, routed)        1.560    12.740    design_1_i/cg_fpga_0/inst/cg_axi_vdma_0/U0/GEN_SPRT_FOR_S2MM.S2MM_LINEBUFFER_I/GEN_S2MM_FLUSH_SOF_LOGIC.GEN_LINEBUFFER_FLUSH_SOF.GEN_SYNC_FIFO_FLUSH_SOF.I_LINEBUFFER_FIFO/xpm_fifo_sync_inst/xpm_fifo_base_inst/wrpp1_inst/wr_clk
    SLICE_X24Y28         FDRE                                         r  design_1_i/cg_fpga_0/inst/cg_axi_vdma_0/U0/GEN_SPRT_FOR_S2MM.S2MM_LINEBUFFER_I/GEN_S2MM_FLUSH_SOF_LOGIC.GEN_LINEBUFFER_FLUSH_SOF.GEN_SYNC_FIFO_FLUSH_SOF.I_LINEBUFFER_FIFO/xpm_fifo_sync_inst/xpm_fifo_base_inst/wrpp1_inst/count_value_i_reg[6]/C
                         clock pessimism              0.129    12.868    
                         clock uncertainty           -0.154    12.714    
    SLICE_X24Y28         FDRE (Setup_fdre_C_D)        0.075    12.789    design_1_i/cg_fpga_0/inst/cg_axi_vdma_0/U0/GEN_SPRT_FOR_S2MM.S2MM_LINEBUFFER_I/GEN_S2MM_FLUSH_SOF_LOGIC.GEN_LINEBUFFER_FLUSH_SOF.GEN_SYNC_FIFO_FLUSH_SOF.I_LINEBUFFER_FIFO/xpm_fifo_sync_inst/xpm_fifo_base_inst/wrpp1_inst/count_value_i_reg[6]
  -------------------------------------------------------------------
                         required time                         12.789    
                         arrival time                          -9.420    
  -------------------------------------------------------------------
                         slack                                  3.370    

Slack (MET) :             3.376ns  (required time - arrival time)
  Source:                 design_1_i/cg_fpga_0/inst/cg_axi_vdma_0/U0/GEN_SPRT_FOR_S2MM.S2MM_FSYNC_I/GEN_FSYNC_MODE_S2MM_FLUSH_SOF.frame_sync_out_reg/C
                            (rising edge-triggered cell FDRE clocked by clk_fpga_0  {rise@0.000ns fall@5.000ns period=10.000ns})
  Destination:            design_1_i/cg_fpga_0/inst/cg_axi_vdma_0/U0/GEN_SPRT_FOR_S2MM.S2MM_LINEBUFFER_I/GEN_S2MM_FLUSH_SOF_LOGIC.GEN_LINEBUFFER_FLUSH_SOF.GEN_SYNC_FIFO_FLUSH_SOF.I_LINEBUFFER_FIFO/xpm_fifo_sync_inst/xpm_fifo_base_inst/wrpp1_inst/count_value_i_reg[8]/D
                            (rising edge-triggered cell FDRE clocked by clk_fpga_0  {rise@0.000ns fall@5.000ns period=10.000ns})
  Path Group:             clk_fpga_0
  Path Type:              Setup (Max at Slow Process Corner)
  Requirement:            10.000ns  (clk_fpga_0 rise@10.000ns - clk_fpga_0 rise@0.000ns)
  Data Path Delay:        6.392ns  (logic 1.634ns (25.564%)  route 4.758ns (74.436%))
  Logic Levels:           4  (LUT4=1 LUT5=2 LUT6=1)
  Clock Path Skew:        -0.154ns (DCD - SCD + CPR)
    Destination Clock Delay (DCD):    2.739ns = ( 12.740 - 10.000 ) 
    Source Clock Delay      (SCD):    3.022ns
    Clock Pessimism Removal (CPR):    0.129ns
  Clock Uncertainty:      0.154ns  ((TSJ^2 + TIJ^2)^1/2 + DJ) / 2 + PE
    Total System Jitter     (TSJ):    0.071ns
    Total Input Jitter      (TIJ):    0.300ns
    Discrete Jitter          (DJ):    0.000ns
    Phase Error              (PE):    0.000ns

    Location             Delay type                Incr(ns)  Path(ns)    Netlist Resource(s)
  -------------------------------------------------------------------    -------------------
                         (clock clk_fpga_0 rise edge)
                                                      0.000     0.000 r  
    PS7_X0Y0             PS7                          0.000     0.000 r  design_1_i/cg_fpga_0/inst/processing_system7_0/inst/PS7_i/FCLKCLK[0]
                         net (fo=1, routed)           1.193     1.193    design_1_i/cg_fpga_0/inst/processing_system7_0/inst/FCLK_CLK_unbuffered[0]
    BUFGCTRL_X0Y17       BUFG (Prop_bufg_I_O)         0.101     1.294 r  design_1_i/cg_fpga_0/inst/processing_system7_0/inst/buffer_fclk_clk_0.FCLK_CLK_0_BUFG/O
                         net (fo=6935, routed)        1.728     3.022    design_1_i/cg_fpga_0/inst/cg_axi_vdma_0/U0/GEN_SPRT_FOR_S2MM.S2MM_FSYNC_I/s_axi_lite_aclk
    SLICE_X54Y46         FDRE                                         r  design_1_i/cg_fpga_0/inst/cg_axi_vdma_0/U0/GEN_SPRT_FOR_S2MM.S2MM_FSYNC_I/GEN_FSYNC_MODE_S2MM_FLUSH_SOF.frame_sync_out_reg/C
  -------------------------------------------------------------------    -------------------
    SLICE_X54Y46         FDRE (Prop_fdre_C_Q)         0.478     3.500 f  design_1_i/cg_fpga_0/inst/cg_axi_vdma_0/U0/GEN_SPRT_FOR_S2MM.S2MM_FSYNC_I/GEN_FSYNC_MODE_S2MM_FLUSH_SOF.frame_sync_out_reg/Q
                         net (fo=42, routed)          2.368     5.868    design_1_i/cg_fpga_0/inst/cg_axi_vdma_0/U0/I_RST_MODULE/GEN_RESET_FOR_S2MM.RESET_I/s2mm_dmac2cdc_fsync_out
    SLICE_X39Y33         LUT5 (Prop_lut5_I3_O)        0.326     6.194 r  design_1_i/cg_fpga_0/inst/cg_axi_vdma_0/U0/I_RST_MODULE/GEN_RESET_FOR_S2MM.RESET_I/xpm_fifo_sync_inst_i_1__0/O
                         net (fo=3, routed)           1.095     7.290    design_1_i/cg_fpga_0/inst/cg_axi_vdma_0/U0/GEN_SPRT_FOR_S2MM.S2MM_LINEBUFFER_I/GEN_S2MM_FLUSH_SOF_LOGIC.GEN_LINEBUFFER_FLUSH_SOF.GEN_SYNC_FIFO_FLUSH_SOF.I_LINEBUFFER_FIFO/xpm_fifo_sync_inst/xpm_fifo_base_inst/xpm_fifo_rst_inst/wr_en
    SLICE_X28Y30         LUT4 (Prop_lut4_I0_O)        0.352     7.642 f  design_1_i/cg_fpga_0/inst/cg_axi_vdma_0/U0/GEN_SPRT_FOR_S2MM.S2MM_LINEBUFFER_I/GEN_S2MM_FLUSH_SOF_LOGIC.GEN_LINEBUFFER_FLUSH_SOF.GEN_SYNC_FIFO_FLUSH_SOF.I_LINEBUFFER_FIFO/xpm_fifo_sync_inst/xpm_fifo_base_inst/xpm_fifo_rst_inst/count_value_i[4]_i_2/O
                         net (fo=9, routed)           0.645     8.287    design_1_i/cg_fpga_0/inst/cg_axi_vdma_0/U0/GEN_SPRT_FOR_S2MM.S2MM_LINEBUFFER_I/GEN_S2MM_FLUSH_SOF_LOGIC.GEN_LINEBUFFER_FLUSH_SOF.GEN_SYNC_FIFO_FLUSH_SOF.I_LINEBUFFER_FIFO/xpm_fifo_sync_inst/xpm_fifo_base_inst/wrpp1_inst/count_value_i_reg[4]_0
    SLICE_X25Y28         LUT6 (Prop_lut6_I3_O)        0.326     8.613 r  design_1_i/cg_fpga_0/inst/cg_axi_vdma_0/U0/GEN_SPRT_FOR_S2MM.S2MM_LINEBUFFER_I/GEN_S2MM_FLUSH_SOF_LOGIC.GEN_LINEBUFFER_FLUSH_SOF.GEN_SYNC_FIFO_FLUSH_SOF.I_LINEBUFFER_FIFO/xpm_fifo_sync_inst/xpm_fifo_base_inst/wrpp1_inst/count_value_i[8]_i_2__1/O
                         net (fo=4, routed)           0.649     9.262    design_1_i/cg_fpga_0/inst/cg_axi_vdma_0/U0/GEN_SPRT_FOR_S2MM.S2MM_LINEBUFFER_I/GEN_S2MM_FLUSH_SOF_LOGIC.GEN_LINEBUFFER_FLUSH_SOF.GEN_SYNC_FIFO_FLUSH_SOF.I_LINEBUFFER_FIFO/xpm_fifo_sync_inst/xpm_fifo_base_inst/wrpp1_inst/count_value_i[8]_i_2__1_n_0
    SLICE_X24Y28         LUT5 (Prop_lut5_I0_O)        0.152     9.414 r  design_1_i/cg_fpga_0/inst/cg_axi_vdma_0/U0/GEN_SPRT_FOR_S2MM.S2MM_LINEBUFFER_I/GEN_S2MM_FLUSH_SOF_LOGIC.GEN_LINEBUFFER_FLUSH_SOF.GEN_SYNC_FIFO_FLUSH_SOF.I_LINEBUFFER_FIFO/xpm_fifo_sync_inst/xpm_fifo_base_inst/wrpp1_inst/count_value_i[8]_i_1__1/O
                         net (fo=1, routed)           0.000     9.414    design_1_i/cg_fpga_0/inst/cg_axi_vdma_0/U0/GEN_SPRT_FOR_S2MM.S2MM_LINEBUFFER_I/GEN_S2MM_FLUSH_SOF_LOGIC.GEN_LINEBUFFER_FLUSH_SOF.GEN_SYNC_FIFO_FLUSH_SOF.I_LINEBUFFER_FIFO/xpm_fifo_sync_inst/xpm_fifo_base_inst/wrpp1_inst/count_value_i[8]_i_1__1_n_0
    SLICE_X24Y28         FDRE                                         r  design_1_i/cg_fpga_0/inst/cg_axi_vdma_0/U0/GEN_SPRT_FOR_S2MM.S2MM_LINEBUFFER_I/GEN_S2MM_FLUSH_SOF_LOGIC.GEN_LINEBUFFER_FLUSH_SOF.GEN_SYNC_FIFO_FLUSH_SOF.I_LINEBUFFER_FIFO/xpm_fifo_sync_inst/xpm_fifo_base_inst/wrpp1_inst/count_value_i_reg[8]/D
  -------------------------------------------------------------------    -------------------

                         (clock clk_fpga_0 rise edge)
                                                     10.000    10.000 r  
    PS7_X0Y0             PS7                          0.000    10.000 r  design_1_i/cg_fpga_0/inst/processing_system7_0/inst/PS7_i/FCLKCLK[0]
                         net (fo=1, routed)           1.088    11.088    design_1_i/cg_fpga_0/inst/processing_system7_0/inst/FCLK_CLK_unbuffered[0]
    BUFGCTRL_X0Y17       BUFG (Prop_bufg_I_O)         0.091    11.179 r  design_1_i/cg_fpga_0/inst/processing_system7_0/inst/buffer_fclk_clk_0.FCLK_CLK_0_BUFG/O
                         net (fo=6935, routed)        1.560    12.740    design_1_i/cg_fpga_0/inst/cg_axi_vdma_0/U0/GEN_SPRT_FOR_S2MM.S2MM_LINEBUFFER_I/GEN_S2MM_FLUSH_SOF_LOGIC.GEN_LINEBUFFER_FLUSH_SOF.GEN_SYNC_FIFO_FLUSH_SOF.I_LINEBUFFER_FIFO/xpm_fifo_sync_inst/xpm_fifo_base_inst/wrpp1_inst/wr_clk
    SLICE_X24Y28         FDRE                                         r  design_1_i/cg_fpga_0/inst/cg_axi_vdma_0/U0/GEN_SPRT_FOR_S2MM.S2MM_LINEBUFFER_I/GEN_S2MM_FLUSH_SOF_LOGIC.GEN_LINEBUFFER_FLUSH_SOF.GEN_SYNC_FIFO_FLUSH_SOF.I_LINEBUFFER_FIFO/xpm_fifo_sync_inst/xpm_fifo_base_inst/wrpp1_inst/count_value_i_reg[8]/C
                         clock pessimism              0.129    12.868    
                         clock uncertainty           -0.154    12.714    
    SLICE_X24Y28         FDRE (Setup_fdre_C_D)        0.075    12.789    design_1_i/cg_fpga_0/inst/cg_axi_vdma_0/U0/GEN_SPRT_FOR_S2MM.S2MM_LINEBUFFER_I/GEN_S2MM_FLUSH_SOF_LOGIC.GEN_LINEBUFFER_FLUSH_SOF.GEN_SYNC_FIFO_FLUSH_SOF.I_LINEBUFFER_FIFO/xpm_fifo_sync_inst/xpm_fifo_base_inst/wrpp1_inst/count_value_i_reg[8]
  -------------------------------------------------------------------
                         required time                         12.789    
                         arrival time                          -9.414    
  -------------------------------------------------------------------
                         slack                                  3.376    

Slack (MET) :             3.455ns  (required time - arrival time)
  Source:                 design_1_i/cg_fpga_0/inst/cg_axi_vdma_0/U0/I_PRMRY_DATAMOVER/GEN_S2MM_FULL.I_S2MM_FULL_WRAPPER/GEN_INCLUDE_REALIGNER.I_S2MM_REALIGNER/GEN_INCLUDE_SCATTER.I_S2MM_SCATTER/sig_max_first_increment_reg[1]/C
                            (rising edge-triggered cell FDRE clocked by clk_fpga_0  {rise@0.000ns fall@5.000ns period=10.000ns})
  Destination:            design_1_i/cg_fpga_0/inst/cg_axi_vdma_0/U0/I_PRMRY_DATAMOVER/GEN_S2MM_FULL.I_S2MM_FULL_WRAPPER/GEN_INCLUDE_REALIGNER.I_S2MM_REALIGNER/GEN_INCLUDE_SCATTER.I_S2MM_SCATTER/sig_btt_cntr_dup_reg[15]/D
                            (rising edge-triggered cell FDRE clocked by clk_fpga_0  {rise@0.000ns fall@5.000ns period=10.000ns})
  Path Group:             clk_fpga_0
  Path Type:              Setup (Max at Slow Process Corner)
  Requirement:            10.000ns  (clk_fpga_0 rise@10.000ns - clk_fpga_0 rise@0.000ns)
  Data Path Delay:        6.228ns  (logic 2.791ns (44.812%)  route 3.437ns (55.188%))
  Logic Levels:           9  (CARRY4=6 LUT4=3)
  Clock Path Skew:        -0.058ns (DCD - SCD + CPR)
    Destination Clock Delay (DCD):    2.670ns = ( 12.670 - 10.000 ) 
    Source Clock Delay      (SCD):    2.958ns
    Clock Pessimism Removal (CPR):    0.230ns
  Clock Uncertainty:      0.154ns  ((TSJ^2 + TIJ^2)^1/2 + DJ) / 2 + PE
    Total System Jitter     (TSJ):    0.071ns
    Total Input Jitter      (TIJ):    0.300ns
    Discrete Jitter          (DJ):    0.000ns
    Phase Error              (PE):    0.000ns

    Location             Delay type                Incr(ns)  Path(ns)    Netlist Resource(s)
  -------------------------------------------------------------------    -------------------
                         (clock clk_fpga_0 rise edge)
                                                      0.000     0.000 r  
    PS7_X0Y0             PS7                          0.000     0.000 r  design_1_i/cg_fpga_0/inst/processing_system7_0/inst/PS7_i/FCLKCLK[0]
                         net (fo=1, routed)           1.193     1.193    design_1_i/cg_fpga_0/inst/processing_system7_0/inst/FCLK_CLK_unbuffered[0]
    BUFGCTRL_X0Y17       BUFG (Prop_bufg_I_O)         0.101     1.294 r  design_1_i/cg_fpga_0/inst/processing_system7_0/inst/buffer_fclk_clk_0.FCLK_CLK_0_BUFG/O
                         net (fo=6935, routed)        1.664     2.958    design_1_i/cg_fpga_0/inst/cg_axi_vdma_0/U0/I_PRMRY_DATAMOVER/GEN_S2MM_FULL.I_S2MM_FULL_WRAPPER/GEN_INCLUDE_REALIGNER.I_S2MM_REALIGNER/GEN_INCLUDE_SCATTER.I_S2MM_SCATTER/s_axi_lite_aclk
    SLICE_X38Y35         FDRE                                         r  design_1_i/cg_fpga_0/inst/cg_axi_vdma_0/U0/I_PRMRY_DATAMOVER/GEN_S2MM_FULL.I_S2MM_FULL_WRAPPER/GEN_INCLUDE_REALIGNER.I_S2MM_REALIGNER/GEN_INCLUDE_SCATTER.I_S2MM_SCATTER/sig_max_first_increment_reg[1]/C
  -------------------------------------------------------------------    -------------------
    SLICE_X38Y35         FDRE (Prop_fdre_C_Q)         0.518     3.476 r  design_1_i/cg_fpga_0/inst/cg_axi_vdma_0/U0/I_PRMRY_DATAMOVER/GEN_S2MM_FULL.I_S2MM_FULL_WRAPPER/GEN_INCLUDE_REALIGNER.I_S2MM_REALIGNER/GEN_INCLUDE_SCATTER.I_S2MM_SCATTER/sig_max_first_increment_reg[1]/Q
                         net (fo=4, routed)           0.964     4.440    design_1_i/cg_fpga_0/inst/cg_axi_vdma_0/U0/I_PRMRY_DATAMOVER/GEN_S2MM_FULL.I_S2MM_FULL_WRAPPER/GEN_INCLUDE_REALIGNER.I_S2MM_REALIGNER/GEN_INCLUDE_SCATTER.I_S2MM_SCATTER/sig_max_first_increment_reg_n_0_[1]
    SLICE_X39Y36         LUT4 (Prop_lut4_I1_O)        0.124     4.564 r  design_1_i/cg_fpga_0/inst/cg_axi_vdma_0/U0/I_PRMRY_DATAMOVER/GEN_S2MM_FULL.I_S2MM_FULL_WRAPPER/GEN_INCLUDE_REALIGNER.I_S2MM_REALIGNER/GEN_INCLUDE_SCATTER.I_S2MM_SCATTER/sig_btt_lteq_max_first_incr0_carry_i_6/O
                         net (fo=1, routed)           0.000     4.564    design_1_i/cg_fpga_0/inst/cg_axi_vdma_0/U0/I_PRMRY_DATAMOVER/GEN_S2MM_FULL.I_S2MM_FULL_WRAPPER/GEN_INCLUDE_REALIGNER.I_S2MM_REALIGNER/GEN_INCLUDE_SCATTER.I_S2MM_SCATTER/sig_btt_lteq_max_first_incr0_carry_i_6_n_0
    SLICE_X39Y36         CARRY4 (Prop_carry4_S[0]_CO[3])
                                                      0.532     5.096 r  design_1_i/cg_fpga_0/inst/cg_axi_vdma_0/U0/I_PRMRY_DATAMOVER/GEN_S2MM_FULL.I_S2MM_FULL_WRAPPER/GEN_INCLUDE_REALIGNER.I_S2MM_REALIGNER/GEN_INCLUDE_SCATTER.I_S2MM_SCATTER/sig_btt_lteq_max_first_incr0_carry/CO[3]
                         net (fo=1, routed)           0.000     5.096    design_1_i/cg_fpga_0/inst/cg_axi_vdma_0/U0/I_PRMRY_DATAMOVER/GEN_S2MM_FULL.I_S2MM_FULL_WRAPPER/GEN_INCLUDE_REALIGNER.I_S2MM_REALIGNER/GEN_INCLUDE_SCATTER.I_S2MM_SCATTER/sig_btt_lteq_max_first_incr0_carry_n_0
    SLICE_X39Y37         CARRY4 (Prop_carry4_CI_CO[3])
                                                      0.114     5.210 r  design_1_i/cg_fpga_0/inst/cg_axi_vdma_0/U0/I_PRMRY_DATAMOVER/GEN_S2MM_FULL.I_S2MM_FULL_WRAPPER/GEN_INCLUDE_REALIGNER.I_S2MM_REALIGNER/GEN_INCLUDE_SCATTER.I_S2MM_SCATTER/sig_btt_lteq_max_first_incr0_carry__0/CO[3]
                         net (fo=23, routed)          1.168     6.377    design_1_i/cg_fpga_0/inst/cg_axi_vdma_0/U0/I_PRMRY_DATAMOVER/GEN_S2MM_FULL.I_S2MM_FULL_WRAPPER/GEN_INCLUDE_REALIGNER.I_S2MM_REALIGNER/GEN_INCLUDE_SCATTER.I_S2MM_SCATTER/sig_btt_lteq_max_first_incr
    SLICE_X40Y35         LUT4 (Prop_lut4_I2_O)        0.124     6.501 r  design_1_i/cg_fpga_0/inst/cg_axi_vdma_0/U0/I_PRMRY_DATAMOVER/GEN_S2MM_FULL.I_S2MM_FULL_WRAPPER/GEN_INCLUDE_REALIGNER.I_S2MM_REALIGNER/GEN_INCLUDE_SCATTER.I_S2MM_SCATTER/sig_btt_cntr_prv0_carry_i_4/O
                         net (fo=1, routed)           0.000     6.501    design_1_i/cg_fpga_0/inst/cg_axi_vdma_0/U0/I_PRMRY_DATAMOVER/GEN_S2MM_FULL.I_S2MM_FULL_WRAPPER/GEN_INCLUDE_REALIGNER.I_S2MM_REALIGNER/GEN_INCLUDE_SCATTER.I_S2MM_SCATTER/sig_btt_cntr_prv0_carry_i_4_n_0
    SLICE_X40Y35         CARRY4 (Prop_carry4_S[0]_CO[3])
                                                      0.532     7.033 r  design_1_i/cg_fpga_0/inst/cg_axi_vdma_0/U0/I_PRMRY_DATAMOVER/GEN_S2MM_FULL.I_S2MM_FULL_WRAPPER/GEN_INCLUDE_REALIGNER.I_S2MM_REALIGNER/GEN_INCLUDE_SCATTER.I_S2MM_SCATTER/sig_btt_cntr_prv0_carry/CO[3]
                         net (fo=1, routed)           0.000     7.033    design_1_i/cg_fpga_0/inst/cg_axi_vdma_0/U0/I_PRMRY_DATAMOVER/GEN_S2MM_FULL.I_S2MM_FULL_WRAPPER/GEN_INCLUDE_REALIGNER.I_S2MM_REALIGNER/GEN_INCLUDE_SCATTER.I_S2MM_SCATTER/sig_btt_cntr_prv0_carry_n_0
    SLICE_X40Y36         CARRY4 (Prop_carry4_CI_CO[3])
                                                      0.114     7.147 r  design_1_i/cg_fpga_0/inst/cg_axi_vdma_0/U0/I_PRMRY_DATAMOVER/GEN_S2MM_FULL.I_S2MM_FULL_WRAPPER/GEN_INCLUDE_REALIGNER.I_S2MM_REALIGNER/GEN_INCLUDE_SCATTER.I_S2MM_SCATTER/sig_btt_cntr_prv0_carry__0/CO[3]
                         net (fo=1, routed)           0.000     7.147    design_1_i/cg_fpga_0/inst/cg_axi_vdma_0/U0/I_PRMRY_DATAMOVER/GEN_S2MM_FULL.I_S2MM_FULL_WRAPPER/GEN_INCLUDE_REALIGNER.I_S2MM_REALIGNER/GEN_INCLUDE_SCATTER.I_S2MM_SCATTER/sig_btt_cntr_prv0_carry__0_n_0
    SLICE_X40Y37         CARRY4 (Prop_carry4_CI_CO[3])
                                                      0.114     7.261 r  design_1_i/cg_fpga_0/inst/cg_axi_vdma_0/U0/I_PRMRY_DATAMOVER/GEN_S2MM_FULL.I_S2MM_FULL_WRAPPER/GEN_INCLUDE_REALIGNER.I_S2MM_REALIGNER/GEN_INCLUDE_SCATTER.I_S2MM_SCATTER/sig_btt_cntr_prv0_carry__1/CO[3]
                         net (fo=1, routed)           0.000     7.261    design_1_i/cg_fpga_0/inst/cg_axi_vdma_0/U0/I_PRMRY_DATAMOVER/GEN_S2MM_FULL.I_S2MM_FULL_WRAPPER/GEN_INCLUDE_REALIGNER.I_S2MM_REALIGNER/GEN_INCLUDE_SCATTER.I_S2MM_SCATTER/sig_btt_cntr_prv0_carry__1_n_0
    SLICE_X40Y38         CARRY4 (Prop_carry4_CI_O[3])
                                                      0.313     7.574 r  design_1_i/cg_fpga_0/inst/cg_axi_vdma_0/U0/I_PRMRY_DATAMOVER/GEN_S2MM_FULL.I_S2MM_FULL_WRAPPER/GEN_INCLUDE_REALIGNER.I_S2MM_REALIGNER/GEN_INCLUDE_SCATTER.I_S2MM_SCATTER/sig_btt_cntr_prv0_carry__2/O[3]
                         net (fo=2, routed)           0.345     7.920    design_1_i/cg_fpga_0/inst/cg_axi_vdma_0/U0/I_PRMRY_DATAMOVER/GEN_S2MM_FULL.I_S2MM_FULL_WRAPPER/GEN_INCLUDE_REALIGNER.I_S2MM_REALIGNER/GEN_INCLUDE_SCATTER.I_S2MM_SCATTER/sig_btt_cntr_prv0[15]
    SLICE_X38Y37         LUT4 (Prop_lut4_I3_O)        0.306     8.226 r  design_1_i/cg_fpga_0/inst/cg_axi_vdma_0/U0/I_PRMRY_DATAMOVER/GEN_S2MM_FULL.I_S2MM_FULL_WRAPPER/GEN_INCLUDE_REALIGNER.I_S2MM_REALIGNER/GEN_INCLUDE_SCATTER.I_S2MM_SCATTER/sig_btt_cntr[15]_i_3__0/O
                         net (fo=2, routed)           0.961     9.186    design_1_i/cg_fpga_0/inst/cg_axi_vdma_0/U0/I_PRMRY_DATAMOVER/GEN_S2MM_FULL.I_S2MM_FULL_WRAPPER/GEN_INCLUDE_REALIGNER.I_S2MM_REALIGNER/GEN_INCLUDE_SCATTER.I_S2MM_SCATTER/sel0[15]
    SLICE_X40Y37         FDRE                                         r  design_1_i/cg_fpga_0/inst/cg_axi_vdma_0/U0/I_PRMRY_DATAMOVER/GEN_S2MM_FULL.I_S2MM_FULL_WRAPPER/GEN_INCLUDE_REALIGNER.I_S2MM_REALIGNER/GEN_INCLUDE_SCATTER.I_S2MM_SCATTER/sig_btt_cntr_dup_reg[15]/D
  -------------------------------------------------------------------    -------------------

                         (clock clk_fpga_0 rise edge)
                                                     10.000    10.000 r  
    PS7_X0Y0             PS7                          0.000    10.000 r  design_1_i/cg_fpga_0/inst/processing_system7_0/inst/PS7_i/FCLKCLK[0]
                         net (fo=1, routed)           1.088    11.088    design_1_i/cg_fpga_0/inst/processing_system7_0/inst/FCLK_CLK_unbuffered[0]
    BUFGCTRL_X0Y17       BUFG (Prop_bufg_I_O)         0.091    11.179 r  design_1_i/cg_fpga_0/inst/processing_system7_0/inst/buffer_fclk_clk_0.FCLK_CLK_0_BUFG/O
                         net (fo=6935, routed)        1.491    12.670    design_1_i/cg_fpga_0/inst/cg_axi_vdma_0/U0/I_PRMRY_DATAMOVER/GEN_S2MM_FULL.I_S2MM_FULL_WRAPPER/GEN_INCLUDE_REALIGNER.I_S2MM_REALIGNER/GEN_INCLUDE_SCATTER.I_S2MM_SCATTER/s_axi_lite_aclk
    SLICE_X40Y37         FDRE                                         r  design_1_i/cg_fpga_0/inst/cg_axi_vdma_0/U0/I_PRMRY_DATAMOVER/GEN_S2MM_FULL.I_S2MM_FULL_WRAPPER/GEN_INCLUDE_REALIGNER.I_S2MM_REALIGNER/GEN_INCLUDE_SCATTER.I_S2MM_SCATTER/sig_btt_cntr_dup_reg[15]/C
                         clock pessimism              0.230    12.900    
                         clock uncertainty           -0.154    12.746    
    SLICE_X40Y37         FDRE (Setup_fdre_C_D)       -0.105    12.641    design_1_i/cg_fpga_0/inst/cg_axi_vdma_0/U0/I_PRMRY_DATAMOVER/GEN_S2MM_FULL.I_S2MM_FULL_WRAPPER/GEN_INCLUDE_REALIGNER.I_S2MM_REALIGNER/GEN_INCLUDE_SCATTER.I_S2MM_SCATTER/sig_btt_cntr_dup_reg[15]
  -------------------------------------------------------------------
                         required time                         12.641    
                         arrival time                          -9.186    
  -------------------------------------------------------------------
                         slack                                  3.455    

Slack (MET) :             3.455ns  (required time - arrival time)
  Source:                 design_1_i/cg_fpga_0/inst/processing_system7_0/inst/PS7_i/SAXIHP0ACLK
                            (rising edge-triggered cell PS7 clocked by clk_fpga_0  {rise@0.000ns fall@5.000ns period=10.000ns})
  Destination:            design_1_i/cg_fpga_0/inst/cg_axi_vdma_0/U0/I_PRMRY_DATAMOVER/GEN_S2MM_FULL.I_S2MM_FULL_WRAPPER/I_S2MM_MMAP_SKID_BUF/sig_data_reg_out_reg[20]/CE
                            (rising edge-triggered cell FDRE clocked by clk_fpga_0  {rise@0.000ns fall@5.000ns period=10.000ns})
  Path Group:             clk_fpga_0
  Path Type:              Setup (Max at Slow Process Corner)
  Requirement:            10.000ns  (clk_fpga_0 rise@10.000ns - clk_fpga_0 rise@0.000ns)
  Data Path Delay:        5.980ns  (logic 2.197ns (36.739%)  route 3.783ns (63.261%))
  Logic Levels:           4  (LUT2=1 LUT3=1 LUT4=1 LUT6=1)
  Clock Path Skew:        -0.242ns (DCD - SCD + CPR)
    Destination Clock Delay (DCD):    2.757ns = ( 12.757 - 10.000 ) 
    Source Clock Delay      (SCD):    3.114ns
    Clock Pessimism Removal (CPR):    0.115ns
  Clock Uncertainty:      0.154ns  ((TSJ^2 + TIJ^2)^1/2 + DJ) / 2 + PE
    Total System Jitter     (TSJ):    0.071ns
    Total Input Jitter      (TIJ):    0.300ns
    Discrete Jitter          (DJ):    0.000ns
    Phase Error              (PE):    0.000ns

    Location             Delay type                Incr(ns)  Path(ns)    Netlist Resource(s)
  -------------------------------------------------------------------    -------------------
                         (clock clk_fpga_0 rise edge)
                                                      0.000     0.000 r  
    PS7_X0Y0             PS7                          0.000     0.000 r  design_1_i/cg_fpga_0/inst/processing_system7_0/inst/PS7_i/FCLKCLK[0]
                         net (fo=1, routed)           1.193     1.193    design_1_i/cg_fpga_0/inst/processing_system7_0/inst/FCLK_CLK_unbuffered[0]
    BUFGCTRL_X0Y17       BUFG (Prop_bufg_I_O)         0.101     1.294 r  design_1_i/cg_fpga_0/inst/processing_system7_0/inst/buffer_fclk_clk_0.FCLK_CLK_0_BUFG/O
                         net (fo=6935, routed)        1.820     3.114    design_1_i/cg_fpga_0/inst/processing_system7_0/inst/FCLK_CLK0
    PS7_X0Y0             PS7                                          r  design_1_i/cg_fpga_0/inst/processing_system7_0/inst/PS7_i/SAXIHP0ACLK
  -------------------------------------------------------------------    -------------------
    PS7_X0Y0             PS7 (Prop_ps7_SAXIHP0ACLK_SAXIHP0WREADY)
                                                      1.277     4.391 r  design_1_i/cg_fpga_0/inst/processing_system7_0/inst/PS7_i/SAXIHP0WREADY
                         net (fo=2, routed)           0.840     5.232    design_1_i/cg_fpga_0/inst/axi_mem_intercon/m00_couplers/auto_pc/inst/gen_axi4_axi3.axi3_conv_inst/USE_WRITE.write_addr_inst/USE_BURSTS.cmd_queue/inst/m_axi_wready
    SLICE_X26Y54         LUT3 (Prop_lut3_I0_O)        0.148     5.380 r  design_1_i/cg_fpga_0/inst/axi_mem_intercon/m00_couplers/auto_pc/inst/gen_axi4_axi3.axi3_conv_inst/USE_WRITE.write_addr_inst/USE_BURSTS.cmd_queue/inst/s_axi_wready_INST_0/O
                         net (fo=12, routed)          0.450     5.830    design_1_i/cg_fpga_0/inst/axi_mem_intercon/xbar/inst/gen_samd.crossbar_samd/gen_master_slots[0].gen_mi_write.wdata_mux_w/gen_wmux.wmux_aw_fifo/m_axi_wready[0]
    SLICE_X27Y55         LUT4 (Prop_lut4_I2_O)        0.322     6.152 r  design_1_i/cg_fpga_0/inst/axi_mem_intercon/xbar/inst/gen_samd.crossbar_samd/gen_master_slots[0].gen_mi_write.wdata_mux_w/gen_wmux.wmux_aw_fifo/s_axi_wready[1]_INST_0_i_1/O
                         net (fo=7, routed)           0.481     6.633    design_1_i/cg_fpga_0/inst/axi_mem_intercon/xbar/inst/gen_samd.crossbar_samd/gen_slave_slots[1].gen_si_write.wdata_router_w/wrouter_aw_fifo/gen_primitive_shifter.gen_srls[0].srl_inst_1
    SLICE_X27Y54         LUT6 (Prop_lut6_I1_O)        0.326     6.959 r  design_1_i/cg_fpga_0/inst/axi_mem_intercon/xbar/inst/gen_samd.crossbar_samd/gen_slave_slots[1].gen_si_write.wdata_router_w/wrouter_aw_fifo/s_axi_wready[1]_INST_0/O
                         net (fo=3, routed)           0.810     7.769    design_1_i/cg_fpga_0/inst/cg_axi_vdma_0/U0/I_PRMRY_DATAMOVER/GEN_S2MM_FULL.I_S2MM_FULL_WRAPPER/I_S2MM_MMAP_SKID_BUF/m_axi_s2mm_wready
    SLICE_X28Y46         LUT2 (Prop_lut2_I0_O)        0.124     7.893 r  design_1_i/cg_fpga_0/inst/cg_axi_vdma_0/U0/I_PRMRY_DATAMOVER/GEN_S2MM_FULL.I_S2MM_FULL_WRAPPER/I_S2MM_MMAP_SKID_BUF/sig_data_reg_out[63]_i_1/O
                         net (fo=73, routed)          1.202     9.094    design_1_i/cg_fpga_0/inst/cg_axi_vdma_0/U0/I_PRMRY_DATAMOVER/GEN_S2MM_FULL.I_S2MM_FULL_WRAPPER/I_S2MM_MMAP_SKID_BUF/sig_data_reg_out_en
    SLICE_X16Y40         FDRE                                         r  design_1_i/cg_fpga_0/inst/cg_axi_vdma_0/U0/I_PRMRY_DATAMOVER/GEN_S2MM_FULL.I_S2MM_FULL_WRAPPER/I_S2MM_MMAP_SKID_BUF/sig_data_reg_out_reg[20]/CE
  -------------------------------------------------------------------    -------------------

                         (clock clk_fpga_0 rise edge)
                                                     10.000    10.000 r  
    PS7_X0Y0             PS7                          0.000    10.000 r  design_1_i/cg_fpga_0/inst/processing_system7_0/inst/PS7_i/FCLKCLK[0]
                         net (fo=1, routed)           1.088    11.088    design_1_i/cg_fpga_0/inst/processing_system7_0/inst/FCLK_CLK_unbuffered[0]
    BUFGCTRL_X0Y17       BUFG (Prop_bufg_I_O)         0.091    11.179 r  design_1_i/cg_fpga_0/inst/processing_system7_0/inst/buffer_fclk_clk_0.FCLK_CLK_0_BUFG/O
                         net (fo=6935, routed)        1.578    12.757    design_1_i/cg_fpga_0/inst/cg_axi_vdma_0/U0/I_PRMRY_DATAMOVER/GEN_S2MM_FULL.I_S2MM_FULL_WRAPPER/I_S2MM_MMAP_SKID_BUF/s_axi_lite_aclk
    SLICE_X16Y40         FDRE                                         r  design_1_i/cg_fpga_0/inst/cg_axi_vdma_0/U0/I_PRMRY_DATAMOVER/GEN_S2MM_FULL.I_S2MM_FULL_WRAPPER/I_S2MM_MMAP_SKID_BUF/sig_data_reg_out_reg[20]/C
                         clock pessimism              0.115    12.872    
                         clock uncertainty           -0.154    12.718    
    SLICE_X16Y40         FDRE (Setup_fdre_C_CE)      -0.169    12.549    design_1_i/cg_fpga_0/inst/cg_axi_vdma_0/U0/I_PRMRY_DATAMOVER/GEN_S2MM_FULL.I_S2MM_FULL_WRAPPER/I_S2MM_MMAP_SKID_BUF/sig_data_reg_out_reg[20]
  -------------------------------------------------------------------
                         required time                         12.549    
                         arrival time                          -9.094    
  -------------------------------------------------------------------
                         slack                                  3.455    

Slack (MET) :             3.455ns  (required time - arrival time)
  Source:                 design_1_i/cg_fpga_0/inst/processing_system7_0/inst/PS7_i/SAXIHP0ACLK
                            (rising edge-triggered cell PS7 clocked by clk_fpga_0  {rise@0.000ns fall@5.000ns period=10.000ns})
  Destination:            design_1_i/cg_fpga_0/inst/cg_axi_vdma_0/U0/I_PRMRY_DATAMOVER/GEN_S2MM_FULL.I_S2MM_FULL_WRAPPER/I_S2MM_MMAP_SKID_BUF/sig_data_reg_out_reg[36]/CE
                            (rising edge-triggered cell FDRE clocked by clk_fpga_0  {rise@0.000ns fall@5.000ns period=10.000ns})
  Path Group:             clk_fpga_0
  Path Type:              Setup (Max at Slow Process Corner)
  Requirement:            10.000ns  (clk_fpga_0 rise@10.000ns - clk_fpga_0 rise@0.000ns)
  Data Path Delay:        5.980ns  (logic 2.197ns (36.739%)  route 3.783ns (63.261%))
  Logic Levels:           4  (LUT2=1 LUT3=1 LUT4=1 LUT6=1)
  Clock Path Skew:        -0.242ns (DCD - SCD + CPR)
    Destination Clock Delay (DCD):    2.757ns = ( 12.757 - 10.000 ) 
    Source Clock Delay      (SCD):    3.114ns
    Clock Pessimism Removal (CPR):    0.115ns
  Clock Uncertainty:      0.154ns  ((TSJ^2 + TIJ^2)^1/2 + DJ) / 2 + PE
    Total System Jitter     (TSJ):    0.071ns
    Total Input Jitter      (TIJ):    0.300ns
    Discrete Jitter          (DJ):    0.000ns
    Phase Error              (PE):    0.000ns

    Location             Delay type                Incr(ns)  Path(ns)    Netlist Resource(s)
  -------------------------------------------------------------------    -------------------
                         (clock clk_fpga_0 rise edge)
                                                      0.000     0.000 r  
    PS7_X0Y0             PS7                          0.000     0.000 r  design_1_i/cg_fpga_0/inst/processing_system7_0/inst/PS7_i/FCLKCLK[0]
                         net (fo=1, routed)           1.193     1.193    design_1_i/cg_fpga_0/inst/processing_system7_0/inst/FCLK_CLK_unbuffered[0]
    BUFGCTRL_X0Y17       BUFG (Prop_bufg_I_O)         0.101     1.294 r  design_1_i/cg_fpga_0/inst/processing_system7_0/inst/buffer_fclk_clk_0.FCLK_CLK_0_BUFG/O
                         net (fo=6935, routed)        1.820     3.114    design_1_i/cg_fpga_0/inst/processing_system7_0/inst/FCLK_CLK0
    PS7_X0Y0             PS7                                          r  design_1_i/cg_fpga_0/inst/processing_system7_0/inst/PS7_i/SAXIHP0ACLK
  -------------------------------------------------------------------    -------------------
    PS7_X0Y0             PS7 (Prop_ps7_SAXIHP0ACLK_SAXIHP0WREADY)
                                                      1.277     4.391 r  design_1_i/cg_fpga_0/inst/processing_system7_0/inst/PS7_i/SAXIHP0WREADY
                         net (fo=2, routed)           0.840     5.232    design_1_i/cg_fpga_0/inst/axi_mem_intercon/m00_couplers/auto_pc/inst/gen_axi4_axi3.axi3_conv_inst/USE_WRITE.write_addr_inst/USE_BURSTS.cmd_queue/inst/m_axi_wready
    SLICE_X26Y54         LUT3 (Prop_lut3_I0_O)        0.148     5.380 r  design_1_i/cg_fpga_0/inst/axi_mem_intercon/m00_couplers/auto_pc/inst/gen_axi4_axi3.axi3_conv_inst/USE_WRITE.write_addr_inst/USE_BURSTS.cmd_queue/inst/s_axi_wready_INST_0/O
                         net (fo=12, routed)          0.450     5.830    design_1_i/cg_fpga_0/inst/axi_mem_intercon/xbar/inst/gen_samd.crossbar_samd/gen_master_slots[0].gen_mi_write.wdata_mux_w/gen_wmux.wmux_aw_fifo/m_axi_wready[0]
    SLICE_X27Y55         LUT4 (Prop_lut4_I2_O)        0.322     6.152 r  design_1_i/cg_fpga_0/inst/axi_mem_intercon/xbar/inst/gen_samd.crossbar_samd/gen_master_slots[0].gen_mi_write.wdata_mux_w/gen_wmux.wmux_aw_fifo/s_axi_wready[1]_INST_0_i_1/O
                         net (fo=7, routed)           0.481     6.633    design_1_i/cg_fpga_0/inst/axi_mem_intercon/xbar/inst/gen_samd.crossbar_samd/gen_slave_slots[1].gen_si_write.wdata_router_w/wrouter_aw_fifo/gen_primitive_shifter.gen_srls[0].srl_inst_1
    SLICE_X27Y54         LUT6 (Prop_lut6_I1_O)        0.326     6.959 r  design_1_i/cg_fpga_0/inst/axi_mem_intercon/xbar/inst/gen_samd.crossbar_samd/gen_slave_slots[1].gen_si_write.wdata_router_w/wrouter_aw_fifo/s_axi_wready[1]_INST_0/O
                         net (fo=3, routed)           0.810     7.769    design_1_i/cg_fpga_0/inst/cg_axi_vdma_0/U0/I_PRMRY_DATAMOVER/GEN_S2MM_FULL.I_S2MM_FULL_WRAPPER/I_S2MM_MMAP_SKID_BUF/m_axi_s2mm_wready
    SLICE_X28Y46         LUT2 (Prop_lut2_I0_O)        0.124     7.893 r  design_1_i/cg_fpga_0/inst/cg_axi_vdma_0/U0/I_PRMRY_DATAMOVER/GEN_S2MM_FULL.I_S2MM_FULL_WRAPPER/I_S2MM_MMAP_SKID_BUF/sig_data_reg_out[63]_i_1/O
                         net (fo=73, routed)          1.202     9.094    design_1_i/cg_fpga_0/inst/cg_axi_vdma_0/U0/I_PRMRY_DATAMOVER/GEN_S2MM_FULL.I_S2MM_FULL_WRAPPER/I_S2MM_MMAP_SKID_BUF/sig_data_reg_out_en
    SLICE_X16Y40         FDRE                                         r  design_1_i/cg_fpga_0/inst/cg_axi_vdma_0/U0/I_PRMRY_DATAMOVER/GEN_S2MM_FULL.I_S2MM_FULL_WRAPPER/I_S2MM_MMAP_SKID_BUF/sig_data_reg_out_reg[36]/CE
  -------------------------------------------------------------------    -------------------

                         (clock clk_fpga_0 rise edge)
                                                     10.000    10.000 r  
    PS7_X0Y0             PS7                          0.000    10.000 r  design_1_i/cg_fpga_0/inst/processing_system7_0/inst/PS7_i/FCLKCLK[0]
                         net (fo=1, routed)           1.088    11.088    design_1_i/cg_fpga_0/inst/processing_system7_0/inst/FCLK_CLK_unbuffered[0]
    BUFGCTRL_X0Y17       BUFG (Prop_bufg_I_O)         0.091    11.179 r  design_1_i/cg_fpga_0/inst/processing_system7_0/inst/buffer_fclk_clk_0.FCLK_CLK_0_BUFG/O
                         net (fo=6935, routed)        1.578    12.757    design_1_i/cg_fpga_0/inst/cg_axi_vdma_0/U0/I_PRMRY_DATAMOVER/GEN_S2MM_FULL.I_S2MM_FULL_WRAPPER/I_S2MM_MMAP_SKID_BUF/s_axi_lite_aclk
    SLICE_X16Y40         FDRE                                         r  design_1_i/cg_fpga_0/inst/cg_axi_vdma_0/U0/I_PRMRY_DATAMOVER/GEN_S2MM_FULL.I_S2MM_FULL_WRAPPER/I_S2MM_MMAP_SKID_BUF/sig_data_reg_out_reg[36]/C
                         clock pessimism              0.115    12.872    
                         clock uncertainty           -0.154    12.718    
    SLICE_X16Y40         FDRE (Setup_fdre_C_CE)      -0.169    12.549    design_1_i/cg_fpga_0/inst/cg_axi_vdma_0/U0/I_PRMRY_DATAMOVER/GEN_S2MM_FULL.I_S2MM_FULL_WRAPPER/I_S2MM_MMAP_SKID_BUF/sig_data_reg_out_reg[36]
  -------------------------------------------------------------------
                         required time                         12.549    
                         arrival time                          -9.094    
  -------------------------------------------------------------------
                         slack                                  3.455    





Min Delay Paths
--------------------------------------------------------------------------------------
Slack (MET) :             0.007ns  (arrival time - required time)
  Source:                 design_1_i/cg_fpga_0/inst/cg_axi_vdma_0/U0/I_PRMRY_DATAMOVER/GEN_S2MM_FULL.I_S2MM_FULL_WRAPPER/GEN_INCLUDE_IBTTCC.I_S2MM_MSTR_IBTTCC/sig_input_addr_reg_reg[14]/C
                            (rising edge-triggered cell FDRE clocked by clk_fpga_0  {rise@0.000ns fall@5.000ns period=10.000ns})
  Destination:            design_1_i/cg_fpga_0/inst/cg_axi_vdma_0/U0/I_PRMRY_DATAMOVER/GEN_S2MM_FULL.I_S2MM_FULL_WRAPPER/GEN_INCLUDE_IBTTCC.I_S2MM_MSTR_IBTTCC/sig_child_addr_reg_reg[14]/D
                            (rising edge-triggered cell FDRE clocked by clk_fpga_0  {rise@0.000ns fall@5.000ns period=10.000ns})
  Path Group:             clk_fpga_0
  Path Type:              Hold (Min at Fast Process Corner)
  Requirement:            0.000ns  (clk_fpga_0 rise@0.000ns - clk_fpga_0 rise@0.000ns)
  Data Path Delay:        0.342ns  (logic 0.164ns (47.990%)  route 0.178ns (52.010%))
  Logic Levels:           0  
  Clock Path Skew:        0.262ns (DCD - SCD - CPR)
    Destination Clock Delay (DCD):    1.191ns
    Source Clock Delay      (SCD):    0.899ns
    Clock Pessimism Removal (CPR):    0.030ns

    Location             Delay type                Incr(ns)  Path(ns)    Netlist Resource(s)
  -------------------------------------------------------------------    -------------------
                         (clock clk_fpga_0 rise edge)
                                                      0.000     0.000 r  
    PS7_X0Y0             PS7                          0.000     0.000 r  design_1_i/cg_fpga_0/inst/processing_system7_0/inst/PS7_i/FCLKCLK[0]
                         net (fo=1, routed)           0.310     0.310    design_1_i/cg_fpga_0/inst/processing_system7_0/inst/FCLK_CLK_unbuffered[0]
    BUFGCTRL_X0Y17       BUFG (Prop_bufg_I_O)         0.026     0.336 r  design_1_i/cg_fpga_0/inst/processing_system7_0/inst/buffer_fclk_clk_0.FCLK_CLK_0_BUFG/O
                         net (fo=6935, routed)        0.563     0.899    design_1_i/cg_fpga_0/inst/cg_axi_vdma_0/U0/I_PRMRY_DATAMOVER/GEN_S2MM_FULL.I_S2MM_FULL_WRAPPER/GEN_INCLUDE_IBTTCC.I_S2MM_MSTR_IBTTCC/s_axi_lite_aclk
    SLICE_X38Y49         FDRE                                         r  design_1_i/cg_fpga_0/inst/cg_axi_vdma_0/U0/I_PRMRY_DATAMOVER/GEN_S2MM_FULL.I_S2MM_FULL_WRAPPER/GEN_INCLUDE_IBTTCC.I_S2MM_MSTR_IBTTCC/sig_input_addr_reg_reg[14]/C
  -------------------------------------------------------------------    -------------------
    SLICE_X38Y49         FDRE (Prop_fdre_C_Q)         0.164     1.063 r  design_1_i/cg_fpga_0/inst/cg_axi_vdma_0/U0/I_PRMRY_DATAMOVER/GEN_S2MM_FULL.I_S2MM_FULL_WRAPPER/GEN_INCLUDE_IBTTCC.I_S2MM_MSTR_IBTTCC/sig_input_addr_reg_reg[14]/Q
                         net (fo=1, routed)           0.178     1.240    design_1_i/cg_fpga_0/inst/cg_axi_vdma_0/U0/I_PRMRY_DATAMOVER/GEN_S2MM_FULL.I_S2MM_FULL_WRAPPER/GEN_INCLUDE_IBTTCC.I_S2MM_MSTR_IBTTCC/sig_input_addr_reg[14]
    SLICE_X39Y50         FDRE                                         r  design_1_i/cg_fpga_0/inst/cg_axi_vdma_0/U0/I_PRMRY_DATAMOVER/GEN_S2MM_FULL.I_S2MM_FULL_WRAPPER/GEN_INCLUDE_IBTTCC.I_S2MM_MSTR_IBTTCC/sig_child_addr_reg_reg[14]/D
  -------------------------------------------------------------------    -------------------

                         (clock clk_fpga_0 rise edge)
                                                      0.000     0.000 r  
    PS7_X0Y0             PS7                          0.000     0.000 r  design_1_i/cg_fpga_0/inst/processing_system7_0/inst/PS7_i/FCLKCLK[0]
                         net (fo=1, routed)           0.337     0.337    design_1_i/cg_fpga_0/inst/processing_system7_0/inst/FCLK_CLK_unbuffered[0]
    BUFGCTRL_X0Y17       BUFG (Prop_bufg_I_O)         0.029     0.366 r  design_1_i/cg_fpga_0/inst/processing_system7_0/inst/buffer_fclk_clk_0.FCLK_CLK_0_BUFG/O
                         net (fo=6935, routed)        0.825     1.191    design_1_i/cg_fpga_0/inst/cg_axi_vdma_0/U0/I_PRMRY_DATAMOVER/GEN_S2MM_FULL.I_S2MM_FULL_WRAPPER/GEN_INCLUDE_IBTTCC.I_S2MM_MSTR_IBTTCC/s_axi_lite_aclk
    SLICE_X39Y50         FDRE                                         r  design_1_i/cg_fpga_0/inst/cg_axi_vdma_0/U0/I_PRMRY_DATAMOVER/GEN_S2MM_FULL.I_S2MM_FULL_WRAPPER/GEN_INCLUDE_IBTTCC.I_S2MM_MSTR_IBTTCC/sig_child_addr_reg_reg[14]/C
                         clock pessimism             -0.030     1.161    
    SLICE_X39Y50         FDRE (Hold_fdre_C_D)         0.072     1.233    design_1_i/cg_fpga_0/inst/cg_axi_vdma_0/U0/I_PRMRY_DATAMOVER/GEN_S2MM_FULL.I_S2MM_FULL_WRAPPER/GEN_INCLUDE_IBTTCC.I_S2MM_MSTR_IBTTCC/sig_child_addr_reg_reg[14]
  -------------------------------------------------------------------
                         required time                         -1.233    
                         arrival time                           1.240    
  -------------------------------------------------------------------
                         slack                                  0.007    

Slack (MET) :             0.015ns  (arrival time - required time)
  Source:                 design_1_i/cg_fpga_0/inst/axi_mem_intercon/xbar/inst/gen_samd.crossbar_samd/addr_arbiter_aw/gen_arbiter.m_mesg_i_reg[42]/C
                            (rising edge-triggered cell FDRE clocked by clk_fpga_0  {rise@0.000ns fall@5.000ns period=10.000ns})
  Destination:            design_1_i/cg_fpga_0/inst/axi_mem_intercon/m00_couplers/auto_pc/inst/gen_axi4_axi3.axi3_conv_inst/USE_WRITE.write_addr_inst/S_AXI_ASIZE_Q_reg[1]/D
                            (rising edge-triggered cell FDRE clocked by clk_fpga_0  {rise@0.000ns fall@5.000ns period=10.000ns})
  Path Group:             clk_fpga_0
  Path Type:              Hold (Min at Fast Process Corner)
  Requirement:            0.000ns  (clk_fpga_0 rise@0.000ns - clk_fpga_0 rise@0.000ns)
  Data Path Delay:        0.347ns  (logic 0.141ns (40.616%)  route 0.206ns (59.384%))
  Logic Levels:           0  
  Clock Path Skew:        0.254ns (DCD - SCD - CPR)
    Destination Clock Delay (DCD):    1.211ns
    Source Clock Delay      (SCD):    0.927ns
    Clock Pessimism Removal (CPR):    0.030ns

    Location             Delay type                Incr(ns)  Path(ns)    Netlist Resource(s)
  -------------------------------------------------------------------    -------------------
                         (clock clk_fpga_0 rise edge)
                                                      0.000     0.000 r  
    PS7_X0Y0             PS7                          0.000     0.000 r  design_1_i/cg_fpga_0/inst/processing_system7_0/inst/PS7_i/FCLKCLK[0]
                         net (fo=1, routed)           0.310     0.310    design_1_i/cg_fpga_0/inst/processing_system7_0/inst/FCLK_CLK_unbuffered[0]
    BUFGCTRL_X0Y17       BUFG (Prop_bufg_I_O)         0.026     0.336 r  design_1_i/cg_fpga_0/inst/processing_system7_0/inst/buffer_fclk_clk_0.FCLK_CLK_0_BUFG/O
                         net (fo=6935, routed)        0.591     0.927    design_1_i/cg_fpga_0/inst/axi_mem_intercon/xbar/inst/gen_samd.crossbar_samd/addr_arbiter_aw/aclk
    SLICE_X29Y49         FDRE                                         r  design_1_i/cg_fpga_0/inst/axi_mem_intercon/xbar/inst/gen_samd.crossbar_samd/addr_arbiter_aw/gen_arbiter.m_mesg_i_reg[42]/C
  -------------------------------------------------------------------    -------------------
    SLICE_X29Y49         FDRE (Prop_fdre_C_Q)         0.141     1.068 r  design_1_i/cg_fpga_0/inst/axi_mem_intercon/xbar/inst/gen_samd.crossbar_samd/addr_arbiter_aw/gen_arbiter.m_mesg_i_reg[42]/Q
                         net (fo=1, routed)           0.206     1.274    design_1_i/cg_fpga_0/inst/axi_mem_intercon/m00_couplers/auto_pc/inst/gen_axi4_axi3.axi3_conv_inst/USE_WRITE.write_addr_inst/s_axi_awsize[1]
    SLICE_X28Y50         FDRE                                         r  design_1_i/cg_fpga_0/inst/axi_mem_intercon/m00_couplers/auto_pc/inst/gen_axi4_axi3.axi3_conv_inst/USE_WRITE.write_addr_inst/S_AXI_ASIZE_Q_reg[1]/D
  -------------------------------------------------------------------    -------------------

                         (clock clk_fpga_0 rise edge)
                                                      0.000     0.000 r  
    PS7_X0Y0             PS7                          0.000     0.000 r  design_1_i/cg_fpga_0/inst/processing_system7_0/inst/PS7_i/FCLKCLK[0]
                         net (fo=1, routed)           0.337     0.337    design_1_i/cg_fpga_0/inst/processing_system7_0/inst/FCLK_CLK_unbuffered[0]
    BUFGCTRL_X0Y17       BUFG (Prop_bufg_I_O)         0.029     0.366 r  design_1_i/cg_fpga_0/inst/processing_system7_0/inst/buffer_fclk_clk_0.FCLK_CLK_0_BUFG/O
                         net (fo=6935, routed)        0.845     1.211    design_1_i/cg_fpga_0/inst/axi_mem_intercon/m00_couplers/auto_pc/inst/gen_axi4_axi3.axi3_conv_inst/USE_WRITE.write_addr_inst/aclk
    SLICE_X28Y50         FDRE                                         r  design_1_i/cg_fpga_0/inst/axi_mem_intercon/m00_couplers/auto_pc/inst/gen_axi4_axi3.axi3_conv_inst/USE_WRITE.write_addr_inst/S_AXI_ASIZE_Q_reg[1]/C
                         clock pessimism             -0.030     1.181    
    SLICE_X28Y50         FDRE (Hold_fdre_C_D)         0.078     1.259    design_1_i/cg_fpga_0/inst/axi_mem_intercon/m00_couplers/auto_pc/inst/gen_axi4_axi3.axi3_conv_inst/USE_WRITE.write_addr_inst/S_AXI_ASIZE_Q_reg[1]
  -------------------------------------------------------------------
                         required time                         -1.259    
                         arrival time                           1.274    
  -------------------------------------------------------------------
                         slack                                  0.015    

Slack (MET) :             0.020ns  (arrival time - required time)
  Source:                 design_1_i/cg_fpga_0/inst/cg_axi_vdma_0/U0/GEN_SPRT_FOR_S2MM.S2MMADDR32.I_S2MM_DMA_MNGR/I_SM/GEN_NORMAL_DM_COMMAND.cmnd_data_reg[45]/C
                            (rising edge-triggered cell FDRE clocked by clk_fpga_0  {rise@0.000ns fall@5.000ns period=10.000ns})
  Destination:            design_1_i/cg_fpga_0/inst/cg_axi_vdma_0/U0/GEN_SPRT_FOR_S2MM.S2MMADDR32.I_S2MM_DMA_MNGR/I_CMDSTS/s_axis_cmd_tdata_reg[45]/D
                            (rising edge-triggered cell FDRE clocked by clk_fpga_0  {rise@0.000ns fall@5.000ns period=10.000ns})
  Path Group:             clk_fpga_0
  Path Type:              Hold (Min at Fast Process Corner)
  Requirement:            0.000ns  (clk_fpga_0 rise@0.000ns - clk_fpga_0 rise@0.000ns)
  Data Path Delay:        0.401ns  (logic 0.210ns (52.407%)  route 0.191ns (47.593%))
  Logic Levels:           1  (LUT2=1)
  Clock Path Skew:        0.273ns (DCD - SCD - CPR)
    Destination Clock Delay (DCD):    1.196ns
    Source Clock Delay      (SCD):    0.893ns
    Clock Pessimism Removal (CPR):    0.030ns

    Location             Delay type                Incr(ns)  Path(ns)    Netlist Resource(s)
  -------------------------------------------------------------------    -------------------
                         (clock clk_fpga_0 rise edge)
                                                      0.000     0.000 r  
    PS7_X0Y0             PS7                          0.000     0.000 r  design_1_i/cg_fpga_0/inst/processing_system7_0/inst/PS7_i/FCLKCLK[0]
                         net (fo=1, routed)           0.310     0.310    design_1_i/cg_fpga_0/inst/processing_system7_0/inst/FCLK_CLK_unbuffered[0]
    BUFGCTRL_X0Y17       BUFG (Prop_bufg_I_O)         0.026     0.336 r  design_1_i/cg_fpga_0/inst/processing_system7_0/inst/buffer_fclk_clk_0.FCLK_CLK_0_BUFG/O
                         net (fo=6935, routed)        0.557     0.893    design_1_i/cg_fpga_0/inst/cg_axi_vdma_0/U0/GEN_SPRT_FOR_S2MM.S2MMADDR32.I_S2MM_DMA_MNGR/I_SM/s_axi_lite_aclk
    SLICE_X42Y50         FDRE                                         r  design_1_i/cg_fpga_0/inst/cg_axi_vdma_0/U0/GEN_SPRT_FOR_S2MM.S2MMADDR32.I_S2MM_DMA_MNGR/I_SM/GEN_NORMAL_DM_COMMAND.cmnd_data_reg[45]/C
  -------------------------------------------------------------------    -------------------
    SLICE_X42Y50         FDRE (Prop_fdre_C_Q)         0.164     1.057 r  design_1_i/cg_fpga_0/inst/cg_axi_vdma_0/U0/GEN_SPRT_FOR_S2MM.S2MMADDR32.I_S2MM_DMA_MNGR/I_SM/GEN_NORMAL_DM_COMMAND.cmnd_data_reg[45]/Q
                         net (fo=1, routed)           0.191     1.247    design_1_i/cg_fpga_0/inst/cg_axi_vdma_0/U0/GEN_SPRT_FOR_S2MM.S2MMADDR32.I_S2MM_DMA_MNGR/I_SM/GEN_NORMAL_DM_COMMAND.cmnd_data_reg_n_0_[45]
    SLICE_X40Y49         LUT2 (Prop_lut2_I1_O)        0.046     1.293 r  design_1_i/cg_fpga_0/inst/cg_axi_vdma_0/U0/GEN_SPRT_FOR_S2MM.S2MMADDR32.I_S2MM_DMA_MNGR/I_SM/s_axis_cmd_tdata[45]_i_1/O
                         net (fo=1, routed)           0.000     1.293    design_1_i/cg_fpga_0/inst/cg_axi_vdma_0/U0/GEN_SPRT_FOR_S2MM.S2MMADDR32.I_S2MM_DMA_MNGR/I_CMDSTS/D[30]
    SLICE_X40Y49         FDRE                                         r  design_1_i/cg_fpga_0/inst/cg_axi_vdma_0/U0/GEN_SPRT_FOR_S2MM.S2MMADDR32.I_S2MM_DMA_MNGR/I_CMDSTS/s_axis_cmd_tdata_reg[45]/D
  -------------------------------------------------------------------    -------------------

                         (clock clk_fpga_0 rise edge)
                                                      0.000     0.000 r  
    PS7_X0Y0             PS7                          0.000     0.000 r  design_1_i/cg_fpga_0/inst/processing_system7_0/inst/PS7_i/FCLKCLK[0]
                         net (fo=1, routed)           0.337     0.337    design_1_i/cg_fpga_0/inst/processing_system7_0/inst/FCLK_CLK_unbuffered[0]
    BUFGCTRL_X0Y17       BUFG (Prop_bufg_I_O)         0.029     0.366 r  design_1_i/cg_fpga_0/inst/processing_system7_0/inst/buffer_fclk_clk_0.FCLK_CLK_0_BUFG/O
                         net (fo=6935, routed)        0.830     1.196    design_1_i/cg_fpga_0/inst/cg_axi_vdma_0/U0/GEN_SPRT_FOR_S2MM.S2MMADDR32.I_S2MM_DMA_MNGR/I_CMDSTS/s_axi_lite_aclk
    SLICE_X40Y49         FDRE                                         r  design_1_i/cg_fpga_0/inst/cg_axi_vdma_0/U0/GEN_SPRT_FOR_S2MM.S2MMADDR32.I_S2MM_DMA_MNGR/I_CMDSTS/s_axis_cmd_tdata_reg[45]/C
                         clock pessimism             -0.030     1.166    
    SLICE_X40Y49         FDRE (Hold_fdre_C_D)         0.107     1.273    design_1_i/cg_fpga_0/inst/cg_axi_vdma_0/U0/GEN_SPRT_FOR_S2MM.S2MMADDR32.I_S2MM_DMA_MNGR/I_CMDSTS/s_axis_cmd_tdata_reg[45]
  -------------------------------------------------------------------
                         required time                         -1.273    
                         arrival time                           1.293    
  -------------------------------------------------------------------
                         slack                                  0.020    

Slack (MET) :             0.021ns  (arrival time - required time)
  Source:                 design_1_i/cg_fpga_0/inst/cg_axi_vdma_0/U0/GEN_SPRT_FOR_S2MM.S2MMADDR32.I_S2MM_DMA_MNGR/I_SM/GEN_NORMAL_DM_COMMAND.cmnd_data_reg[40]/C
                            (rising edge-triggered cell FDRE clocked by clk_fpga_0  {rise@0.000ns fall@5.000ns period=10.000ns})
  Destination:            design_1_i/cg_fpga_0/inst/cg_axi_vdma_0/U0/GEN_SPRT_FOR_S2MM.S2MMADDR32.I_S2MM_DMA_MNGR/I_CMDSTS/s_axis_cmd_tdata_reg[40]/D
                            (rising edge-triggered cell FDRE clocked by clk_fpga_0  {rise@0.000ns fall@5.000ns period=10.000ns})
  Path Group:             clk_fpga_0
  Path Type:              Hold (Min at Fast Process Corner)
  Requirement:            0.000ns  (clk_fpga_0 rise@0.000ns - clk_fpga_0 rise@0.000ns)
  Data Path Delay:        0.386ns  (logic 0.186ns (48.245%)  route 0.200ns (51.755%))
  Logic Levels:           1  (LUT2=1)
  Clock Path Skew:        0.273ns (DCD - SCD - CPR)
    Destination Clock Delay (DCD):    1.196ns
    Source Clock Delay      (SCD):    0.893ns
    Clock Pessimism Removal (CPR):    0.030ns

    Location             Delay type                Incr(ns)  Path(ns)    Netlist Resource(s)
  -------------------------------------------------------------------    -------------------
                         (clock clk_fpga_0 rise edge)
                                                      0.000     0.000 r  
    PS7_X0Y0             PS7                          0.000     0.000 r  design_1_i/cg_fpga_0/inst/processing_system7_0/inst/PS7_i/FCLKCLK[0]
                         net (fo=1, routed)           0.310     0.310    design_1_i/cg_fpga_0/inst/processing_system7_0/inst/FCLK_CLK_unbuffered[0]
    BUFGCTRL_X0Y17       BUFG (Prop_bufg_I_O)         0.026     0.336 r  design_1_i/cg_fpga_0/inst/processing_system7_0/inst/buffer_fclk_clk_0.FCLK_CLK_0_BUFG/O
                         net (fo=6935, routed)        0.557     0.893    design_1_i/cg_fpga_0/inst/cg_axi_vdma_0/U0/GEN_SPRT_FOR_S2MM.S2MMADDR32.I_S2MM_DMA_MNGR/I_SM/s_axi_lite_aclk
    SLICE_X41Y50         FDRE                                         r  design_1_i/cg_fpga_0/inst/cg_axi_vdma_0/U0/GEN_SPRT_FOR_S2MM.S2MMADDR32.I_S2MM_DMA_MNGR/I_SM/GEN_NORMAL_DM_COMMAND.cmnd_data_reg[40]/C
  -------------------------------------------------------------------    -------------------
    SLICE_X41Y50         FDRE (Prop_fdre_C_Q)         0.141     1.034 r  design_1_i/cg_fpga_0/inst/cg_axi_vdma_0/U0/GEN_SPRT_FOR_S2MM.S2MMADDR32.I_S2MM_DMA_MNGR/I_SM/GEN_NORMAL_DM_COMMAND.cmnd_data_reg[40]/Q
                         net (fo=1, routed)           0.200     1.233    design_1_i/cg_fpga_0/inst/cg_axi_vdma_0/U0/GEN_SPRT_FOR_S2MM.S2MMADDR32.I_S2MM_DMA_MNGR/I_SM/GEN_NORMAL_DM_COMMAND.cmnd_data_reg_n_0_[40]
    SLICE_X41Y49         LUT2 (Prop_lut2_I1_O)        0.045     1.278 r  design_1_i/cg_fpga_0/inst/cg_axi_vdma_0/U0/GEN_SPRT_FOR_S2MM.S2MMADDR32.I_S2MM_DMA_MNGR/I_SM/s_axis_cmd_tdata[40]_i_1/O
                         net (fo=1, routed)           0.000     1.278    design_1_i/cg_fpga_0/inst/cg_axi_vdma_0/U0/GEN_SPRT_FOR_S2MM.S2MMADDR32.I_S2MM_DMA_MNGR/I_CMDSTS/D[25]
    SLICE_X41Y49         FDRE                                         r  design_1_i/cg_fpga_0/inst/cg_axi_vdma_0/U0/GEN_SPRT_FOR_S2MM.S2MMADDR32.I_S2MM_DMA_MNGR/I_CMDSTS/s_axis_cmd_tdata_reg[40]/D
  -------------------------------------------------------------------    -------------------

                         (clock clk_fpga_0 rise edge)
                                                      0.000     0.000 r  
    PS7_X0Y0             PS7                          0.000     0.000 r  design_1_i/cg_fpga_0/inst/processing_system7_0/inst/PS7_i/FCLKCLK[0]
                         net (fo=1, routed)           0.337     0.337    design_1_i/cg_fpga_0/inst/processing_system7_0/inst/FCLK_CLK_unbuffered[0]
    BUFGCTRL_X0Y17       BUFG (Prop_bufg_I_O)         0.029     0.366 r  design_1_i/cg_fpga_0/inst/processing_system7_0/inst/buffer_fclk_clk_0.FCLK_CLK_0_BUFG/O
                         net (fo=6935, routed)        0.830     1.196    design_1_i/cg_fpga_0/inst/cg_axi_vdma_0/U0/GEN_SPRT_FOR_S2MM.S2MMADDR32.I_S2MM_DMA_MNGR/I_CMDSTS/s_axi_lite_aclk
    SLICE_X41Y49         FDRE                                         r  design_1_i/cg_fpga_0/inst/cg_axi_vdma_0/U0/GEN_SPRT_FOR_S2MM.S2MMADDR32.I_S2MM_DMA_MNGR/I_CMDSTS/s_axis_cmd_tdata_reg[40]/C
                         clock pessimism             -0.030     1.166    
    SLICE_X41Y49         FDRE (Hold_fdre_C_D)         0.091     1.257    design_1_i/cg_fpga_0/inst/cg_axi_vdma_0/U0/GEN_SPRT_FOR_S2MM.S2MMADDR32.I_S2MM_DMA_MNGR/I_CMDSTS/s_axis_cmd_tdata_reg[40]
  -------------------------------------------------------------------
                         required time                         -1.257    
                         arrival time                           1.278    
  -------------------------------------------------------------------
                         slack                                  0.021    

Slack (MET) :             0.022ns  (arrival time - required time)
  Source:                 design_1_i/cg_fpga_0/inst/cg_axi_vdma_0/U0/I_PRMRY_DATAMOVER/GEN_S2MM_FULL.I_S2MM_FULL_WRAPPER/GEN_INCLUDE_IBTTCC.I_S2MM_MSTR_IBTTCC/sig_input_addr_reg_reg[19]/C
                            (rising edge-triggered cell FDRE clocked by clk_fpga_0  {rise@0.000ns fall@5.000ns period=10.000ns})
  Destination:            design_1_i/cg_fpga_0/inst/cg_axi_vdma_0/U0/I_PRMRY_DATAMOVER/GEN_S2MM_FULL.I_S2MM_FULL_WRAPPER/GEN_INCLUDE_IBTTCC.I_S2MM_MSTR_IBTTCC/sig_child_addr_reg_reg[19]/D
                            (rising edge-triggered cell FDRE clocked by clk_fpga_0  {rise@0.000ns fall@5.000ns period=10.000ns})
  Path Group:             clk_fpga_0
  Path Type:              Hold (Min at Fast Process Corner)
  Requirement:            0.000ns  (clk_fpga_0 rise@0.000ns - clk_fpga_0 rise@0.000ns)
  Data Path Delay:        0.306ns  (logic 0.148ns (48.401%)  route 0.158ns (51.599%))
  Logic Levels:           0  
  Clock Path Skew:        0.273ns (DCD - SCD - CPR)
    Destination Clock Delay (DCD):    1.196ns
    Source Clock Delay      (SCD):    0.893ns
    Clock Pessimism Removal (CPR):    0.030ns

    Location             Delay type                Incr(ns)  Path(ns)    Netlist Resource(s)
  -------------------------------------------------------------------    -------------------
                         (clock clk_fpga_0 rise edge)
                                                      0.000     0.000 r  
    PS7_X0Y0             PS7                          0.000     0.000 r  design_1_i/cg_fpga_0/inst/processing_system7_0/inst/PS7_i/FCLKCLK[0]
                         net (fo=1, routed)           0.310     0.310    design_1_i/cg_fpga_0/inst/processing_system7_0/inst/FCLK_CLK_unbuffered[0]
    BUFGCTRL_X0Y17       BUFG (Prop_bufg_I_O)         0.026     0.336 r  design_1_i/cg_fpga_0/inst/processing_system7_0/inst/buffer_fclk_clk_0.FCLK_CLK_0_BUFG/O
                         net (fo=6935, routed)        0.557     0.893    design_1_i/cg_fpga_0/inst/cg_axi_vdma_0/U0/I_PRMRY_DATAMOVER/GEN_S2MM_FULL.I_S2MM_FULL_WRAPPER/GEN_INCLUDE_IBTTCC.I_S2MM_MSTR_IBTTCC/s_axi_lite_aclk
    SLICE_X38Y51         FDRE                                         r  design_1_i/cg_fpga_0/inst/cg_axi_vdma_0/U0/I_PRMRY_DATAMOVER/GEN_S2MM_FULL.I_S2MM_FULL_WRAPPER/GEN_INCLUDE_IBTTCC.I_S2MM_MSTR_IBTTCC/sig_input_addr_reg_reg[19]/C
  -------------------------------------------------------------------    -------------------
    SLICE_X38Y51         FDRE (Prop_fdre_C_Q)         0.148     1.041 r  design_1_i/cg_fpga_0/inst/cg_axi_vdma_0/U0/I_PRMRY_DATAMOVER/GEN_S2MM_FULL.I_S2MM_FULL_WRAPPER/GEN_INCLUDE_IBTTCC.I_S2MM_MSTR_IBTTCC/sig_input_addr_reg_reg[19]/Q
                         net (fo=1, routed)           0.158     1.198    design_1_i/cg_fpga_0/inst/cg_axi_vdma_0/U0/I_PRMRY_DATAMOVER/GEN_S2MM_FULL.I_S2MM_FULL_WRAPPER/GEN_INCLUDE_IBTTCC.I_S2MM_MSTR_IBTTCC/sig_input_addr_reg[19]
    SLICE_X36Y49         FDRE                                         r  design_1_i/cg_fpga_0/inst/cg_axi_vdma_0/U0/I_PRMRY_DATAMOVER/GEN_S2MM_FULL.I_S2MM_FULL_WRAPPER/GEN_INCLUDE_IBTTCC.I_S2MM_MSTR_IBTTCC/sig_child_addr_reg_reg[19]/D
  -------------------------------------------------------------------    -------------------

                         (clock clk_fpga_0 rise edge)
                                                      0.000     0.000 r  
    PS7_X0Y0             PS7                          0.000     0.000 r  design_1_i/cg_fpga_0/inst/processing_system7_0/inst/PS7_i/FCLKCLK[0]
                         net (fo=1, routed)           0.337     0.337    design_1_i/cg_fpga_0/inst/processing_system7_0/inst/FCLK_CLK_unbuffered[0]
    BUFGCTRL_X0Y17       BUFG (Prop_bufg_I_O)         0.029     0.366 r  design_1_i/cg_fpga_0/inst/processing_system7_0/inst/buffer_fclk_clk_0.FCLK_CLK_0_BUFG/O
                         net (fo=6935, routed)        0.830     1.196    design_1_i/cg_fpga_0/inst/cg_axi_vdma_0/U0/I_PRMRY_DATAMOVER/GEN_S2MM_FULL.I_S2MM_FULL_WRAPPER/GEN_INCLUDE_IBTTCC.I_S2MM_MSTR_IBTTCC/s_axi_lite_aclk
    SLICE_X36Y49         FDRE                                         r  design_1_i/cg_fpga_0/inst/cg_axi_vdma_0/U0/I_PRMRY_DATAMOVER/GEN_S2MM_FULL.I_S2MM_FULL_WRAPPER/GEN_INCLUDE_IBTTCC.I_S2MM_MSTR_IBTTCC/sig_child_addr_reg_reg[19]/C
                         clock pessimism             -0.030     1.166    
    SLICE_X36Y49         FDRE (Hold_fdre_C_D)         0.010     1.176    design_1_i/cg_fpga_0/inst/cg_axi_vdma_0/U0/I_PRMRY_DATAMOVER/GEN_S2MM_FULL.I_S2MM_FULL_WRAPPER/GEN_INCLUDE_IBTTCC.I_S2MM_MSTR_IBTTCC/sig_child_addr_reg_reg[19]
  -------------------------------------------------------------------
                         required time                         -1.176    
                         arrival time                           1.198    
  -------------------------------------------------------------------
                         slack                                  0.022    

Slack (MET) :             0.024ns  (arrival time - required time)
  Source:                 design_1_i/cg_fpga_0/inst/cg_fpga_axi_gpio_i2/U0/ip2bus_data_i_D1_reg[24]/C
                            (rising edge-triggered cell FDRE clocked by clk_fpga_0  {rise@0.000ns fall@5.000ns period=10.000ns})
  Destination:            design_1_i/cg_fpga_0/inst/cg_fpga_axi_gpio_i2/U0/AXI_LITE_IPIF_I/I_SLAVE_ATTACHMENT/s_axi_rdata_i_reg[7]/D
                            (rising edge-triggered cell FDRE clocked by clk_fpga_0  {rise@0.000ns fall@5.000ns period=10.000ns})
  Path Group:             clk_fpga_0
  Path Type:              Hold (Min at Fast Process Corner)
  Requirement:            0.000ns  (clk_fpga_0 rise@0.000ns - clk_fpga_0 rise@0.000ns)
  Data Path Delay:        0.361ns  (logic 0.141ns (39.094%)  route 0.220ns (60.906%))
  Logic Levels:           0  
  Clock Path Skew:        0.265ns (DCD - SCD - CPR)
    Destination Clock Delay (DCD):    1.182ns
    Source Clock Delay      (SCD):    0.882ns
    Clock Pessimism Removal (CPR):    0.035ns

    Location             Delay type                Incr(ns)  Path(ns)    Netlist Resource(s)
  -------------------------------------------------------------------    -------------------
                         (clock clk_fpga_0 rise edge)
                                                      0.000     0.000 r  
    PS7_X0Y0             PS7                          0.000     0.000 r  design_1_i/cg_fpga_0/inst/processing_system7_0/inst/PS7_i/FCLKCLK[0]
                         net (fo=1, routed)           0.310     0.310    design_1_i/cg_fpga_0/inst/processing_system7_0/inst/FCLK_CLK_unbuffered[0]
    BUFGCTRL_X0Y17       BUFG (Prop_bufg_I_O)         0.026     0.336 r  design_1_i/cg_fpga_0/inst/processing_system7_0/inst/buffer_fclk_clk_0.FCLK_CLK_0_BUFG/O
                         net (fo=6935, routed)        0.546     0.882    design_1_i/cg_fpga_0/inst/cg_fpga_axi_gpio_i2/U0/s_axi_aclk
    SLICE_X51Y82         FDRE                                         r  design_1_i/cg_fpga_0/inst/cg_fpga_axi_gpio_i2/U0/ip2bus_data_i_D1_reg[24]/C
  -------------------------------------------------------------------    -------------------
    SLICE_X51Y82         FDRE (Prop_fdre_C_Q)         0.141     1.023 r  design_1_i/cg_fpga_0/inst/cg_fpga_axi_gpio_i2/U0/ip2bus_data_i_D1_reg[24]/Q
                         net (fo=1, routed)           0.220     1.242    design_1_i/cg_fpga_0/inst/cg_fpga_axi_gpio_i2/U0/AXI_LITE_IPIF_I/I_SLAVE_ATTACHMENT/s_axi_rdata_i_reg[31]_0[7]
    SLICE_X45Y82         FDRE                                         r  design_1_i/cg_fpga_0/inst/cg_fpga_axi_gpio_i2/U0/AXI_LITE_IPIF_I/I_SLAVE_ATTACHMENT/s_axi_rdata_i_reg[7]/D
  -------------------------------------------------------------------    -------------------

                         (clock clk_fpga_0 rise edge)
                                                      0.000     0.000 r  
    PS7_X0Y0             PS7                          0.000     0.000 r  design_1_i/cg_fpga_0/inst/processing_system7_0/inst/PS7_i/FCLKCLK[0]
                         net (fo=1, routed)           0.337     0.337    design_1_i/cg_fpga_0/inst/processing_system7_0/inst/FCLK_CLK_unbuffered[0]
    BUFGCTRL_X0Y17       BUFG (Prop_bufg_I_O)         0.029     0.366 r  design_1_i/cg_fpga_0/inst/processing_system7_0/inst/buffer_fclk_clk_0.FCLK_CLK_0_BUFG/O
                         net (fo=6935, routed)        0.816     1.182    design_1_i/cg_fpga_0/inst/cg_fpga_axi_gpio_i2/U0/AXI_LITE_IPIF_I/I_SLAVE_ATTACHMENT/s_axi_aclk
    SLICE_X45Y82         FDRE                                         r  design_1_i/cg_fpga_0/inst/cg_fpga_axi_gpio_i2/U0/AXI_LITE_IPIF_I/I_SLAVE_ATTACHMENT/s_axi_rdata_i_reg[7]/C
                         clock pessimism             -0.035     1.147    
    SLICE_X45Y82         FDRE (Hold_fdre_C_D)         0.071     1.218    design_1_i/cg_fpga_0/inst/cg_fpga_axi_gpio_i2/U0/AXI_LITE_IPIF_I/I_SLAVE_ATTACHMENT/s_axi_rdata_i_reg[7]
  -------------------------------------------------------------------
                         required time                         -1.218    
                         arrival time                           1.242    
  -------------------------------------------------------------------
                         slack                                  0.024    

Slack (MET) :             0.026ns  (arrival time - required time)
  Source:                 design_1_i/cg_fpga_0/inst/cg_axi_vdma_0/U0/I_PRMRY_DATAMOVER/GEN_S2MM_FULL.I_S2MM_FULL_WRAPPER/GEN_INCLUDE_IBTTCC.I_S2MM_MSTR_IBTTCC/sig_input_addr_reg_reg[17]/C
                            (rising edge-triggered cell FDRE clocked by clk_fpga_0  {rise@0.000ns fall@5.000ns period=10.000ns})
  Destination:            design_1_i/cg_fpga_0/inst/cg_axi_vdma_0/U0/I_PRMRY_DATAMOVER/GEN_S2MM_FULL.I_S2MM_FULL_WRAPPER/GEN_INCLUDE_IBTTCC.I_S2MM_MSTR_IBTTCC/sig_child_addr_reg_reg[17]/D
                            (rising edge-triggered cell FDRE clocked by clk_fpga_0  {rise@0.000ns fall@5.000ns period=10.000ns})
  Path Group:             clk_fpga_0
  Path Type:              Hold (Min at Fast Process Corner)
  Requirement:            0.000ns  (clk_fpga_0 rise@0.000ns - clk_fpga_0 rise@0.000ns)
  Data Path Delay:        0.306ns  (logic 0.148ns (48.401%)  route 0.158ns (51.599%))
  Logic Levels:           0  
  Clock Path Skew:        0.273ns (DCD - SCD - CPR)
    Destination Clock Delay (DCD):    1.196ns
    Source Clock Delay      (SCD):    0.893ns
    Clock Pessimism Removal (CPR):    0.030ns

    Location             Delay type                Incr(ns)  Path(ns)    Netlist Resource(s)
  -------------------------------------------------------------------    -------------------
                         (clock clk_fpga_0 rise edge)
                                                      0.000     0.000 r  
    PS7_X0Y0             PS7                          0.000     0.000 r  design_1_i/cg_fpga_0/inst/processing_system7_0/inst/PS7_i/FCLKCLK[0]
                         net (fo=1, routed)           0.310     0.310    design_1_i/cg_fpga_0/inst/processing_system7_0/inst/FCLK_CLK_unbuffered[0]
    BUFGCTRL_X0Y17       BUFG (Prop_bufg_I_O)         0.026     0.336 r  design_1_i/cg_fpga_0/inst/processing_system7_0/inst/buffer_fclk_clk_0.FCLK_CLK_0_BUFG/O
                         net (fo=6935, routed)        0.557     0.893    design_1_i/cg_fpga_0/inst/cg_axi_vdma_0/U0/I_PRMRY_DATAMOVER/GEN_S2MM_FULL.I_S2MM_FULL_WRAPPER/GEN_INCLUDE_IBTTCC.I_S2MM_MSTR_IBTTCC/s_axi_lite_aclk
    SLICE_X38Y51         FDRE                                         r  design_1_i/cg_fpga_0/inst/cg_axi_vdma_0/U0/I_PRMRY_DATAMOVER/GEN_S2MM_FULL.I_S2MM_FULL_WRAPPER/GEN_INCLUDE_IBTTCC.I_S2MM_MSTR_IBTTCC/sig_input_addr_reg_reg[17]/C
  -------------------------------------------------------------------    -------------------
    SLICE_X38Y51         FDRE (Prop_fdre_C_Q)         0.148     1.041 r  design_1_i/cg_fpga_0/inst/cg_axi_vdma_0/U0/I_PRMRY_DATAMOVER/GEN_S2MM_FULL.I_S2MM_FULL_WRAPPER/GEN_INCLUDE_IBTTCC.I_S2MM_MSTR_IBTTCC/sig_input_addr_reg_reg[17]/Q
                         net (fo=1, routed)           0.158     1.198    design_1_i/cg_fpga_0/inst/cg_axi_vdma_0/U0/I_PRMRY_DATAMOVER/GEN_S2MM_FULL.I_S2MM_FULL_WRAPPER/GEN_INCLUDE_IBTTCC.I_S2MM_MSTR_IBTTCC/sig_input_addr_reg[17]
    SLICE_X36Y49         FDRE                                         r  design_1_i/cg_fpga_0/inst/cg_axi_vdma_0/U0/I_PRMRY_DATAMOVER/GEN_S2MM_FULL.I_S2MM_FULL_WRAPPER/GEN_INCLUDE_IBTTCC.I_S2MM_MSTR_IBTTCC/sig_child_addr_reg_reg[17]/D
  -------------------------------------------------------------------    -------------------

                         (clock clk_fpga_0 rise edge)
                                                      0.000     0.000 r  
    PS7_X0Y0             PS7                          0.000     0.000 r  design_1_i/cg_fpga_0/inst/processing_system7_0/inst/PS7_i/FCLKCLK[0]
                         net (fo=1, routed)           0.337     0.337    design_1_i/cg_fpga_0/inst/processing_system7_0/inst/FCLK_CLK_unbuffered[0]
    BUFGCTRL_X0Y17       BUFG (Prop_bufg_I_O)         0.029     0.366 r  design_1_i/cg_fpga_0/inst/processing_system7_0/inst/buffer_fclk_clk_0.FCLK_CLK_0_BUFG/O
                         net (fo=6935, routed)        0.830     1.196    design_1_i/cg_fpga_0/inst/cg_axi_vdma_0/U0/I_PRMRY_DATAMOVER/GEN_S2MM_FULL.I_S2MM_FULL_WRAPPER/GEN_INCLUDE_IBTTCC.I_S2MM_MSTR_IBTTCC/s_axi_lite_aclk
    SLICE_X36Y49         FDRE                                         r  design_1_i/cg_fpga_0/inst/cg_axi_vdma_0/U0/I_PRMRY_DATAMOVER/GEN_S2MM_FULL.I_S2MM_FULL_WRAPPER/GEN_INCLUDE_IBTTCC.I_S2MM_MSTR_IBTTCC/sig_child_addr_reg_reg[17]/C
                         clock pessimism             -0.030     1.166    
    SLICE_X36Y49         FDRE (Hold_fdre_C_D)         0.006     1.172    design_1_i/cg_fpga_0/inst/cg_axi_vdma_0/U0/I_PRMRY_DATAMOVER/GEN_S2MM_FULL.I_S2MM_FULL_WRAPPER/GEN_INCLUDE_IBTTCC.I_S2MM_MSTR_IBTTCC/sig_child_addr_reg_reg[17]
  -------------------------------------------------------------------
                         required time                         -1.172    
                         arrival time                           1.198    
  -------------------------------------------------------------------
                         slack                                  0.026    

Slack (MET) :             0.033ns  (arrival time - required time)
  Source:                 design_1_i/cg_fpga_0/inst/cg_axi_vdma_0/U0/I_PRMRY_DATAMOVER/GEN_S2MM_FULL.I_S2MM_FULL_WRAPPER/GEN_INCLUDE_IBTTCC.I_S2MM_MSTR_IBTTCC/sig_child_addr_cntr_msh_reg[3]/C
                            (rising edge-triggered cell FDRE clocked by clk_fpga_0  {rise@0.000ns fall@5.000ns period=10.000ns})
  Destination:            design_1_i/cg_fpga_0/inst/cg_axi_vdma_0/U0/I_PRMRY_DATAMOVER/GEN_S2MM_FULL.I_S2MM_FULL_WRAPPER/GEN_INCLUDE_IBTTCC.I_S2MM_MSTR_IBTTCC/sig_xfer_addr_reg_reg[19]/D
                            (rising edge-triggered cell FDRE clocked by clk_fpga_0  {rise@0.000ns fall@5.000ns period=10.000ns})
  Path Group:             clk_fpga_0
  Path Type:              Hold (Min at Fast Process Corner)
  Requirement:            0.000ns  (clk_fpga_0 rise@0.000ns - clk_fpga_0 rise@0.000ns)
  Data Path Delay:        0.358ns  (logic 0.141ns (39.433%)  route 0.217ns (60.567%))
  Logic Levels:           0  
  Clock Path Skew:        0.261ns (DCD - SCD - CPR)
    Destination Clock Delay (DCD):    1.192ns
    Source Clock Delay      (SCD):    0.901ns
    Clock Pessimism Removal (CPR):    0.030ns

    Location             Delay type                Incr(ns)  Path(ns)    Netlist Resource(s)
  -------------------------------------------------------------------    -------------------
                         (clock clk_fpga_0 rise edge)
                                                      0.000     0.000 r  
    PS7_X0Y0             PS7                          0.000     0.000 r  design_1_i/cg_fpga_0/inst/processing_system7_0/inst/PS7_i/FCLKCLK[0]
                         net (fo=1, routed)           0.310     0.310    design_1_i/cg_fpga_0/inst/processing_system7_0/inst/FCLK_CLK_unbuffered[0]
    BUFGCTRL_X0Y17       BUFG (Prop_bufg_I_O)         0.026     0.336 r  design_1_i/cg_fpga_0/inst/processing_system7_0/inst/buffer_fclk_clk_0.FCLK_CLK_0_BUFG/O
                         net (fo=6935, routed)        0.565     0.901    design_1_i/cg_fpga_0/inst/cg_axi_vdma_0/U0/I_PRMRY_DATAMOVER/GEN_S2MM_FULL.I_S2MM_FULL_WRAPPER/GEN_INCLUDE_IBTTCC.I_S2MM_MSTR_IBTTCC/s_axi_lite_aclk
    SLICE_X35Y49         FDRE                                         r  design_1_i/cg_fpga_0/inst/cg_axi_vdma_0/U0/I_PRMRY_DATAMOVER/GEN_S2MM_FULL.I_S2MM_FULL_WRAPPER/GEN_INCLUDE_IBTTCC.I_S2MM_MSTR_IBTTCC/sig_child_addr_cntr_msh_reg[3]/C
  -------------------------------------------------------------------    -------------------
    SLICE_X35Y49         FDRE (Prop_fdre_C_Q)         0.141     1.042 r  design_1_i/cg_fpga_0/inst/cg_axi_vdma_0/U0/I_PRMRY_DATAMOVER/GEN_S2MM_FULL.I_S2MM_FULL_WRAPPER/GEN_INCLUDE_IBTTCC.I_S2MM_MSTR_IBTTCC/sig_child_addr_cntr_msh_reg[3]/Q
                         net (fo=2, routed)           0.217     1.258    design_1_i/cg_fpga_0/inst/cg_axi_vdma_0/U0/I_PRMRY_DATAMOVER/GEN_S2MM_FULL.I_S2MM_FULL_WRAPPER/GEN_INCLUDE_IBTTCC.I_S2MM_MSTR_IBTTCC/sig_child_addr_cntr_msh_reg[3]
    SLICE_X34Y50         FDRE                                         r  design_1_i/cg_fpga_0/inst/cg_axi_vdma_0/U0/I_PRMRY_DATAMOVER/GEN_S2MM_FULL.I_S2MM_FULL_WRAPPER/GEN_INCLUDE_IBTTCC.I_S2MM_MSTR_IBTTCC/sig_xfer_addr_reg_reg[19]/D
  -------------------------------------------------------------------    -------------------

                         (clock clk_fpga_0 rise edge)
                                                      0.000     0.000 r  
    PS7_X0Y0             PS7                          0.000     0.000 r  design_1_i/cg_fpga_0/inst/processing_system7_0/inst/PS7_i/FCLKCLK[0]
                         net (fo=1, routed)           0.337     0.337    design_1_i/cg_fpga_0/inst/processing_system7_0/inst/FCLK_CLK_unbuffered[0]
    BUFGCTRL_X0Y17       BUFG (Prop_bufg_I_O)         0.029     0.366 r  design_1_i/cg_fpga_0/inst/processing_system7_0/inst/buffer_fclk_clk_0.FCLK_CLK_0_BUFG/O
                         net (fo=6935, routed)        0.826     1.192    design_1_i/cg_fpga_0/inst/cg_axi_vdma_0/U0/I_PRMRY_DATAMOVER/GEN_S2MM_FULL.I_S2MM_FULL_WRAPPER/GEN_INCLUDE_IBTTCC.I_S2MM_MSTR_IBTTCC/s_axi_lite_aclk
    SLICE_X34Y50         FDRE                                         r  design_1_i/cg_fpga_0/inst/cg_axi_vdma_0/U0/I_PRMRY_DATAMOVER/GEN_S2MM_FULL.I_S2MM_FULL_WRAPPER/GEN_INCLUDE_IBTTCC.I_S2MM_MSTR_IBTTCC/sig_xfer_addr_reg_reg[19]/C
                         clock pessimism             -0.030     1.162    
    SLICE_X34Y50         FDRE (Hold_fdre_C_D)         0.063     1.225    design_1_i/cg_fpga_0/inst/cg_axi_vdma_0/U0/I_PRMRY_DATAMOVER/GEN_S2MM_FULL.I_S2MM_FULL_WRAPPER/GEN_INCLUDE_IBTTCC.I_S2MM_MSTR_IBTTCC/sig_xfer_addr_reg_reg[19]
  -------------------------------------------------------------------
                         required time                         -1.225    
                         arrival time                           1.258    
  -------------------------------------------------------------------
                         slack                                  0.033    

Slack (MET) :             0.039ns  (arrival time - required time)
  Source:                 design_1_i/cg_fpga_0/inst/cg_axi_vdma_0/U0/GEN_SPRT_FOR_S2MM.S2MM_REGISTER_MODULE_I/GEN_REG_DIRECT_MODE.REGDIRECT_I/GEN_NUM_FSTORES_3.reg_module_start_address2_i_reg[2]/C
                            (rising edge-triggered cell FDRE clocked by clk_fpga_0  {rise@0.000ns fall@5.000ns period=10.000ns})
  Destination:            design_1_i/cg_fpga_0/inst/cg_axi_vdma_0/U0/GEN_SPRT_FOR_S2MM.S2MMADDR32.I_S2MM_DMA_MNGR/VIDEO_REG_I/GEN_REGISTER_DIRECT.GEN_REGDIRECT_DRES.VIDREGISTER_I/GEN_START_ADDR_REG[1].start_address_vid_reg[1][2]/D
                            (rising edge-triggered cell FDRE clocked by clk_fpga_0  {rise@0.000ns fall@5.000ns period=10.000ns})
  Path Group:             clk_fpga_0
  Path Type:              Hold (Min at Fast Process Corner)
  Requirement:            0.000ns  (clk_fpga_0 rise@0.000ns - clk_fpga_0 rise@0.000ns)
  Data Path Delay:        0.324ns  (logic 0.128ns (39.492%)  route 0.196ns (60.508%))
  Logic Levels:           0  
  Clock Path Skew:        0.273ns (DCD - SCD - CPR)
    Destination Clock Delay (DCD):    1.192ns
    Source Clock Delay      (SCD):    0.889ns
    Clock Pessimism Removal (CPR):    0.030ns

    Location             Delay type                Incr(ns)  Path(ns)    Netlist Resource(s)
  -------------------------------------------------------------------    -------------------
                         (clock clk_fpga_0 rise edge)
                                                      0.000     0.000 r  
    PS7_X0Y0             PS7                          0.000     0.000 r  design_1_i/cg_fpga_0/inst/processing_system7_0/inst/PS7_i/FCLKCLK[0]
                         net (fo=1, routed)           0.310     0.310    design_1_i/cg_fpga_0/inst/processing_system7_0/inst/FCLK_CLK_unbuffered[0]
    BUFGCTRL_X0Y17       BUFG (Prop_bufg_I_O)         0.026     0.336 r  design_1_i/cg_fpga_0/inst/processing_system7_0/inst/buffer_fclk_clk_0.FCLK_CLK_0_BUFG/O
                         net (fo=6935, routed)        0.553     0.889    design_1_i/cg_fpga_0/inst/cg_axi_vdma_0/U0/GEN_SPRT_FOR_S2MM.S2MM_REGISTER_MODULE_I/GEN_REG_DIRECT_MODE.REGDIRECT_I/s_axi_lite_aclk
    SLICE_X53Y51         FDRE                                         r  design_1_i/cg_fpga_0/inst/cg_axi_vdma_0/U0/GEN_SPRT_FOR_S2MM.S2MM_REGISTER_MODULE_I/GEN_REG_DIRECT_MODE.REGDIRECT_I/GEN_NUM_FSTORES_3.reg_module_start_address2_i_reg[2]/C
  -------------------------------------------------------------------    -------------------
    SLICE_X53Y51         FDRE (Prop_fdre_C_Q)         0.128     1.017 r  design_1_i/cg_fpga_0/inst/cg_axi_vdma_0/U0/GEN_SPRT_FOR_S2MM.S2MM_REGISTER_MODULE_I/GEN_REG_DIRECT_MODE.REGDIRECT_I/GEN_NUM_FSTORES_3.reg_module_start_address2_i_reg[2]/Q
                         net (fo=2, routed)           0.196     1.213    design_1_i/cg_fpga_0/inst/cg_axi_vdma_0/U0/GEN_SPRT_FOR_S2MM.S2MMADDR32.I_S2MM_DMA_MNGR/VIDEO_REG_I/GEN_REGISTER_DIRECT.GEN_REGDIRECT_DRES.VIDREGISTER_I/GEN_START_ADDR_REG[1].start_address_vid_reg[1][31]_0[2]
    SLICE_X52Y49         FDRE                                         r  design_1_i/cg_fpga_0/inst/cg_axi_vdma_0/U0/GEN_SPRT_FOR_S2MM.S2MMADDR32.I_S2MM_DMA_MNGR/VIDEO_REG_I/GEN_REGISTER_DIRECT.GEN_REGDIRECT_DRES.VIDREGISTER_I/GEN_START_ADDR_REG[1].start_address_vid_reg[1][2]/D
  -------------------------------------------------------------------    -------------------

                         (clock clk_fpga_0 rise edge)
                                                      0.000     0.000 r  
    PS7_X0Y0             PS7                          0.000     0.000 r  design_1_i/cg_fpga_0/inst/processing_system7_0/inst/PS7_i/FCLKCLK[0]
                         net (fo=1, routed)           0.337     0.337    design_1_i/cg_fpga_0/inst/processing_system7_0/inst/FCLK_CLK_unbuffered[0]
    BUFGCTRL_X0Y17       BUFG (Prop_bufg_I_O)         0.029     0.366 r  design_1_i/cg_fpga_0/inst/processing_system7_0/inst/buffer_fclk_clk_0.FCLK_CLK_0_BUFG/O
                         net (fo=6935, routed)        0.826     1.192    design_1_i/cg_fpga_0/inst/cg_axi_vdma_0/U0/GEN_SPRT_FOR_S2MM.S2MMADDR32.I_S2MM_DMA_MNGR/VIDEO_REG_I/GEN_REGISTER_DIRECT.GEN_REGDIRECT_DRES.VIDREGISTER_I/s_axi_lite_aclk
    SLICE_X52Y49         FDRE                                         r  design_1_i/cg_fpga_0/inst/cg_axi_vdma_0/U0/GEN_SPRT_FOR_S2MM.S2MMADDR32.I_S2MM_DMA_MNGR/VIDEO_REG_I/GEN_REGISTER_DIRECT.GEN_REGDIRECT_DRES.VIDREGISTER_I/GEN_START_ADDR_REG[1].start_address_vid_reg[1][2]/C
                         clock pessimism             -0.030     1.162    
    SLICE_X52Y49         FDRE (Hold_fdre_C_D)         0.012     1.174    design_1_i/cg_fpga_0/inst/cg_axi_vdma_0/U0/GEN_SPRT_FOR_S2MM.S2MMADDR32.I_S2MM_DMA_MNGR/VIDEO_REG_I/GEN_REGISTER_DIRECT.GEN_REGDIRECT_DRES.VIDREGISTER_I/GEN_START_ADDR_REG[1].start_address_vid_reg[1][2]
  -------------------------------------------------------------------
                         required time                         -1.174    
                         arrival time                           1.213    
  -------------------------------------------------------------------
                         slack                                  0.039    

Slack (MET) :             0.039ns  (arrival time - required time)
  Source:                 design_1_i/cg_fpga_0/inst/cg_axi_vdma_0/U0/GEN_SPRT_FOR_S2MM.S2MM_REGISTER_MODULE_I/GEN_REG_DIRECT_MODE.REGDIRECT_I/GEN_NUM_FSTORES_3.reg_module_start_address2_i_reg[12]/C
                            (rising edge-triggered cell FDRE clocked by clk_fpga_0  {rise@0.000ns fall@5.000ns period=10.000ns})
  Destination:            design_1_i/cg_fpga_0/inst/cg_axi_vdma_0/U0/GEN_SPRT_FOR_S2MM.S2MMADDR32.I_S2MM_DMA_MNGR/VIDEO_REG_I/GEN_REGISTER_DIRECT.GEN_REGDIRECT_DRES.VIDREGISTER_I/GEN_START_ADDR_REG[1].start_address_vid_reg[1][12]/D
                            (rising edge-triggered cell FDRE clocked by clk_fpga_0  {rise@0.000ns fall@5.000ns period=10.000ns})
  Path Group:             clk_fpga_0
  Path Type:              Hold (Min at Fast Process Corner)
  Requirement:            0.000ns  (clk_fpga_0 rise@0.000ns - clk_fpga_0 rise@0.000ns)
  Data Path Delay:        0.369ns  (logic 0.141ns (38.180%)  route 0.228ns (61.820%))
  Logic Levels:           0  
  Clock Path Skew:        0.260ns (DCD - SCD - CPR)
    Destination Clock Delay (DCD):    1.186ns
    Source Clock Delay      (SCD):    0.891ns
    Clock Pessimism Removal (CPR):    0.035ns

    Location             Delay type                Incr(ns)  Path(ns)    Netlist Resource(s)
  -------------------------------------------------------------------    -------------------
                         (clock clk_fpga_0 rise edge)
                                                      0.000     0.000 r  
    PS7_X0Y0             PS7                          0.000     0.000 r  design_1_i/cg_fpga_0/inst/processing_system7_0/inst/PS7_i/FCLKCLK[0]
                         net (fo=1, routed)           0.310     0.310    design_1_i/cg_fpga_0/inst/processing_system7_0/inst/FCLK_CLK_unbuffered[0]
    BUFGCTRL_X0Y17       BUFG (Prop_bufg_I_O)         0.026     0.336 r  design_1_i/cg_fpga_0/inst/processing_system7_0/inst/buffer_fclk_clk_0.FCLK_CLK_0_BUFG/O
                         net (fo=6935, routed)        0.555     0.891    design_1_i/cg_fpga_0/inst/cg_axi_vdma_0/U0/GEN_SPRT_FOR_S2MM.S2MM_REGISTER_MODULE_I/GEN_REG_DIRECT_MODE.REGDIRECT_I/s_axi_lite_aclk
    SLICE_X49Y53         FDRE                                         r  design_1_i/cg_fpga_0/inst/cg_axi_vdma_0/U0/GEN_SPRT_FOR_S2MM.S2MM_REGISTER_MODULE_I/GEN_REG_DIRECT_MODE.REGDIRECT_I/GEN_NUM_FSTORES_3.reg_module_start_address2_i_reg[12]/C
  -------------------------------------------------------------------    -------------------
    SLICE_X49Y53         FDRE (Prop_fdre_C_Q)         0.141     1.032 r  design_1_i/cg_fpga_0/inst/cg_axi_vdma_0/U0/GEN_SPRT_FOR_S2MM.S2MM_REGISTER_MODULE_I/GEN_REG_DIRECT_MODE.REGDIRECT_I/GEN_NUM_FSTORES_3.reg_module_start_address2_i_reg[12]/Q
                         net (fo=2, routed)           0.228     1.260    design_1_i/cg_fpga_0/inst/cg_axi_vdma_0/U0/GEN_SPRT_FOR_S2MM.S2MMADDR32.I_S2MM_DMA_MNGR/VIDEO_REG_I/GEN_REGISTER_DIRECT.GEN_REGDIRECT_DRES.VIDREGISTER_I/GEN_START_ADDR_REG[1].start_address_vid_reg[1][31]_0[12]
    SLICE_X52Y53         FDRE                                         r  design_1_i/cg_fpga_0/inst/cg_axi_vdma_0/U0/GEN_SPRT_FOR_S2MM.S2MMADDR32.I_S2MM_DMA_MNGR/VIDEO_REG_I/GEN_REGISTER_DIRECT.GEN_REGDIRECT_DRES.VIDREGISTER_I/GEN_START_ADDR_REG[1].start_address_vid_reg[1][12]/D
  -------------------------------------------------------------------    -------------------

                         (clock clk_fpga_0 rise edge)
                                                      0.000     0.000 r  
    PS7_X0Y0             PS7                          0.000     0.000 r  design_1_i/cg_fpga_0/inst/processing_system7_0/inst/PS7_i/FCLKCLK[0]
                         net (fo=1, routed)           0.337     0.337    design_1_i/cg_fpga_0/inst/processing_system7_0/inst/FCLK_CLK_unbuffered[0]
    BUFGCTRL_X0Y17       BUFG (Prop_bufg_I_O)         0.029     0.366 r  design_1_i/cg_fpga_0/inst/processing_system7_0/inst/buffer_fclk_clk_0.FCLK_CLK_0_BUFG/O
                         net (fo=6935, routed)        0.820     1.186    design_1_i/cg_fpga_0/inst/cg_axi_vdma_0/U0/GEN_SPRT_FOR_S2MM.S2MMADDR32.I_S2MM_DMA_MNGR/VIDEO_REG_I/GEN_REGISTER_DIRECT.GEN_REGDIRECT_DRES.VIDREGISTER_I/s_axi_lite_aclk
    SLICE_X52Y53         FDRE                                         r  design_1_i/cg_fpga_0/inst/cg_axi_vdma_0/U0/GEN_SPRT_FOR_S2MM.S2MMADDR32.I_S2MM_DMA_MNGR/VIDEO_REG_I/GEN_REGISTER_DIRECT.GEN_REGDIRECT_DRES.VIDREGISTER_I/GEN_START_ADDR_REG[1].start_address_vid_reg[1][12]/C
                         clock pessimism             -0.035     1.151    
    SLICE_X52Y53         FDRE (Hold_fdre_C_D)         0.070     1.221    design_1_i/cg_fpga_0/inst/cg_axi_vdma_0/U0/GEN_SPRT_FOR_S2MM.S2MMADDR32.I_S2MM_DMA_MNGR/VIDEO_REG_I/GEN_REGISTER_DIRECT.GEN_REGDIRECT_DRES.VIDREGISTER_I/GEN_START_ADDR_REG[1].start_address_vid_reg[1][12]
  -------------------------------------------------------------------
                         required time                         -1.221    
                         arrival time                           1.260    
  -------------------------------------------------------------------
                         slack                                  0.039    





Pulse Width Checks
--------------------------------------------------------------------------------------
Clock Name:         clk_fpga_0
Waveform(ns):       { 0.000 5.000 }
Period(ns):         10.000
Sources:            { design_1_i/cg_fpga_0/inst/processing_system7_0/inst/PS7_i/FCLKCLK[0] }

Check Type        Corner  Lib Pin             Reference Pin  Required(ns)  Actual(ns)  Slack(ns)  Location      Pin
Min Period        n/a     RAMB18E1/CLKARDCLK  n/a            2.944         10.000      7.056      RAMB18_X0Y16  design_1_i/cg_fpga_0/inst/cg_axi_vdma_0/U0/GEN_SPRT_FOR_MM2S.MM2S_LINEBUFFER_I/GEN_LINEBUF_NO_SOF.GEN_LINEBUFFER.GEN_SYNC_FIFO.I_LINEBUFFER_FIFO/xpm_fifo_sync_inst/xpm_fifo_base_inst/gen_sdpram.xpm_memory_base_inst/gen_wr_a.gen_word_narrow.mem_reg/CLKARDCLK
Min Period        n/a     RAMB18E1/CLKBWRCLK  n/a            2.944         10.000      7.056      RAMB18_X0Y16  design_1_i/cg_fpga_0/inst/cg_axi_vdma_0/U0/GEN_SPRT_FOR_MM2S.MM2S_LINEBUFFER_I/GEN_LINEBUF_NO_SOF.GEN_LINEBUFFER.GEN_SYNC_FIFO.I_LINEBUFFER_FIFO/xpm_fifo_sync_inst/xpm_fifo_base_inst/gen_sdpram.xpm_memory_base_inst/gen_wr_a.gen_word_narrow.mem_reg/CLKBWRCLK
Min Period        n/a     RAMB36E1/CLKARDCLK  n/a            2.944         10.000      7.056      RAMB36_X1Y6   design_1_i/cg_fpga_0/inst/cg_axi_vdma_0/U0/GEN_SPRT_FOR_S2MM.S2MM_LINEBUFFER_I/GEN_S2MM_FLUSH_SOF_LOGIC.GEN_LINEBUFFER_FLUSH_SOF.GEN_SYNC_FIFO_FLUSH_SOF.I_LINEBUFFER_FIFO/xpm_fifo_sync_inst/xpm_fifo_base_inst/gen_sdpram.xpm_memory_base_inst/gen_wr_a.gen_word_narrow.mem_reg/CLKARDCLK
Min Period        n/a     RAMB36E1/CLKBWRCLK  n/a            2.944         10.000      7.056      RAMB36_X1Y6   design_1_i/cg_fpga_0/inst/cg_axi_vdma_0/U0/GEN_SPRT_FOR_S2MM.S2MM_LINEBUFFER_I/GEN_S2MM_FLUSH_SOF_LOGIC.GEN_LINEBUFFER_FLUSH_SOF.GEN_SYNC_FIFO_FLUSH_SOF.I_LINEBUFFER_FIFO/xpm_fifo_sync_inst/xpm_fifo_base_inst/gen_sdpram.xpm_memory_base_inst/gen_wr_a.gen_word_narrow.mem_reg/CLKBWRCLK
Min Period        n/a     RAMB36E1/CLKARDCLK  n/a            2.576         10.000      7.424      RAMB36_X0Y9   design_1_i/cg_fpga_0/inst/cg_axi_vdma_0/U0/I_PRMRY_DATAMOVER/GEN_MM2S_FULL.I_MM2S_FULL_WRAPPER/GEN_INCLUDE_MM2S_SF.I_RD_SF/I_DATA_FIFO/BLK_MEM.I_SYNC_FIFOGEN_FIFO/xpm_fifo_instance.xpm_fifo_sync_inst/xpm_fifo_base_inst/gen_sdpram.xpm_memory_base_inst/gen_wr_a.gen_word_narrow.mem_reg/CLKARDCLK
Min Period        n/a     RAMB36E1/CLKBWRCLK  n/a            2.576         10.000      7.424      RAMB36_X0Y9   design_1_i/cg_fpga_0/inst/cg_axi_vdma_0/U0/I_PRMRY_DATAMOVER/GEN_MM2S_FULL.I_MM2S_FULL_WRAPPER/GEN_INCLUDE_MM2S_SF.I_RD_SF/I_DATA_FIFO/BLK_MEM.I_SYNC_FIFOGEN_FIFO/xpm_fifo_instance.xpm_fifo_sync_inst/xpm_fifo_base_inst/gen_sdpram.xpm_memory_base_inst/gen_wr_a.gen_word_narrow.mem_reg/CLKBWRCLK
Min Period        n/a     RAMB36E1/CLKARDCLK  n/a            2.576         10.000      7.424      RAMB36_X1Y7   design_1_i/cg_fpga_0/inst/cg_axi_vdma_0/U0/I_PRMRY_DATAMOVER/GEN_S2MM_FULL.I_S2MM_FULL_WRAPPER/GEN_ENABLE_INDET_BTT_SF.I_INDET_BTT/I_DATA_FIFO/BLK_MEM.I_SYNC_FIFOGEN_FIFO/xpm_fifo_instance.xpm_fifo_sync_inst/xpm_fifo_base_inst/gen_sdpram.xpm_memory_base_inst/gen_wr_a.gen_word_narrow.mem_reg_0/CLKARDCLK
Min Period        n/a     RAMB36E1/CLKBWRCLK  n/a            2.576         10.000      7.424      RAMB36_X1Y7   design_1_i/cg_fpga_0/inst/cg_axi_vdma_0/U0/I_PRMRY_DATAMOVER/GEN_S2MM_FULL.I_S2MM_FULL_WRAPPER/GEN_ENABLE_INDET_BTT_SF.I_INDET_BTT/I_DATA_FIFO/BLK_MEM.I_SYNC_FIFOGEN_FIFO/xpm_fifo_instance.xpm_fifo_sync_inst/xpm_fifo_base_inst/gen_sdpram.xpm_memory_base_inst/gen_wr_a.gen_word_narrow.mem_reg_0/CLKBWRCLK
Min Period        n/a     RAMB18E1/CLKARDCLK  n/a            2.576         10.000      7.424      RAMB18_X1Y16  design_1_i/cg_fpga_0/inst/cg_axi_vdma_0/U0/I_PRMRY_DATAMOVER/GEN_S2MM_FULL.I_S2MM_FULL_WRAPPER/GEN_ENABLE_INDET_BTT_SF.I_INDET_BTT/I_DATA_FIFO/BLK_MEM.I_SYNC_FIFOGEN_FIFO/xpm_fifo_instance.xpm_fifo_sync_inst/xpm_fifo_base_inst/gen_sdpram.xpm_memory_base_inst/gen_wr_a.gen_word_narrow.mem_reg_1/CLKARDCLK
Min Period        n/a     RAMB18E1/CLKBWRCLK  n/a            2.576         10.000      7.424      RAMB18_X1Y16  design_1_i/cg_fpga_0/inst/cg_axi_vdma_0/U0/I_PRMRY_DATAMOVER/GEN_S2MM_FULL.I_S2MM_FULL_WRAPPER/GEN_ENABLE_INDET_BTT_SF.I_INDET_BTT/I_DATA_FIFO/BLK_MEM.I_SYNC_FIFOGEN_FIFO/xpm_fifo_instance.xpm_fifo_sync_inst/xpm_fifo_base_inst/gen_sdpram.xpm_memory_base_inst/gen_wr_a.gen_word_narrow.mem_reg_1/CLKBWRCLK
Low Pulse Width   Slow    RAMD32/CLK          n/a            1.250         5.000       3.750      SLICE_X30Y66  <hidden>
Low Pulse Width   Fast    RAMD32/CLK          n/a            1.250         5.000       3.750      SLICE_X30Y66  <hidden>
Low Pulse Width   Slow    RAMD32/CLK          n/a            1.250         5.000       3.750      SLICE_X30Y66  <hidden>
Low Pulse Width   Fast    RAMD32/CLK          n/a            1.250         5.000       3.750      SLICE_X30Y66  <hidden>
Low Pulse Width   Slow    RAMD32/CLK          n/a            1.250         5.000       3.750      SLICE_X30Y66  <hidden>
Low Pulse Width   Fast    RAMD32/CLK          n/a            1.250         5.000       3.750      SLICE_X30Y66  <hidden>
Low Pulse Width   Slow    RAMD32/CLK          n/a            1.250         5.000       3.750      SLICE_X30Y66  <hidden>
Low Pulse Width   Fast    RAMD32/CLK          n/a            1.250         5.000       3.750      SLICE_X30Y66  <hidden>
Low Pulse Width   Slow    RAMD32/CLK          n/a            1.250         5.000       3.750      SLICE_X30Y66  <hidden>
Low Pulse Width   Fast    RAMD32/CLK          n/a            1.250         5.000       3.750      SLICE_X30Y66  <hidden>
High Pulse Width  Slow    RAMD32/CLK          n/a            1.250         5.000       3.750      SLICE_X30Y66  <hidden>
High Pulse Width  Fast    RAMD32/CLK          n/a            1.250         5.000       3.750      SLICE_X30Y66  <hidden>
High Pulse Width  Slow    RAMD32/CLK          n/a            1.250         5.000       3.750      SLICE_X30Y66  <hidden>
High Pulse Width  Fast    RAMD32/CLK          n/a            1.250         5.000       3.750      SLICE_X30Y66  <hidden>
High Pulse Width  Slow    RAMD32/CLK          n/a            1.250         5.000       3.750      SLICE_X30Y66  <hidden>
High Pulse Width  Fast    RAMD32/CLK          n/a            1.250         5.000       3.750      SLICE_X30Y66  <hidden>
High Pulse Width  Slow    RAMD32/CLK          n/a            1.250         5.000       3.750      SLICE_X30Y66  <hidden>
High Pulse Width  Fast    RAMD32/CLK          n/a            1.250         5.000       3.750      SLICE_X30Y66  <hidden>
High Pulse Width  Slow    RAMD32/CLK          n/a            1.250         5.000       3.750      SLICE_X30Y66  <hidden>
High Pulse Width  Fast    RAMD32/CLK          n/a            1.250         5.000       3.750      SLICE_X30Y66  <hidden>



---------------------------------------------------------------------------------------------------
Path Group:  **async_default**
From Clock:  clk_fpga_0
  To Clock:  clk_fpga_0

Setup :            0  Failing Endpoints,  Worst Slack        6.316ns,  Total Violation        0.000ns
Hold  :            0  Failing Endpoints,  Worst Slack        0.595ns,  Total Violation        0.000ns
---------------------------------------------------------------------------------------------------


Max Delay Paths
--------------------------------------------------------------------------------------
Slack (MET) :             6.316ns  (required time - arrival time)
  Source:                 <hidden>
                            (rising edge-triggered cell FDRE clocked by clk_fpga_0  {rise@0.000ns fall@5.000ns period=10.000ns})
  Destination:            <hidden>
                            (recovery check against rising-edge clock clk_fpga_0  {rise@0.000ns fall@5.000ns period=10.000ns})
  Path Group:             **async_default**
  Path Type:              Recovery (Max at Slow Process Corner)
  Requirement:            10.000ns  (clk_fpga_0 rise@10.000ns - clk_fpga_0 rise@0.000ns)
  Data Path Delay:        3.070ns  (logic 0.773ns (25.178%)  route 2.297ns (74.822%))
  Logic Levels:           1  (LUT3=1)
  Clock Path Skew:        -0.055ns (DCD - SCD + CPR)
    Destination Clock Delay (DCD):    2.697ns = ( 12.697 - 10.000 ) 
    Source Clock Delay      (SCD):    2.981ns
    Clock Pessimism Removal (CPR):    0.229ns
  Clock Uncertainty:      0.154ns  ((TSJ^2 + TIJ^2)^1/2 + DJ) / 2 + PE
    Total System Jitter     (TSJ):    0.071ns
    Total Input Jitter      (TIJ):    0.300ns
    Discrete Jitter          (DJ):    0.000ns
    Phase Error              (PE):    0.000ns

    Location             Delay type                Incr(ns)  Path(ns)    Netlist Resource(s)
  -------------------------------------------------------------------    -------------------
                         (clock clk_fpga_0 rise edge)
                                                      0.000     0.000 r  
    PS7_X0Y0             PS7                          0.000     0.000 r  design_1_i/cg_fpga_0/inst/processing_system7_0/inst/PS7_i/FCLKCLK[0]
                         net (fo=1, routed)           1.193     1.193    design_1_i/cg_fpga_0/inst/processing_system7_0/inst/FCLK_CLK_unbuffered[0]
    BUFGCTRL_X0Y17       BUFG (Prop_bufg_I_O)         0.101     1.294 r  design_1_i/cg_fpga_0/inst/processing_system7_0/inst/buffer_fclk_clk_0.FCLK_CLK_0_BUFG/O
                         net (fo=6935, routed)        1.687     2.981    <hidden>
    SLICE_X26Y66         FDRE                                         r  <hidden>
  -------------------------------------------------------------------    -------------------
    SLICE_X26Y66         FDRE (Prop_fdre_C_Q)         0.478     3.459 f  <hidden>
                         net (fo=3, routed)           1.039     4.498    <hidden>
    SLICE_X26Y67         LUT3 (Prop_lut3_I1_O)        0.295     4.793 f  <hidden>
                         net (fo=32, routed)          1.258     6.051    <hidden>
    SLICE_X31Y66         FDCE                                         f  <hidden>
  -------------------------------------------------------------------    -------------------

                         (clock clk_fpga_0 rise edge)
                                                     10.000    10.000 r  
    PS7_X0Y0             PS7                          0.000    10.000 r  design_1_i/cg_fpga_0/inst/processing_system7_0/inst/PS7_i/FCLKCLK[0]
                         net (fo=1, routed)           1.088    11.088    design_1_i/cg_fpga_0/inst/processing_system7_0/inst/FCLK_CLK_unbuffered[0]
    BUFGCTRL_X0Y17       BUFG (Prop_bufg_I_O)         0.091    11.179 r  design_1_i/cg_fpga_0/inst/processing_system7_0/inst/buffer_fclk_clk_0.FCLK_CLK_0_BUFG/O
                         net (fo=6935, routed)        1.518    12.697    <hidden>
    SLICE_X31Y66         FDCE                                         r  <hidden>
                         clock pessimism              0.229    12.926    
                         clock uncertainty           -0.154    12.772    
    SLICE_X31Y66         FDCE (Recov_fdce_C_CLR)     -0.405    12.367    <hidden>
  -------------------------------------------------------------------
                         required time                         12.367    
                         arrival time                          -6.051    
  -------------------------------------------------------------------
                         slack                                  6.316    

Slack (MET) :             6.316ns  (required time - arrival time)
  Source:                 <hidden>
                            (rising edge-triggered cell FDRE clocked by clk_fpga_0  {rise@0.000ns fall@5.000ns period=10.000ns})
  Destination:            <hidden>
                            (recovery check against rising-edge clock clk_fpga_0  {rise@0.000ns fall@5.000ns period=10.000ns})
  Path Group:             **async_default**
  Path Type:              Recovery (Max at Slow Process Corner)
  Requirement:            10.000ns  (clk_fpga_0 rise@10.000ns - clk_fpga_0 rise@0.000ns)
  Data Path Delay:        3.070ns  (logic 0.773ns (25.178%)  route 2.297ns (74.822%))
  Logic Levels:           1  (LUT3=1)
  Clock Path Skew:        -0.055ns (DCD - SCD + CPR)
    Destination Clock Delay (DCD):    2.697ns = ( 12.697 - 10.000 ) 
    Source Clock Delay      (SCD):    2.981ns
    Clock Pessimism Removal (CPR):    0.229ns
  Clock Uncertainty:      0.154ns  ((TSJ^2 + TIJ^2)^1/2 + DJ) / 2 + PE
    Total System Jitter     (TSJ):    0.071ns
    Total Input Jitter      (TIJ):    0.300ns
    Discrete Jitter          (DJ):    0.000ns
    Phase Error              (PE):    0.000ns

    Location             Delay type                Incr(ns)  Path(ns)    Netlist Resource(s)
  -------------------------------------------------------------------    -------------------
                         (clock clk_fpga_0 rise edge)
                                                      0.000     0.000 r  
    PS7_X0Y0             PS7                          0.000     0.000 r  design_1_i/cg_fpga_0/inst/processing_system7_0/inst/PS7_i/FCLKCLK[0]
                         net (fo=1, routed)           1.193     1.193    design_1_i/cg_fpga_0/inst/processing_system7_0/inst/FCLK_CLK_unbuffered[0]
    BUFGCTRL_X0Y17       BUFG (Prop_bufg_I_O)         0.101     1.294 r  design_1_i/cg_fpga_0/inst/processing_system7_0/inst/buffer_fclk_clk_0.FCLK_CLK_0_BUFG/O
                         net (fo=6935, routed)        1.687     2.981    <hidden>
    SLICE_X26Y66         FDRE                                         r  <hidden>
  -------------------------------------------------------------------    -------------------
    SLICE_X26Y66         FDRE (Prop_fdre_C_Q)         0.478     3.459 f  <hidden>
                         net (fo=3, routed)           1.039     4.498    <hidden>
    SLICE_X26Y67         LUT3 (Prop_lut3_I1_O)        0.295     4.793 f  <hidden>
                         net (fo=32, routed)          1.258     6.051    <hidden>
    SLICE_X31Y66         FDCE                                         f  <hidden>
  -------------------------------------------------------------------    -------------------

                         (clock clk_fpga_0 rise edge)
                                                     10.000    10.000 r  
    PS7_X0Y0             PS7                          0.000    10.000 r  design_1_i/cg_fpga_0/inst/processing_system7_0/inst/PS7_i/FCLKCLK[0]
                         net (fo=1, routed)           1.088    11.088    design_1_i/cg_fpga_0/inst/processing_system7_0/inst/FCLK_CLK_unbuffered[0]
    BUFGCTRL_X0Y17       BUFG (Prop_bufg_I_O)         0.091    11.179 r  design_1_i/cg_fpga_0/inst/processing_system7_0/inst/buffer_fclk_clk_0.FCLK_CLK_0_BUFG/O
                         net (fo=6935, routed)        1.518    12.697    <hidden>
    SLICE_X31Y66         FDCE                                         r  <hidden>
                         clock pessimism              0.229    12.926    
                         clock uncertainty           -0.154    12.772    
    SLICE_X31Y66         FDCE (Recov_fdce_C_CLR)     -0.405    12.367    <hidden>
  -------------------------------------------------------------------
                         required time                         12.367    
                         arrival time                          -6.051    
  -------------------------------------------------------------------
                         slack                                  6.316    

Slack (MET) :             6.362ns  (required time - arrival time)
  Source:                 <hidden>
                            (rising edge-triggered cell FDRE clocked by clk_fpga_0  {rise@0.000ns fall@5.000ns period=10.000ns})
  Destination:            <hidden>
                            (recovery check against rising-edge clock clk_fpga_0  {rise@0.000ns fall@5.000ns period=10.000ns})
  Path Group:             **async_default**
  Path Type:              Recovery (Max at Slow Process Corner)
  Requirement:            10.000ns  (clk_fpga_0 rise@10.000ns - clk_fpga_0 rise@0.000ns)
  Data Path Delay:        3.070ns  (logic 0.773ns (25.178%)  route 2.297ns (74.822%))
  Logic Levels:           1  (LUT3=1)
  Clock Path Skew:        -0.055ns (DCD - SCD + CPR)
    Destination Clock Delay (DCD):    2.697ns = ( 12.697 - 10.000 ) 
    Source Clock Delay      (SCD):    2.981ns
    Clock Pessimism Removal (CPR):    0.229ns
  Clock Uncertainty:      0.154ns  ((TSJ^2 + TIJ^2)^1/2 + DJ) / 2 + PE
    Total System Jitter     (TSJ):    0.071ns
    Total Input Jitter      (TIJ):    0.300ns
    Discrete Jitter          (DJ):    0.000ns
    Phase Error              (PE):    0.000ns

    Location             Delay type                Incr(ns)  Path(ns)    Netlist Resource(s)
  -------------------------------------------------------------------    -------------------
                         (clock clk_fpga_0 rise edge)
                                                      0.000     0.000 r  
    PS7_X0Y0             PS7                          0.000     0.000 r  design_1_i/cg_fpga_0/inst/processing_system7_0/inst/PS7_i/FCLKCLK[0]
                         net (fo=1, routed)           1.193     1.193    design_1_i/cg_fpga_0/inst/processing_system7_0/inst/FCLK_CLK_unbuffered[0]
    BUFGCTRL_X0Y17       BUFG (Prop_bufg_I_O)         0.101     1.294 r  design_1_i/cg_fpga_0/inst/processing_system7_0/inst/buffer_fclk_clk_0.FCLK_CLK_0_BUFG/O
                         net (fo=6935, routed)        1.687     2.981    <hidden>
    SLICE_X26Y66         FDRE                                         r  <hidden>
  -------------------------------------------------------------------    -------------------
    SLICE_X26Y66         FDRE (Prop_fdre_C_Q)         0.478     3.459 f  <hidden>
                         net (fo=3, routed)           1.039     4.498    <hidden>
    SLICE_X26Y67         LUT3 (Prop_lut3_I1_O)        0.295     4.793 f  <hidden>
                         net (fo=32, routed)          1.258     6.051    <hidden>
    SLICE_X31Y66         FDPE                                         f  <hidden>
  -------------------------------------------------------------------    -------------------

                         (clock clk_fpga_0 rise edge)
                                                     10.000    10.000 r  
    PS7_X0Y0             PS7                          0.000    10.000 r  design_1_i/cg_fpga_0/inst/processing_system7_0/inst/PS7_i/FCLKCLK[0]
                         net (fo=1, routed)           1.088    11.088    design_1_i/cg_fpga_0/inst/processing_system7_0/inst/FCLK_CLK_unbuffered[0]
    BUFGCTRL_X0Y17       BUFG (Prop_bufg_I_O)         0.091    11.179 r  design_1_i/cg_fpga_0/inst/processing_system7_0/inst/buffer_fclk_clk_0.FCLK_CLK_0_BUFG/O
                         net (fo=6935, routed)        1.518    12.697    <hidden>
    SLICE_X31Y66         FDPE                                         r  <hidden>
                         clock pessimism              0.229    12.926    
                         clock uncertainty           -0.154    12.772    
    SLICE_X31Y66         FDPE (Recov_fdpe_C_PRE)     -0.359    12.413    <hidden>
  -------------------------------------------------------------------
                         required time                         12.413    
                         arrival time                          -6.051    
  -------------------------------------------------------------------
                         slack                                  6.362    

Slack (MET) :             6.362ns  (required time - arrival time)
  Source:                 <hidden>
                            (rising edge-triggered cell FDRE clocked by clk_fpga_0  {rise@0.000ns fall@5.000ns period=10.000ns})
  Destination:            <hidden>
                            (recovery check against rising-edge clock clk_fpga_0  {rise@0.000ns fall@5.000ns period=10.000ns})
  Path Group:             **async_default**
  Path Type:              Recovery (Max at Slow Process Corner)
  Requirement:            10.000ns  (clk_fpga_0 rise@10.000ns - clk_fpga_0 rise@0.000ns)
  Data Path Delay:        3.070ns  (logic 0.773ns (25.178%)  route 2.297ns (74.822%))
  Logic Levels:           1  (LUT3=1)
  Clock Path Skew:        -0.055ns (DCD - SCD + CPR)
    Destination Clock Delay (DCD):    2.697ns = ( 12.697 - 10.000 ) 
    Source Clock Delay      (SCD):    2.981ns
    Clock Pessimism Removal (CPR):    0.229ns
  Clock Uncertainty:      0.154ns  ((TSJ^2 + TIJ^2)^1/2 + DJ) / 2 + PE
    Total System Jitter     (TSJ):    0.071ns
    Total Input Jitter      (TIJ):    0.300ns
    Discrete Jitter          (DJ):    0.000ns
    Phase Error              (PE):    0.000ns

    Location             Delay type                Incr(ns)  Path(ns)    Netlist Resource(s)
  -------------------------------------------------------------------    -------------------
                         (clock clk_fpga_0 rise edge)
                                                      0.000     0.000 r  
    PS7_X0Y0             PS7                          0.000     0.000 r  design_1_i/cg_fpga_0/inst/processing_system7_0/inst/PS7_i/FCLKCLK[0]
                         net (fo=1, routed)           1.193     1.193    design_1_i/cg_fpga_0/inst/processing_system7_0/inst/FCLK_CLK_unbuffered[0]
    BUFGCTRL_X0Y17       BUFG (Prop_bufg_I_O)         0.101     1.294 r  design_1_i/cg_fpga_0/inst/processing_system7_0/inst/buffer_fclk_clk_0.FCLK_CLK_0_BUFG/O
                         net (fo=6935, routed)        1.687     2.981    <hidden>
    SLICE_X26Y66         FDRE                                         r  <hidden>
  -------------------------------------------------------------------    -------------------
    SLICE_X26Y66         FDRE (Prop_fdre_C_Q)         0.478     3.459 f  <hidden>
                         net (fo=3, routed)           1.039     4.498    <hidden>
    SLICE_X26Y67         LUT3 (Prop_lut3_I1_O)        0.295     4.793 f  <hidden>
                         net (fo=32, routed)          1.258     6.051    <hidden>
    SLICE_X31Y66         FDPE                                         f  <hidden>
  -------------------------------------------------------------------    -------------------

                         (clock clk_fpga_0 rise edge)
                                                     10.000    10.000 r  
    PS7_X0Y0             PS7                          0.000    10.000 r  design_1_i/cg_fpga_0/inst/processing_system7_0/inst/PS7_i/FCLKCLK[0]
                         net (fo=1, routed)           1.088    11.088    design_1_i/cg_fpga_0/inst/processing_system7_0/inst/FCLK_CLK_unbuffered[0]
    BUFGCTRL_X0Y17       BUFG (Prop_bufg_I_O)         0.091    11.179 r  design_1_i/cg_fpga_0/inst/processing_system7_0/inst/buffer_fclk_clk_0.FCLK_CLK_0_BUFG/O
                         net (fo=6935, routed)        1.518    12.697    <hidden>
    SLICE_X31Y66         FDPE                                         r  <hidden>
                         clock pessimism              0.229    12.926    
                         clock uncertainty           -0.154    12.772    
    SLICE_X31Y66         FDPE (Recov_fdpe_C_PRE)     -0.359    12.413    <hidden>
  -------------------------------------------------------------------
                         required time                         12.413    
                         arrival time                          -6.051    
  -------------------------------------------------------------------
                         slack                                  6.362    

Slack (MET) :             6.890ns  (required time - arrival time)
  Source:                 <hidden>
                            (rising edge-triggered cell FDRE clocked by clk_fpga_0  {rise@0.000ns fall@5.000ns period=10.000ns})
  Destination:            <hidden>
                            (recovery check against rising-edge clock clk_fpga_0  {rise@0.000ns fall@5.000ns period=10.000ns})
  Path Group:             **async_default**
  Path Type:              Recovery (Max at Slow Process Corner)
  Requirement:            10.000ns  (clk_fpga_0 rise@10.000ns - clk_fpga_0 rise@0.000ns)
  Data Path Delay:        2.492ns  (logic 0.773ns (31.014%)  route 1.719ns (68.986%))
  Logic Levels:           1  (LUT3=1)
  Clock Path Skew:        -0.058ns (DCD - SCD + CPR)
    Destination Clock Delay (DCD):    2.694ns = ( 12.694 - 10.000 ) 
    Source Clock Delay      (SCD):    2.981ns
    Clock Pessimism Removal (CPR):    0.229ns
  Clock Uncertainty:      0.154ns  ((TSJ^2 + TIJ^2)^1/2 + DJ) / 2 + PE
    Total System Jitter     (TSJ):    0.071ns
    Total Input Jitter      (TIJ):    0.300ns
    Discrete Jitter          (DJ):    0.000ns
    Phase Error              (PE):    0.000ns

    Location             Delay type                Incr(ns)  Path(ns)    Netlist Resource(s)
  -------------------------------------------------------------------    -------------------
                         (clock clk_fpga_0 rise edge)
                                                      0.000     0.000 r  
    PS7_X0Y0             PS7                          0.000     0.000 r  design_1_i/cg_fpga_0/inst/processing_system7_0/inst/PS7_i/FCLKCLK[0]
                         net (fo=1, routed)           1.193     1.193    design_1_i/cg_fpga_0/inst/processing_system7_0/inst/FCLK_CLK_unbuffered[0]
    BUFGCTRL_X0Y17       BUFG (Prop_bufg_I_O)         0.101     1.294 r  design_1_i/cg_fpga_0/inst/processing_system7_0/inst/buffer_fclk_clk_0.FCLK_CLK_0_BUFG/O
                         net (fo=6935, routed)        1.687     2.981    <hidden>
    SLICE_X26Y66         FDRE                                         r  <hidden>
  -------------------------------------------------------------------    -------------------
    SLICE_X26Y66         FDRE (Prop_fdre_C_Q)         0.478     3.459 f  <hidden>
                         net (fo=3, routed)           1.039     4.498    <hidden>
    SLICE_X26Y67         LUT3 (Prop_lut3_I1_O)        0.295     4.793 f  <hidden>
                         net (fo=32, routed)          0.680     5.473    <hidden>
    SLICE_X31Y68         FDCE                                         f  <hidden>
  -------------------------------------------------------------------    -------------------

                         (clock clk_fpga_0 rise edge)
                                                     10.000    10.000 r  
    PS7_X0Y0             PS7                          0.000    10.000 r  design_1_i/cg_fpga_0/inst/processing_system7_0/inst/PS7_i/FCLKCLK[0]
                         net (fo=1, routed)           1.088    11.088    design_1_i/cg_fpga_0/inst/processing_system7_0/inst/FCLK_CLK_unbuffered[0]
    BUFGCTRL_X0Y17       BUFG (Prop_bufg_I_O)         0.091    11.179 r  design_1_i/cg_fpga_0/inst/processing_system7_0/inst/buffer_fclk_clk_0.FCLK_CLK_0_BUFG/O
                         net (fo=6935, routed)        1.515    12.694    <hidden>
    SLICE_X31Y68         FDCE                                         r  <hidden>
                         clock pessimism              0.229    12.923    
                         clock uncertainty           -0.154    12.769    
    SLICE_X31Y68         FDCE (Recov_fdce_C_CLR)     -0.405    12.364    <hidden>
  -------------------------------------------------------------------
                         required time                         12.364    
                         arrival time                          -5.473    
  -------------------------------------------------------------------
                         slack                                  6.890    

Slack (MET) :             6.890ns  (required time - arrival time)
  Source:                 <hidden>
                            (rising edge-triggered cell FDRE clocked by clk_fpga_0  {rise@0.000ns fall@5.000ns period=10.000ns})
  Destination:            <hidden>
                            (recovery check against rising-edge clock clk_fpga_0  {rise@0.000ns fall@5.000ns period=10.000ns})
  Path Group:             **async_default**
  Path Type:              Recovery (Max at Slow Process Corner)
  Requirement:            10.000ns  (clk_fpga_0 rise@10.000ns - clk_fpga_0 rise@0.000ns)
  Data Path Delay:        2.492ns  (logic 0.773ns (31.014%)  route 1.719ns (68.986%))
  Logic Levels:           1  (LUT3=1)
  Clock Path Skew:        -0.058ns (DCD - SCD + CPR)
    Destination Clock Delay (DCD):    2.694ns = ( 12.694 - 10.000 ) 
    Source Clock Delay      (SCD):    2.981ns
    Clock Pessimism Removal (CPR):    0.229ns
  Clock Uncertainty:      0.154ns  ((TSJ^2 + TIJ^2)^1/2 + DJ) / 2 + PE
    Total System Jitter     (TSJ):    0.071ns
    Total Input Jitter      (TIJ):    0.300ns
    Discrete Jitter          (DJ):    0.000ns
    Phase Error              (PE):    0.000ns

    Location             Delay type                Incr(ns)  Path(ns)    Netlist Resource(s)
  -------------------------------------------------------------------    -------------------
                         (clock clk_fpga_0 rise edge)
                                                      0.000     0.000 r  
    PS7_X0Y0             PS7                          0.000     0.000 r  design_1_i/cg_fpga_0/inst/processing_system7_0/inst/PS7_i/FCLKCLK[0]
                         net (fo=1, routed)           1.193     1.193    design_1_i/cg_fpga_0/inst/processing_system7_0/inst/FCLK_CLK_unbuffered[0]
    BUFGCTRL_X0Y17       BUFG (Prop_bufg_I_O)         0.101     1.294 r  design_1_i/cg_fpga_0/inst/processing_system7_0/inst/buffer_fclk_clk_0.FCLK_CLK_0_BUFG/O
                         net (fo=6935, routed)        1.687     2.981    <hidden>
    SLICE_X26Y66         FDRE                                         r  <hidden>
  -------------------------------------------------------------------    -------------------
    SLICE_X26Y66         FDRE (Prop_fdre_C_Q)         0.478     3.459 f  <hidden>
                         net (fo=3, routed)           1.039     4.498    <hidden>
    SLICE_X26Y67         LUT3 (Prop_lut3_I1_O)        0.295     4.793 f  <hidden>
                         net (fo=32, routed)          0.680     5.473    <hidden>
    SLICE_X31Y68         FDCE                                         f  <hidden>
  -------------------------------------------------------------------    -------------------

                         (clock clk_fpga_0 rise edge)
                                                     10.000    10.000 r  
    PS7_X0Y0             PS7                          0.000    10.000 r  design_1_i/cg_fpga_0/inst/processing_system7_0/inst/PS7_i/FCLKCLK[0]
                         net (fo=1, routed)           1.088    11.088    design_1_i/cg_fpga_0/inst/processing_system7_0/inst/FCLK_CLK_unbuffered[0]
    BUFGCTRL_X0Y17       BUFG (Prop_bufg_I_O)         0.091    11.179 r  design_1_i/cg_fpga_0/inst/processing_system7_0/inst/buffer_fclk_clk_0.FCLK_CLK_0_BUFG/O
                         net (fo=6935, routed)        1.515    12.694    <hidden>
    SLICE_X31Y68         FDCE                                         r  <hidden>
                         clock pessimism              0.229    12.923    
                         clock uncertainty           -0.154    12.769    
    SLICE_X31Y68         FDCE (Recov_fdce_C_CLR)     -0.405    12.364    <hidden>
  -------------------------------------------------------------------
                         required time                         12.364    
                         arrival time                          -5.473    
  -------------------------------------------------------------------
                         slack                                  6.890    

Slack (MET) :             6.890ns  (required time - arrival time)
  Source:                 <hidden>
                            (rising edge-triggered cell FDRE clocked by clk_fpga_0  {rise@0.000ns fall@5.000ns period=10.000ns})
  Destination:            <hidden>
                            (recovery check against rising-edge clock clk_fpga_0  {rise@0.000ns fall@5.000ns period=10.000ns})
  Path Group:             **async_default**
  Path Type:              Recovery (Max at Slow Process Corner)
  Requirement:            10.000ns  (clk_fpga_0 rise@10.000ns - clk_fpga_0 rise@0.000ns)
  Data Path Delay:        2.492ns  (logic 0.773ns (31.014%)  route 1.719ns (68.986%))
  Logic Levels:           1  (LUT3=1)
  Clock Path Skew:        -0.058ns (DCD - SCD + CPR)
    Destination Clock Delay (DCD):    2.694ns = ( 12.694 - 10.000 ) 
    Source Clock Delay      (SCD):    2.981ns
    Clock Pessimism Removal (CPR):    0.229ns
  Clock Uncertainty:      0.154ns  ((TSJ^2 + TIJ^2)^1/2 + DJ) / 2 + PE
    Total System Jitter     (TSJ):    0.071ns
    Total Input Jitter      (TIJ):    0.300ns
    Discrete Jitter          (DJ):    0.000ns
    Phase Error              (PE):    0.000ns

    Location             Delay type                Incr(ns)  Path(ns)    Netlist Resource(s)
  -------------------------------------------------------------------    -------------------
                         (clock clk_fpga_0 rise edge)
                                                      0.000     0.000 r  
    PS7_X0Y0             PS7                          0.000     0.000 r  design_1_i/cg_fpga_0/inst/processing_system7_0/inst/PS7_i/FCLKCLK[0]
                         net (fo=1, routed)           1.193     1.193    design_1_i/cg_fpga_0/inst/processing_system7_0/inst/FCLK_CLK_unbuffered[0]
    BUFGCTRL_X0Y17       BUFG (Prop_bufg_I_O)         0.101     1.294 r  design_1_i/cg_fpga_0/inst/processing_system7_0/inst/buffer_fclk_clk_0.FCLK_CLK_0_BUFG/O
                         net (fo=6935, routed)        1.687     2.981    <hidden>
    SLICE_X26Y66         FDRE                                         r  <hidden>
  -------------------------------------------------------------------    -------------------
    SLICE_X26Y66         FDRE (Prop_fdre_C_Q)         0.478     3.459 f  <hidden>
                         net (fo=3, routed)           1.039     4.498    <hidden>
    SLICE_X26Y67         LUT3 (Prop_lut3_I1_O)        0.295     4.793 f  <hidden>
                         net (fo=32, routed)          0.680     5.473    <hidden>
    SLICE_X31Y68         FDCE                                         f  <hidden>
  -------------------------------------------------------------------    -------------------

                         (clock clk_fpga_0 rise edge)
                                                     10.000    10.000 r  
    PS7_X0Y0             PS7                          0.000    10.000 r  design_1_i/cg_fpga_0/inst/processing_system7_0/inst/PS7_i/FCLKCLK[0]
                         net (fo=1, routed)           1.088    11.088    design_1_i/cg_fpga_0/inst/processing_system7_0/inst/FCLK_CLK_unbuffered[0]
    BUFGCTRL_X0Y17       BUFG (Prop_bufg_I_O)         0.091    11.179 r  design_1_i/cg_fpga_0/inst/processing_system7_0/inst/buffer_fclk_clk_0.FCLK_CLK_0_BUFG/O
                         net (fo=6935, routed)        1.515    12.694    <hidden>
    SLICE_X31Y68         FDCE                                         r  <hidden>
                         clock pessimism              0.229    12.923    
                         clock uncertainty           -0.154    12.769    
    SLICE_X31Y68         FDCE (Recov_fdce_C_CLR)     -0.405    12.364    <hidden>
  -------------------------------------------------------------------
                         required time                         12.364    
                         arrival time                          -5.473    
  -------------------------------------------------------------------
                         slack                                  6.890    

Slack (MET) :             6.934ns  (required time - arrival time)
  Source:                 <hidden>
                            (rising edge-triggered cell FDRE clocked by clk_fpga_0  {rise@0.000ns fall@5.000ns period=10.000ns})
  Destination:            <hidden>
                            (recovery check against rising-edge clock clk_fpga_0  {rise@0.000ns fall@5.000ns period=10.000ns})
  Path Group:             **async_default**
  Path Type:              Recovery (Max at Slow Process Corner)
  Requirement:            10.000ns  (clk_fpga_0 rise@10.000ns - clk_fpga_0 rise@0.000ns)
  Data Path Delay:        2.492ns  (logic 0.773ns (31.014%)  route 1.719ns (68.986%))
  Logic Levels:           1  (LUT3=1)
  Clock Path Skew:        -0.058ns (DCD - SCD + CPR)
    Destination Clock Delay (DCD):    2.694ns = ( 12.694 - 10.000 ) 
    Source Clock Delay      (SCD):    2.981ns
    Clock Pessimism Removal (CPR):    0.229ns
  Clock Uncertainty:      0.154ns  ((TSJ^2 + TIJ^2)^1/2 + DJ) / 2 + PE
    Total System Jitter     (TSJ):    0.071ns
    Total Input Jitter      (TIJ):    0.300ns
    Discrete Jitter          (DJ):    0.000ns
    Phase Error              (PE):    0.000ns

    Location             Delay type                Incr(ns)  Path(ns)    Netlist Resource(s)
  -------------------------------------------------------------------    -------------------
                         (clock clk_fpga_0 rise edge)
                                                      0.000     0.000 r  
    PS7_X0Y0             PS7                          0.000     0.000 r  design_1_i/cg_fpga_0/inst/processing_system7_0/inst/PS7_i/FCLKCLK[0]
                         net (fo=1, routed)           1.193     1.193    design_1_i/cg_fpga_0/inst/processing_system7_0/inst/FCLK_CLK_unbuffered[0]
    BUFGCTRL_X0Y17       BUFG (Prop_bufg_I_O)         0.101     1.294 r  design_1_i/cg_fpga_0/inst/processing_system7_0/inst/buffer_fclk_clk_0.FCLK_CLK_0_BUFG/O
                         net (fo=6935, routed)        1.687     2.981    <hidden>
    SLICE_X26Y66         FDRE                                         r  <hidden>
  -------------------------------------------------------------------    -------------------
    SLICE_X26Y66         FDRE (Prop_fdre_C_Q)         0.478     3.459 f  <hidden>
                         net (fo=3, routed)           1.039     4.498    <hidden>
    SLICE_X26Y67         LUT3 (Prop_lut3_I1_O)        0.295     4.793 f  <hidden>
                         net (fo=32, routed)          0.680     5.473    <hidden>
    SLICE_X30Y68         FDPE                                         f  <hidden>
  -------------------------------------------------------------------    -------------------

                         (clock clk_fpga_0 rise edge)
                                                     10.000    10.000 r  
    PS7_X0Y0             PS7                          0.000    10.000 r  design_1_i/cg_fpga_0/inst/processing_system7_0/inst/PS7_i/FCLKCLK[0]
                         net (fo=1, routed)           1.088    11.088    design_1_i/cg_fpga_0/inst/processing_system7_0/inst/FCLK_CLK_unbuffered[0]
    BUFGCTRL_X0Y17       BUFG (Prop_bufg_I_O)         0.091    11.179 r  design_1_i/cg_fpga_0/inst/processing_system7_0/inst/buffer_fclk_clk_0.FCLK_CLK_0_BUFG/O
                         net (fo=6935, routed)        1.515    12.694    <hidden>
    SLICE_X30Y68         FDPE                                         r  <hidden>
                         clock pessimism              0.229    12.923    
                         clock uncertainty           -0.154    12.769    
    SLICE_X30Y68         FDPE (Recov_fdpe_C_PRE)     -0.361    12.408    <hidden>
  -------------------------------------------------------------------
                         required time                         12.408    
                         arrival time                          -5.473    
  -------------------------------------------------------------------
                         slack                                  6.934    

Slack (MET) :             6.934ns  (required time - arrival time)
  Source:                 <hidden>
                            (rising edge-triggered cell FDRE clocked by clk_fpga_0  {rise@0.000ns fall@5.000ns period=10.000ns})
  Destination:            <hidden>
                            (recovery check against rising-edge clock clk_fpga_0  {rise@0.000ns fall@5.000ns period=10.000ns})
  Path Group:             **async_default**
  Path Type:              Recovery (Max at Slow Process Corner)
  Requirement:            10.000ns  (clk_fpga_0 rise@10.000ns - clk_fpga_0 rise@0.000ns)
  Data Path Delay:        2.492ns  (logic 0.773ns (31.014%)  route 1.719ns (68.986%))
  Logic Levels:           1  (LUT3=1)
  Clock Path Skew:        -0.058ns (DCD - SCD + CPR)
    Destination Clock Delay (DCD):    2.694ns = ( 12.694 - 10.000 ) 
    Source Clock Delay      (SCD):    2.981ns
    Clock Pessimism Removal (CPR):    0.229ns
  Clock Uncertainty:      0.154ns  ((TSJ^2 + TIJ^2)^1/2 + DJ) / 2 + PE
    Total System Jitter     (TSJ):    0.071ns
    Total Input Jitter      (TIJ):    0.300ns
    Discrete Jitter          (DJ):    0.000ns
    Phase Error              (PE):    0.000ns

    Location             Delay type                Incr(ns)  Path(ns)    Netlist Resource(s)
  -------------------------------------------------------------------    -------------------
                         (clock clk_fpga_0 rise edge)
                                                      0.000     0.000 r  
    PS7_X0Y0             PS7                          0.000     0.000 r  design_1_i/cg_fpga_0/inst/processing_system7_0/inst/PS7_i/FCLKCLK[0]
                         net (fo=1, routed)           1.193     1.193    design_1_i/cg_fpga_0/inst/processing_system7_0/inst/FCLK_CLK_unbuffered[0]
    BUFGCTRL_X0Y17       BUFG (Prop_bufg_I_O)         0.101     1.294 r  design_1_i/cg_fpga_0/inst/processing_system7_0/inst/buffer_fclk_clk_0.FCLK_CLK_0_BUFG/O
                         net (fo=6935, routed)        1.687     2.981    <hidden>
    SLICE_X26Y66         FDRE                                         r  <hidden>
  -------------------------------------------------------------------    -------------------
    SLICE_X26Y66         FDRE (Prop_fdre_C_Q)         0.478     3.459 f  <hidden>
                         net (fo=3, routed)           1.039     4.498    <hidden>
    SLICE_X26Y67         LUT3 (Prop_lut3_I1_O)        0.295     4.793 f  <hidden>
                         net (fo=32, routed)          0.680     5.473    <hidden>
    SLICE_X30Y68         FDCE                                         f  <hidden>
  -------------------------------------------------------------------    -------------------

                         (clock clk_fpga_0 rise edge)
                                                     10.000    10.000 r  
    PS7_X0Y0             PS7                          0.000    10.000 r  design_1_i/cg_fpga_0/inst/processing_system7_0/inst/PS7_i/FCLKCLK[0]
                         net (fo=1, routed)           1.088    11.088    design_1_i/cg_fpga_0/inst/processing_system7_0/inst/FCLK_CLK_unbuffered[0]
    BUFGCTRL_X0Y17       BUFG (Prop_bufg_I_O)         0.091    11.179 r  design_1_i/cg_fpga_0/inst/processing_system7_0/inst/buffer_fclk_clk_0.FCLK_CLK_0_BUFG/O
                         net (fo=6935, routed)        1.515    12.694    <hidden>
    SLICE_X30Y68         FDCE                                         r  <hidden>
                         clock pessimism              0.229    12.923    
                         clock uncertainty           -0.154    12.769    
    SLICE_X30Y68         FDCE (Recov_fdce_C_CLR)     -0.361    12.408    <hidden>
  -------------------------------------------------------------------
                         required time                         12.408    
                         arrival time                          -5.473    
  -------------------------------------------------------------------
                         slack                                  6.934    

Slack (MET) :             6.999ns  (required time - arrival time)
  Source:                 <hidden>
                            (rising edge-triggered cell FDRE clocked by clk_fpga_0  {rise@0.000ns fall@5.000ns period=10.000ns})
  Destination:            <hidden>
                            (recovery check against rising-edge clock clk_fpga_0  {rise@0.000ns fall@5.000ns period=10.000ns})
  Path Group:             **async_default**
  Path Type:              Recovery (Max at Slow Process Corner)
  Requirement:            10.000ns  (clk_fpga_0 rise@10.000ns - clk_fpga_0 rise@0.000ns)
  Data Path Delay:        2.466ns  (logic 0.773ns (31.344%)  route 1.693ns (68.656%))
  Logic Levels:           1  (LUT3=1)
  Clock Path Skew:        -0.022ns (DCD - SCD + CPR)
    Destination Clock Delay (DCD):    2.693ns = ( 12.693 - 10.000 ) 
    Source Clock Delay      (SCD):    2.981ns
    Clock Pessimism Removal (CPR):    0.266ns
  Clock Uncertainty:      0.154ns  ((TSJ^2 + TIJ^2)^1/2 + DJ) / 2 + PE
    Total System Jitter     (TSJ):    0.071ns
    Total Input Jitter      (TIJ):    0.300ns
    Discrete Jitter          (DJ):    0.000ns
    Phase Error              (PE):    0.000ns

    Location             Delay type                Incr(ns)  Path(ns)    Netlist Resource(s)
  -------------------------------------------------------------------    -------------------
                         (clock clk_fpga_0 rise edge)
                                                      0.000     0.000 r  
    PS7_X0Y0             PS7                          0.000     0.000 r  design_1_i/cg_fpga_0/inst/processing_system7_0/inst/PS7_i/FCLKCLK[0]
                         net (fo=1, routed)           1.193     1.193    design_1_i/cg_fpga_0/inst/processing_system7_0/inst/FCLK_CLK_unbuffered[0]
    BUFGCTRL_X0Y17       BUFG (Prop_bufg_I_O)         0.101     1.294 r  design_1_i/cg_fpga_0/inst/processing_system7_0/inst/buffer_fclk_clk_0.FCLK_CLK_0_BUFG/O
                         net (fo=6935, routed)        1.687     2.981    <hidden>
    SLICE_X26Y66         FDRE                                         r  <hidden>
  -------------------------------------------------------------------    -------------------
    SLICE_X26Y66         FDRE (Prop_fdre_C_Q)         0.478     3.459 f  <hidden>
                         net (fo=3, routed)           1.039     4.498    <hidden>
    SLICE_X26Y67         LUT3 (Prop_lut3_I1_O)        0.295     4.793 f  <hidden>
                         net (fo=32, routed)          0.654     5.447    <hidden>
    SLICE_X27Y66         FDPE                                         f  <hidden>
  -------------------------------------------------------------------    -------------------

                         (clock clk_fpga_0 rise edge)
                                                     10.000    10.000 r  
    PS7_X0Y0             PS7                          0.000    10.000 r  design_1_i/cg_fpga_0/inst/processing_system7_0/inst/PS7_i/FCLKCLK[0]
                         net (fo=1, routed)           1.088    11.088    design_1_i/cg_fpga_0/inst/processing_system7_0/inst/FCLK_CLK_unbuffered[0]
    BUFGCTRL_X0Y17       BUFG (Prop_bufg_I_O)         0.091    11.179 r  design_1_i/cg_fpga_0/inst/processing_system7_0/inst/buffer_fclk_clk_0.FCLK_CLK_0_BUFG/O
                         net (fo=6935, routed)        1.514    12.693    <hidden>
    SLICE_X27Y66         FDPE                                         r  <hidden>
                         clock pessimism              0.266    12.959    
                         clock uncertainty           -0.154    12.805    
    SLICE_X27Y66         FDPE (Recov_fdpe_C_PRE)     -0.359    12.446    <hidden>
  -------------------------------------------------------------------
                         required time                         12.446    
                         arrival time                          -5.447    
  -------------------------------------------------------------------
                         slack                                  6.999    





Min Delay Paths
--------------------------------------------------------------------------------------
Slack (MET) :             0.595ns  (arrival time - required time)
  Source:                 <hidden>
                            (rising edge-triggered cell FDRE clocked by clk_fpga_0  {rise@0.000ns fall@5.000ns period=10.000ns})
  Destination:            <hidden>
                            (removal check against rising-edge clock clk_fpga_0  {rise@0.000ns fall@5.000ns period=10.000ns})
  Path Group:             **async_default**
  Path Type:              Removal (Min at Fast Process Corner)
  Requirement:            0.000ns  (clk_fpga_0 rise@0.000ns - clk_fpga_0 rise@0.000ns)
  Data Path Delay:        0.518ns  (logic 0.186ns (35.923%)  route 0.332ns (64.077%))
  Logic Levels:           1  (LUT3=1)
  Clock Path Skew:        0.015ns (DCD - SCD - CPR)
    Destination Clock Delay (DCD):    1.197ns
    Source Clock Delay      (SCD):    0.900ns
    Clock Pessimism Removal (CPR):    0.282ns

    Location             Delay type                Incr(ns)  Path(ns)    Netlist Resource(s)
  -------------------------------------------------------------------    -------------------
                         (clock clk_fpga_0 rise edge)
                                                      0.000     0.000 r  
    PS7_X0Y0             PS7                          0.000     0.000 r  design_1_i/cg_fpga_0/inst/processing_system7_0/inst/PS7_i/FCLKCLK[0]
                         net (fo=1, routed)           0.310     0.310    design_1_i/cg_fpga_0/inst/processing_system7_0/inst/FCLK_CLK_unbuffered[0]
    BUFGCTRL_X0Y17       BUFG (Prop_bufg_I_O)         0.026     0.336 r  design_1_i/cg_fpga_0/inst/processing_system7_0/inst/buffer_fclk_clk_0.FCLK_CLK_0_BUFG/O
                         net (fo=6935, routed)        0.564     0.900    <hidden>
    SLICE_X29Y73         FDRE                                         r  <hidden>
  -------------------------------------------------------------------    -------------------
    SLICE_X29Y73         FDRE (Prop_fdre_C_Q)         0.141     1.041 f  <hidden>
                         net (fo=2, routed)           0.147     1.188    <hidden>
    SLICE_X30Y73         LUT3 (Prop_lut3_I1_O)        0.045     1.233 f  <hidden>
                         net (fo=32, routed)          0.184     1.417    <hidden>
    SLICE_X28Y72         FDCE                                         f  <hidden>
  -------------------------------------------------------------------    -------------------

                         (clock clk_fpga_0 rise edge)
                                                      0.000     0.000 r  
    PS7_X0Y0             PS7                          0.000     0.000 r  design_1_i/cg_fpga_0/inst/processing_system7_0/inst/PS7_i/FCLKCLK[0]
                         net (fo=1, routed)           0.337     0.337    design_1_i/cg_fpga_0/inst/processing_system7_0/inst/FCLK_CLK_unbuffered[0]
    BUFGCTRL_X0Y17       BUFG (Prop_bufg_I_O)         0.029     0.366 r  design_1_i/cg_fpga_0/inst/processing_system7_0/inst/buffer_fclk_clk_0.FCLK_CLK_0_BUFG/O
                         net (fo=6935, routed)        0.831     1.197    <hidden>
    SLICE_X28Y72         FDCE                                         r  <hidden>
                         clock pessimism             -0.282     0.915    
    SLICE_X28Y72         FDCE (Remov_fdce_C_CLR)     -0.092     0.823    <hidden>
  -------------------------------------------------------------------
                         required time                         -0.823    
                         arrival time                           1.417    
  -------------------------------------------------------------------
                         slack                                  0.595    

Slack (MET) :             0.595ns  (arrival time - required time)
  Source:                 <hidden>
                            (rising edge-triggered cell FDRE clocked by clk_fpga_0  {rise@0.000ns fall@5.000ns period=10.000ns})
  Destination:            <hidden>
                            (removal check against rising-edge clock clk_fpga_0  {rise@0.000ns fall@5.000ns period=10.000ns})
  Path Group:             **async_default**
  Path Type:              Removal (Min at Fast Process Corner)
  Requirement:            0.000ns  (clk_fpga_0 rise@0.000ns - clk_fpga_0 rise@0.000ns)
  Data Path Delay:        0.518ns  (logic 0.186ns (35.923%)  route 0.332ns (64.077%))
  Logic Levels:           1  (LUT3=1)
  Clock Path Skew:        0.015ns (DCD - SCD - CPR)
    Destination Clock Delay (DCD):    1.197ns
    Source Clock Delay      (SCD):    0.900ns
    Clock Pessimism Removal (CPR):    0.282ns

    Location             Delay type                Incr(ns)  Path(ns)    Netlist Resource(s)
  -------------------------------------------------------------------    -------------------
                         (clock clk_fpga_0 rise edge)
                                                      0.000     0.000 r  
    PS7_X0Y0             PS7                          0.000     0.000 r  design_1_i/cg_fpga_0/inst/processing_system7_0/inst/PS7_i/FCLKCLK[0]
                         net (fo=1, routed)           0.310     0.310    design_1_i/cg_fpga_0/inst/processing_system7_0/inst/FCLK_CLK_unbuffered[0]
    BUFGCTRL_X0Y17       BUFG (Prop_bufg_I_O)         0.026     0.336 r  design_1_i/cg_fpga_0/inst/processing_system7_0/inst/buffer_fclk_clk_0.FCLK_CLK_0_BUFG/O
                         net (fo=6935, routed)        0.564     0.900    <hidden>
    SLICE_X29Y73         FDRE                                         r  <hidden>
  -------------------------------------------------------------------    -------------------
    SLICE_X29Y73         FDRE (Prop_fdre_C_Q)         0.141     1.041 f  <hidden>
                         net (fo=2, routed)           0.147     1.188    <hidden>
    SLICE_X30Y73         LUT3 (Prop_lut3_I1_O)        0.045     1.233 f  <hidden>
                         net (fo=32, routed)          0.184     1.417    <hidden>
    SLICE_X28Y72         FDCE                                         f  <hidden>
  -------------------------------------------------------------------    -------------------

                         (clock clk_fpga_0 rise edge)
                                                      0.000     0.000 r  
    PS7_X0Y0             PS7                          0.000     0.000 r  design_1_i/cg_fpga_0/inst/processing_system7_0/inst/PS7_i/FCLKCLK[0]
                         net (fo=1, routed)           0.337     0.337    design_1_i/cg_fpga_0/inst/processing_system7_0/inst/FCLK_CLK_unbuffered[0]
    BUFGCTRL_X0Y17       BUFG (Prop_bufg_I_O)         0.029     0.366 r  design_1_i/cg_fpga_0/inst/processing_system7_0/inst/buffer_fclk_clk_0.FCLK_CLK_0_BUFG/O
                         net (fo=6935, routed)        0.831     1.197    <hidden>
    SLICE_X28Y72         FDCE                                         r  <hidden>
                         clock pessimism             -0.282     0.915    
    SLICE_X28Y72         FDCE (Remov_fdce_C_CLR)     -0.092     0.823    <hidden>
  -------------------------------------------------------------------
                         required time                         -0.823    
                         arrival time                           1.417    
  -------------------------------------------------------------------
                         slack                                  0.595    

Slack (MET) :             0.595ns  (arrival time - required time)
  Source:                 <hidden>
                            (rising edge-triggered cell FDRE clocked by clk_fpga_0  {rise@0.000ns fall@5.000ns period=10.000ns})
  Destination:            <hidden>
                            (removal check against rising-edge clock clk_fpga_0  {rise@0.000ns fall@5.000ns period=10.000ns})
  Path Group:             **async_default**
  Path Type:              Removal (Min at Fast Process Corner)
  Requirement:            0.000ns  (clk_fpga_0 rise@0.000ns - clk_fpga_0 rise@0.000ns)
  Data Path Delay:        0.518ns  (logic 0.186ns (35.923%)  route 0.332ns (64.077%))
  Logic Levels:           1  (LUT3=1)
  Clock Path Skew:        0.015ns (DCD - SCD - CPR)
    Destination Clock Delay (DCD):    1.197ns
    Source Clock Delay      (SCD):    0.900ns
    Clock Pessimism Removal (CPR):    0.282ns

    Location             Delay type                Incr(ns)  Path(ns)    Netlist Resource(s)
  -------------------------------------------------------------------    -------------------
                         (clock clk_fpga_0 rise edge)
                                                      0.000     0.000 r  
    PS7_X0Y0             PS7                          0.000     0.000 r  design_1_i/cg_fpga_0/inst/processing_system7_0/inst/PS7_i/FCLKCLK[0]
                         net (fo=1, routed)           0.310     0.310    design_1_i/cg_fpga_0/inst/processing_system7_0/inst/FCLK_CLK_unbuffered[0]
    BUFGCTRL_X0Y17       BUFG (Prop_bufg_I_O)         0.026     0.336 r  design_1_i/cg_fpga_0/inst/processing_system7_0/inst/buffer_fclk_clk_0.FCLK_CLK_0_BUFG/O
                         net (fo=6935, routed)        0.564     0.900    <hidden>
    SLICE_X29Y73         FDRE                                         r  <hidden>
  -------------------------------------------------------------------    -------------------
    SLICE_X29Y73         FDRE (Prop_fdre_C_Q)         0.141     1.041 f  <hidden>
                         net (fo=2, routed)           0.147     1.188    <hidden>
    SLICE_X30Y73         LUT3 (Prop_lut3_I1_O)        0.045     1.233 f  <hidden>
                         net (fo=32, routed)          0.184     1.417    <hidden>
    SLICE_X28Y72         FDCE                                         f  <hidden>
  -------------------------------------------------------------------    -------------------

                         (clock clk_fpga_0 rise edge)
                                                      0.000     0.000 r  
    PS7_X0Y0             PS7                          0.000     0.000 r  design_1_i/cg_fpga_0/inst/processing_system7_0/inst/PS7_i/FCLKCLK[0]
                         net (fo=1, routed)           0.337     0.337    design_1_i/cg_fpga_0/inst/processing_system7_0/inst/FCLK_CLK_unbuffered[0]
    BUFGCTRL_X0Y17       BUFG (Prop_bufg_I_O)         0.029     0.366 r  design_1_i/cg_fpga_0/inst/processing_system7_0/inst/buffer_fclk_clk_0.FCLK_CLK_0_BUFG/O
                         net (fo=6935, routed)        0.831     1.197    <hidden>
    SLICE_X28Y72         FDCE                                         r  <hidden>
                         clock pessimism             -0.282     0.915    
    SLICE_X28Y72         FDCE (Remov_fdce_C_CLR)     -0.092     0.823    <hidden>
  -------------------------------------------------------------------
                         required time                         -0.823    
                         arrival time                           1.417    
  -------------------------------------------------------------------
                         slack                                  0.595    

Slack (MET) :             0.595ns  (arrival time - required time)
  Source:                 <hidden>
                            (rising edge-triggered cell FDRE clocked by clk_fpga_0  {rise@0.000ns fall@5.000ns period=10.000ns})
  Destination:            <hidden>
                            (removal check against rising-edge clock clk_fpga_0  {rise@0.000ns fall@5.000ns period=10.000ns})
  Path Group:             **async_default**
  Path Type:              Removal (Min at Fast Process Corner)
  Requirement:            0.000ns  (clk_fpga_0 rise@0.000ns - clk_fpga_0 rise@0.000ns)
  Data Path Delay:        0.518ns  (logic 0.186ns (35.923%)  route 0.332ns (64.077%))
  Logic Levels:           1  (LUT3=1)
  Clock Path Skew:        0.015ns (DCD - SCD - CPR)
    Destination Clock Delay (DCD):    1.197ns
    Source Clock Delay      (SCD):    0.900ns
    Clock Pessimism Removal (CPR):    0.282ns

    Location             Delay type                Incr(ns)  Path(ns)    Netlist Resource(s)
  -------------------------------------------------------------------    -------------------
                         (clock clk_fpga_0 rise edge)
                                                      0.000     0.000 r  
    PS7_X0Y0             PS7                          0.000     0.000 r  design_1_i/cg_fpga_0/inst/processing_system7_0/inst/PS7_i/FCLKCLK[0]
                         net (fo=1, routed)           0.310     0.310    design_1_i/cg_fpga_0/inst/processing_system7_0/inst/FCLK_CLK_unbuffered[0]
    BUFGCTRL_X0Y17       BUFG (Prop_bufg_I_O)         0.026     0.336 r  design_1_i/cg_fpga_0/inst/processing_system7_0/inst/buffer_fclk_clk_0.FCLK_CLK_0_BUFG/O
                         net (fo=6935, routed)        0.564     0.900    <hidden>
    SLICE_X29Y73         FDRE                                         r  <hidden>
  -------------------------------------------------------------------    -------------------
    SLICE_X29Y73         FDRE (Prop_fdre_C_Q)         0.141     1.041 f  <hidden>
                         net (fo=2, routed)           0.147     1.188    <hidden>
    SLICE_X30Y73         LUT3 (Prop_lut3_I1_O)        0.045     1.233 f  <hidden>
                         net (fo=32, routed)          0.184     1.417    <hidden>
    SLICE_X28Y72         FDCE                                         f  <hidden>
  -------------------------------------------------------------------    -------------------

                         (clock clk_fpga_0 rise edge)
                                                      0.000     0.000 r  
    PS7_X0Y0             PS7                          0.000     0.000 r  design_1_i/cg_fpga_0/inst/processing_system7_0/inst/PS7_i/FCLKCLK[0]
                         net (fo=1, routed)           0.337     0.337    design_1_i/cg_fpga_0/inst/processing_system7_0/inst/FCLK_CLK_unbuffered[0]
    BUFGCTRL_X0Y17       BUFG (Prop_bufg_I_O)         0.029     0.366 r  design_1_i/cg_fpga_0/inst/processing_system7_0/inst/buffer_fclk_clk_0.FCLK_CLK_0_BUFG/O
                         net (fo=6935, routed)        0.831     1.197    <hidden>
    SLICE_X28Y72         FDCE                                         r  <hidden>
                         clock pessimism             -0.282     0.915    
    SLICE_X28Y72         FDCE (Remov_fdce_C_CLR)     -0.092     0.823    <hidden>
  -------------------------------------------------------------------
                         required time                         -0.823    
                         arrival time                           1.417    
  -------------------------------------------------------------------
                         slack                                  0.595    

Slack (MET) :             0.595ns  (arrival time - required time)
  Source:                 <hidden>
                            (rising edge-triggered cell FDRE clocked by clk_fpga_0  {rise@0.000ns fall@5.000ns period=10.000ns})
  Destination:            <hidden>
                            (removal check against rising-edge clock clk_fpga_0  {rise@0.000ns fall@5.000ns period=10.000ns})
  Path Group:             **async_default**
  Path Type:              Removal (Min at Fast Process Corner)
  Requirement:            0.000ns  (clk_fpga_0 rise@0.000ns - clk_fpga_0 rise@0.000ns)
  Data Path Delay:        0.518ns  (logic 0.186ns (35.923%)  route 0.332ns (64.077%))
  Logic Levels:           1  (LUT3=1)
  Clock Path Skew:        0.015ns (DCD - SCD - CPR)
    Destination Clock Delay (DCD):    1.197ns
    Source Clock Delay      (SCD):    0.900ns
    Clock Pessimism Removal (CPR):    0.282ns

    Location             Delay type                Incr(ns)  Path(ns)    Netlist Resource(s)
  -------------------------------------------------------------------    -------------------
                         (clock clk_fpga_0 rise edge)
                                                      0.000     0.000 r  
    PS7_X0Y0             PS7                          0.000     0.000 r  design_1_i/cg_fpga_0/inst/processing_system7_0/inst/PS7_i/FCLKCLK[0]
                         net (fo=1, routed)           0.310     0.310    design_1_i/cg_fpga_0/inst/processing_system7_0/inst/FCLK_CLK_unbuffered[0]
    BUFGCTRL_X0Y17       BUFG (Prop_bufg_I_O)         0.026     0.336 r  design_1_i/cg_fpga_0/inst/processing_system7_0/inst/buffer_fclk_clk_0.FCLK_CLK_0_BUFG/O
                         net (fo=6935, routed)        0.564     0.900    <hidden>
    SLICE_X29Y73         FDRE                                         r  <hidden>
  -------------------------------------------------------------------    -------------------
    SLICE_X29Y73         FDRE (Prop_fdre_C_Q)         0.141     1.041 f  <hidden>
                         net (fo=2, routed)           0.147     1.188    <hidden>
    SLICE_X30Y73         LUT3 (Prop_lut3_I1_O)        0.045     1.233 f  <hidden>
                         net (fo=32, routed)          0.184     1.417    <hidden>
    SLICE_X28Y72         FDCE                                         f  <hidden>
  -------------------------------------------------------------------    -------------------

                         (clock clk_fpga_0 rise edge)
                                                      0.000     0.000 r  
    PS7_X0Y0             PS7                          0.000     0.000 r  design_1_i/cg_fpga_0/inst/processing_system7_0/inst/PS7_i/FCLKCLK[0]
                         net (fo=1, routed)           0.337     0.337    design_1_i/cg_fpga_0/inst/processing_system7_0/inst/FCLK_CLK_unbuffered[0]
    BUFGCTRL_X0Y17       BUFG (Prop_bufg_I_O)         0.029     0.366 r  design_1_i/cg_fpga_0/inst/processing_system7_0/inst/buffer_fclk_clk_0.FCLK_CLK_0_BUFG/O
                         net (fo=6935, routed)        0.831     1.197    <hidden>
    SLICE_X28Y72         FDCE                                         r  <hidden>
                         clock pessimism             -0.282     0.915    
    SLICE_X28Y72         FDCE (Remov_fdce_C_CLR)     -0.092     0.823    <hidden>
  -------------------------------------------------------------------
                         required time                         -0.823    
                         arrival time                           1.417    
  -------------------------------------------------------------------
                         slack                                  0.595    

Slack (MET) :             0.595ns  (arrival time - required time)
  Source:                 <hidden>
                            (rising edge-triggered cell FDRE clocked by clk_fpga_0  {rise@0.000ns fall@5.000ns period=10.000ns})
  Destination:            <hidden>
                            (removal check against rising-edge clock clk_fpga_0  {rise@0.000ns fall@5.000ns period=10.000ns})
  Path Group:             **async_default**
  Path Type:              Removal (Min at Fast Process Corner)
  Requirement:            0.000ns  (clk_fpga_0 rise@0.000ns - clk_fpga_0 rise@0.000ns)
  Data Path Delay:        0.518ns  (logic 0.186ns (35.923%)  route 0.332ns (64.077%))
  Logic Levels:           1  (LUT3=1)
  Clock Path Skew:        0.015ns (DCD - SCD - CPR)
    Destination Clock Delay (DCD):    1.197ns
    Source Clock Delay      (SCD):    0.900ns
    Clock Pessimism Removal (CPR):    0.282ns

    Location             Delay type                Incr(ns)  Path(ns)    Netlist Resource(s)
  -------------------------------------------------------------------    -------------------
                         (clock clk_fpga_0 rise edge)
                                                      0.000     0.000 r  
    PS7_X0Y0             PS7                          0.000     0.000 r  design_1_i/cg_fpga_0/inst/processing_system7_0/inst/PS7_i/FCLKCLK[0]
                         net (fo=1, routed)           0.310     0.310    design_1_i/cg_fpga_0/inst/processing_system7_0/inst/FCLK_CLK_unbuffered[0]
    BUFGCTRL_X0Y17       BUFG (Prop_bufg_I_O)         0.026     0.336 r  design_1_i/cg_fpga_0/inst/processing_system7_0/inst/buffer_fclk_clk_0.FCLK_CLK_0_BUFG/O
                         net (fo=6935, routed)        0.564     0.900    <hidden>
    SLICE_X29Y73         FDRE                                         r  <hidden>
  -------------------------------------------------------------------    -------------------
    SLICE_X29Y73         FDRE (Prop_fdre_C_Q)         0.141     1.041 f  <hidden>
                         net (fo=2, routed)           0.147     1.188    <hidden>
    SLICE_X30Y73         LUT3 (Prop_lut3_I1_O)        0.045     1.233 f  <hidden>
                         net (fo=32, routed)          0.184     1.417    <hidden>
    SLICE_X28Y72         FDCE                                         f  <hidden>
  -------------------------------------------------------------------    -------------------

                         (clock clk_fpga_0 rise edge)
                                                      0.000     0.000 r  
    PS7_X0Y0             PS7                          0.000     0.000 r  design_1_i/cg_fpga_0/inst/processing_system7_0/inst/PS7_i/FCLKCLK[0]
                         net (fo=1, routed)           0.337     0.337    design_1_i/cg_fpga_0/inst/processing_system7_0/inst/FCLK_CLK_unbuffered[0]
    BUFGCTRL_X0Y17       BUFG (Prop_bufg_I_O)         0.029     0.366 r  design_1_i/cg_fpga_0/inst/processing_system7_0/inst/buffer_fclk_clk_0.FCLK_CLK_0_BUFG/O
                         net (fo=6935, routed)        0.831     1.197    <hidden>
    SLICE_X28Y72         FDCE                                         r  <hidden>
                         clock pessimism             -0.282     0.915    
    SLICE_X28Y72         FDCE (Remov_fdce_C_CLR)     -0.092     0.823    <hidden>
  -------------------------------------------------------------------
                         required time                         -0.823    
                         arrival time                           1.417    
  -------------------------------------------------------------------
                         slack                                  0.595    

Slack (MET) :             0.598ns  (arrival time - required time)
  Source:                 <hidden>
                            (rising edge-triggered cell FDRE clocked by clk_fpga_0  {rise@0.000ns fall@5.000ns period=10.000ns})
  Destination:            <hidden>
                            (removal check against rising-edge clock clk_fpga_0  {rise@0.000ns fall@5.000ns period=10.000ns})
  Path Group:             **async_default**
  Path Type:              Removal (Min at Fast Process Corner)
  Requirement:            0.000ns  (clk_fpga_0 rise@0.000ns - clk_fpga_0 rise@0.000ns)
  Data Path Delay:        0.518ns  (logic 0.186ns (35.923%)  route 0.332ns (64.077%))
  Logic Levels:           1  (LUT3=1)
  Clock Path Skew:        0.015ns (DCD - SCD - CPR)
    Destination Clock Delay (DCD):    1.197ns
    Source Clock Delay      (SCD):    0.900ns
    Clock Pessimism Removal (CPR):    0.282ns

    Location             Delay type                Incr(ns)  Path(ns)    Netlist Resource(s)
  -------------------------------------------------------------------    -------------------
                         (clock clk_fpga_0 rise edge)
                                                      0.000     0.000 r  
    PS7_X0Y0             PS7                          0.000     0.000 r  design_1_i/cg_fpga_0/inst/processing_system7_0/inst/PS7_i/FCLKCLK[0]
                         net (fo=1, routed)           0.310     0.310    design_1_i/cg_fpga_0/inst/processing_system7_0/inst/FCLK_CLK_unbuffered[0]
    BUFGCTRL_X0Y17       BUFG (Prop_bufg_I_O)         0.026     0.336 r  design_1_i/cg_fpga_0/inst/processing_system7_0/inst/buffer_fclk_clk_0.FCLK_CLK_0_BUFG/O
                         net (fo=6935, routed)        0.564     0.900    <hidden>
    SLICE_X29Y73         FDRE                                         r  <hidden>
  -------------------------------------------------------------------    -------------------
    SLICE_X29Y73         FDRE (Prop_fdre_C_Q)         0.141     1.041 f  <hidden>
                         net (fo=2, routed)           0.147     1.188    <hidden>
    SLICE_X30Y73         LUT3 (Prop_lut3_I1_O)        0.045     1.233 f  <hidden>
                         net (fo=32, routed)          0.184     1.417    <hidden>
    SLICE_X28Y72         FDPE                                         f  <hidden>
  -------------------------------------------------------------------    -------------------

                         (clock clk_fpga_0 rise edge)
                                                      0.000     0.000 r  
    PS7_X0Y0             PS7                          0.000     0.000 r  design_1_i/cg_fpga_0/inst/processing_system7_0/inst/PS7_i/FCLKCLK[0]
                         net (fo=1, routed)           0.337     0.337    design_1_i/cg_fpga_0/inst/processing_system7_0/inst/FCLK_CLK_unbuffered[0]
    BUFGCTRL_X0Y17       BUFG (Prop_bufg_I_O)         0.029     0.366 r  design_1_i/cg_fpga_0/inst/processing_system7_0/inst/buffer_fclk_clk_0.FCLK_CLK_0_BUFG/O
                         net (fo=6935, routed)        0.831     1.197    <hidden>
    SLICE_X28Y72         FDPE                                         r  <hidden>
                         clock pessimism             -0.282     0.915    
    SLICE_X28Y72         FDPE (Remov_fdpe_C_PRE)     -0.095     0.820    <hidden>
  -------------------------------------------------------------------
                         required time                         -0.820    
                         arrival time                           1.417    
  -------------------------------------------------------------------
                         slack                                  0.598    

Slack (MET) :             0.601ns  (arrival time - required time)
  Source:                 <hidden>
                            (rising edge-triggered cell FDPE clocked by clk_fpga_0  {rise@0.000ns fall@5.000ns period=10.000ns})
  Destination:            <hidden>
                            (removal check against rising-edge clock clk_fpga_0  {rise@0.000ns fall@5.000ns period=10.000ns})
  Path Group:             **async_default**
  Path Type:              Removal (Min at Fast Process Corner)
  Requirement:            0.000ns  (clk_fpga_0 rise@0.000ns - clk_fpga_0 rise@0.000ns)
  Data Path Delay:        0.549ns  (logic 0.227ns (41.355%)  route 0.322ns (58.645%))
  Logic Levels:           1  (LUT3=1)
  Clock Path Skew:        0.015ns (DCD - SCD - CPR)
    Destination Clock Delay (DCD):    1.199ns
    Source Clock Delay      (SCD):    0.902ns
    Clock Pessimism Removal (CPR):    0.282ns

    Location             Delay type                Incr(ns)  Path(ns)    Netlist Resource(s)
  -------------------------------------------------------------------    -------------------
                         (clock clk_fpga_0 rise edge)
                                                      0.000     0.000 r  
    PS7_X0Y0             PS7                          0.000     0.000 r  design_1_i/cg_fpga_0/inst/processing_system7_0/inst/PS7_i/FCLKCLK[0]
                         net (fo=1, routed)           0.310     0.310    design_1_i/cg_fpga_0/inst/processing_system7_0/inst/FCLK_CLK_unbuffered[0]
    BUFGCTRL_X0Y17       BUFG (Prop_bufg_I_O)         0.026     0.336 r  design_1_i/cg_fpga_0/inst/processing_system7_0/inst/buffer_fclk_clk_0.FCLK_CLK_0_BUFG/O
                         net (fo=6935, routed)        0.566     0.902    <hidden>
    SLICE_X29Y72         FDPE                                         r  <hidden>
  -------------------------------------------------------------------    -------------------
    SLICE_X29Y72         FDPE (Prop_fdpe_C_Q)         0.128     1.030 f  <hidden>
                         net (fo=2, routed)           0.118     1.147    <hidden>
    SLICE_X30Y73         LUT3 (Prop_lut3_I2_O)        0.099     1.246 f  <hidden>
                         net (fo=32, routed)          0.204     1.451    <hidden>
    SLICE_X30Y70         FDCE                                         f  <hidden>
  -------------------------------------------------------------------    -------------------

                         (clock clk_fpga_0 rise edge)
                                                      0.000     0.000 r  
    PS7_X0Y0             PS7                          0.000     0.000 r  design_1_i/cg_fpga_0/inst/processing_system7_0/inst/PS7_i/FCLKCLK[0]
                         net (fo=1, routed)           0.337     0.337    design_1_i/cg_fpga_0/inst/processing_system7_0/inst/FCLK_CLK_unbuffered[0]
    BUFGCTRL_X0Y17       BUFG (Prop_bufg_I_O)         0.029     0.366 r  design_1_i/cg_fpga_0/inst/processing_system7_0/inst/buffer_fclk_clk_0.FCLK_CLK_0_BUFG/O
                         net (fo=6935, routed)        0.833     1.199    <hidden>
    SLICE_X30Y70         FDCE                                         r  <hidden>
                         clock pessimism             -0.282     0.917    
    SLICE_X30Y70         FDCE (Remov_fdce_C_CLR)     -0.067     0.850    <hidden>
  -------------------------------------------------------------------
                         required time                         -0.850    
                         arrival time                           1.451    
  -------------------------------------------------------------------
                         slack                                  0.601    

Slack (MET) :             0.601ns  (arrival time - required time)
  Source:                 <hidden>
                            (rising edge-triggered cell FDPE clocked by clk_fpga_0  {rise@0.000ns fall@5.000ns period=10.000ns})
  Destination:            <hidden>
                            (removal check against rising-edge clock clk_fpga_0  {rise@0.000ns fall@5.000ns period=10.000ns})
  Path Group:             **async_default**
  Path Type:              Removal (Min at Fast Process Corner)
  Requirement:            0.000ns  (clk_fpga_0 rise@0.000ns - clk_fpga_0 rise@0.000ns)
  Data Path Delay:        0.549ns  (logic 0.227ns (41.355%)  route 0.322ns (58.645%))
  Logic Levels:           1  (LUT3=1)
  Clock Path Skew:        0.015ns (DCD - SCD - CPR)
    Destination Clock Delay (DCD):    1.199ns
    Source Clock Delay      (SCD):    0.902ns
    Clock Pessimism Removal (CPR):    0.282ns

    Location             Delay type                Incr(ns)  Path(ns)    Netlist Resource(s)
  -------------------------------------------------------------------    -------------------
                         (clock clk_fpga_0 rise edge)
                                                      0.000     0.000 r  
    PS7_X0Y0             PS7                          0.000     0.000 r  design_1_i/cg_fpga_0/inst/processing_system7_0/inst/PS7_i/FCLKCLK[0]
                         net (fo=1, routed)           0.310     0.310    design_1_i/cg_fpga_0/inst/processing_system7_0/inst/FCLK_CLK_unbuffered[0]
    BUFGCTRL_X0Y17       BUFG (Prop_bufg_I_O)         0.026     0.336 r  design_1_i/cg_fpga_0/inst/processing_system7_0/inst/buffer_fclk_clk_0.FCLK_CLK_0_BUFG/O
                         net (fo=6935, routed)        0.566     0.902    <hidden>
    SLICE_X29Y72         FDPE                                         r  <hidden>
  -------------------------------------------------------------------    -------------------
    SLICE_X29Y72         FDPE (Prop_fdpe_C_Q)         0.128     1.030 f  <hidden>
                         net (fo=2, routed)           0.118     1.147    <hidden>
    SLICE_X30Y73         LUT3 (Prop_lut3_I2_O)        0.099     1.246 f  <hidden>
                         net (fo=32, routed)          0.204     1.451    <hidden>
    SLICE_X30Y70         FDCE                                         f  <hidden>
  -------------------------------------------------------------------    -------------------

                         (clock clk_fpga_0 rise edge)
                                                      0.000     0.000 r  
    PS7_X0Y0             PS7                          0.000     0.000 r  design_1_i/cg_fpga_0/inst/processing_system7_0/inst/PS7_i/FCLKCLK[0]
                         net (fo=1, routed)           0.337     0.337    design_1_i/cg_fpga_0/inst/processing_system7_0/inst/FCLK_CLK_unbuffered[0]
    BUFGCTRL_X0Y17       BUFG (Prop_bufg_I_O)         0.029     0.366 r  design_1_i/cg_fpga_0/inst/processing_system7_0/inst/buffer_fclk_clk_0.FCLK_CLK_0_BUFG/O
                         net (fo=6935, routed)        0.833     1.199    <hidden>
    SLICE_X30Y70         FDCE                                         r  <hidden>
                         clock pessimism             -0.282     0.917    
    SLICE_X30Y70         FDCE (Remov_fdce_C_CLR)     -0.067     0.850    <hidden>
  -------------------------------------------------------------------
                         required time                         -0.850    
                         arrival time                           1.451    
  -------------------------------------------------------------------
                         slack                                  0.601    

Slack (MET) :             0.601ns  (arrival time - required time)
  Source:                 <hidden>
                            (rising edge-triggered cell FDPE clocked by clk_fpga_0  {rise@0.000ns fall@5.000ns period=10.000ns})
  Destination:            <hidden>
                            (removal check against rising-edge clock clk_fpga_0  {rise@0.000ns fall@5.000ns period=10.000ns})
  Path Group:             **async_default**
  Path Type:              Removal (Min at Fast Process Corner)
  Requirement:            0.000ns  (clk_fpga_0 rise@0.000ns - clk_fpga_0 rise@0.000ns)
  Data Path Delay:        0.549ns  (logic 0.227ns (41.355%)  route 0.322ns (58.645%))
  Logic Levels:           1  (LUT3=1)
  Clock Path Skew:        0.015ns (DCD - SCD - CPR)
    Destination Clock Delay (DCD):    1.199ns
    Source Clock Delay      (SCD):    0.902ns
    Clock Pessimism Removal (CPR):    0.282ns

    Location             Delay type                Incr(ns)  Path(ns)    Netlist Resource(s)
  -------------------------------------------------------------------    -------------------
                         (clock clk_fpga_0 rise edge)
                                                      0.000     0.000 r  
    PS7_X0Y0             PS7                          0.000     0.000 r  design_1_i/cg_fpga_0/inst/processing_system7_0/inst/PS7_i/FCLKCLK[0]
                         net (fo=1, routed)           0.310     0.310    design_1_i/cg_fpga_0/inst/processing_system7_0/inst/FCLK_CLK_unbuffered[0]
    BUFGCTRL_X0Y17       BUFG (Prop_bufg_I_O)         0.026     0.336 r  design_1_i/cg_fpga_0/inst/processing_system7_0/inst/buffer_fclk_clk_0.FCLK_CLK_0_BUFG/O
                         net (fo=6935, routed)        0.566     0.902    <hidden>
    SLICE_X29Y72         FDPE                                         r  <hidden>
  -------------------------------------------------------------------    -------------------
    SLICE_X29Y72         FDPE (Prop_fdpe_C_Q)         0.128     1.030 f  <hidden>
                         net (fo=2, routed)           0.118     1.147    <hidden>
    SLICE_X30Y73         LUT3 (Prop_lut3_I2_O)        0.099     1.246 f  <hidden>
                         net (fo=32, routed)          0.204     1.451    <hidden>
    SLICE_X30Y70         FDCE                                         f  <hidden>
  -------------------------------------------------------------------    -------------------

                         (clock clk_fpga_0 rise edge)
                                                      0.000     0.000 r  
    PS7_X0Y0             PS7                          0.000     0.000 r  design_1_i/cg_fpga_0/inst/processing_system7_0/inst/PS7_i/FCLKCLK[0]
                         net (fo=1, routed)           0.337     0.337    design_1_i/cg_fpga_0/inst/processing_system7_0/inst/FCLK_CLK_unbuffered[0]
    BUFGCTRL_X0Y17       BUFG (Prop_bufg_I_O)         0.029     0.366 r  design_1_i/cg_fpga_0/inst/processing_system7_0/inst/buffer_fclk_clk_0.FCLK_CLK_0_BUFG/O
                         net (fo=6935, routed)        0.833     1.199    <hidden>
    SLICE_X30Y70         FDCE                                         r  <hidden>
                         clock pessimism             -0.282     0.917    
    SLICE_X30Y70         FDCE (Remov_fdce_C_CLR)     -0.067     0.850    <hidden>
  -------------------------------------------------------------------
                         required time                         -0.850    
                         arrival time                           1.451    
  -------------------------------------------------------------------
                         slack                                  0.601    





--------------------------------------------------------------------------------------
Path Group:  (none)
From Clock:  
  To Clock:  clk_fpga_0

Max Delay            32 Endpoints
Min Delay            32 Endpoints
--------------------------------------------------------------------------------------


Max Delay Paths
--------------------------------------------------------------------------------------
Slack:                    inf
  Source:                 design_1_i/controlor/upc_0/inst/q_reg[15]/C
                            (rising edge-triggered cell FDRE)
  Destination:            design_1_i/cg_fpga_0/inst/cg_fpga_axi_gpio_i1/U0/gpio_core_1/Dual.INPUT_DOUBLE_REGS4/GENERATE_LEVEL_P_S_CDC.MULTI_BIT.FOR_IN_cdc_to[13].CROSS2_PLEVEL_IN2SCNDRY_IN_cdc_to/D
                            (rising edge-triggered cell FDRE clocked by clk_fpga_0  {rise@0.000ns fall@5.000ns period=10.000ns})
  Path Group:             (none)
  Path Type:              Setup (Max at Slow Process Corner)
  Data Path Delay:        5.578ns  (logic 1.165ns (20.887%)  route 4.413ns (79.113%))
  Logic Levels:           4  (FDRE=1 LUT1=1 LUT2=1 LUT4=1)
  Clock Uncertainty:      0.152ns  ((TSJ^2 + TIJ^2)^1/2 + DJ) / 2 + PE
    Total System Jitter     (TSJ):    0.050ns
    Total Input Jitter      (TIJ):    0.300ns
    Discrete Jitter          (DJ):    0.000ns
    Phase Error              (PE):    0.000ns
  Timing Exception:       False Path

    Location             Delay type                Incr(ns)  Path(ns)    Netlist Resource(s)
  -------------------------------------------------------------------    -------------------
    SLICE_X39Y106        FDRE                         0.000     0.000 r  design_1_i/controlor/upc_0/inst/q_reg[15]/C
    SLICE_X39Y106        FDRE (Prop_fdre_C_Q)         0.422     0.422 r  design_1_i/controlor/upc_0/inst/q_reg[15]/Q
                         net (fo=27, routed)          1.829     2.251    design_1_i/controlor/decode_39/decoder_3to8_0/addr[2]
    SLICE_X46Y102        LUT4 (Prop_lut4_I1_O)        0.299     2.550 f  design_1_i/controlor/decode_39/decoder_3to8_0/out[1]_INST_0/O
                         net (fo=16, routed)          1.258     3.808    design_1_i/register_16bit_0/inst/read_en
    SLICE_X42Y103        LUT2 (Prop_lut2_I1_O)        0.116     3.924 f  design_1_i/register_16bit_0/inst/data_out[13]_INST_0/O
                         net (fo=3, routed)           0.675     4.599    design_1_i/adpt_out_final_0_0/inst/ram[13]
    SLICE_X44Y103        LUT1 (Prop_lut1_I0_O)        0.328     4.927 r  design_1_i/adpt_out_final_0_0/inst/led[13]_INST_0/O
                         net (fo=1, routed)           0.650     5.578    design_1_i/cg_fpga_0/inst/cg_fpga_axi_gpio_i1/U0/gpio_core_1/Dual.INPUT_DOUBLE_REGS4/gpio_io_i[13]
    SLICE_X44Y98         FDRE                                         r  design_1_i/cg_fpga_0/inst/cg_fpga_axi_gpio_i1/U0/gpio_core_1/Dual.INPUT_DOUBLE_REGS4/GENERATE_LEVEL_P_S_CDC.MULTI_BIT.FOR_IN_cdc_to[13].CROSS2_PLEVEL_IN2SCNDRY_IN_cdc_to/D
  -------------------------------------------------------------------    -------------------

                         (clock clk_fpga_0 rise edge)
                                                      0.000     0.000 r  
    PS7_X0Y0             PS7                          0.000     0.000 r  design_1_i/cg_fpga_0/inst/processing_system7_0/inst/PS7_i/FCLKCLK[0]
                         net (fo=1, routed)           1.088     1.088    design_1_i/cg_fpga_0/inst/processing_system7_0/inst/FCLK_CLK_unbuffered[0]
    BUFGCTRL_X0Y17       BUFG (Prop_bufg_I_O)         0.091     1.179 r  design_1_i/cg_fpga_0/inst/processing_system7_0/inst/buffer_fclk_clk_0.FCLK_CLK_0_BUFG/O
                         net (fo=6935, routed)        1.479     2.658    design_1_i/cg_fpga_0/inst/cg_fpga_axi_gpio_i1/U0/gpio_core_1/Dual.INPUT_DOUBLE_REGS4/s_axi_aclk
    SLICE_X44Y98         FDRE                                         r  design_1_i/cg_fpga_0/inst/cg_fpga_axi_gpio_i1/U0/gpio_core_1/Dual.INPUT_DOUBLE_REGS4/GENERATE_LEVEL_P_S_CDC.MULTI_BIT.FOR_IN_cdc_to[13].CROSS2_PLEVEL_IN2SCNDRY_IN_cdc_to/C

Slack:                    inf
  Source:                 design_1_i/controlor/upc_0/inst/q_reg[15]/C
                            (rising edge-triggered cell FDRE)
  Destination:            design_1_i/cg_fpga_0/inst/cg_fpga_axi_gpio_i1/U0/gpio_core_1/Dual.INPUT_DOUBLE_REGS4/GENERATE_LEVEL_P_S_CDC.MULTI_BIT.FOR_IN_cdc_to[5].CROSS2_PLEVEL_IN2SCNDRY_IN_cdc_to/D
                            (rising edge-triggered cell FDRE clocked by clk_fpga_0  {rise@0.000ns fall@5.000ns period=10.000ns})
  Path Group:             (none)
  Path Type:              Setup (Max at Slow Process Corner)
  Data Path Delay:        5.492ns  (logic 1.197ns (21.795%)  route 4.295ns (78.205%))
  Logic Levels:           4  (FDRE=1 LUT1=1 LUT2=1 LUT4=1)
  Clock Uncertainty:      0.152ns  ((TSJ^2 + TIJ^2)^1/2 + DJ) / 2 + PE
    Total System Jitter     (TSJ):    0.050ns
    Total Input Jitter      (TIJ):    0.300ns
    Discrete Jitter          (DJ):    0.000ns
    Phase Error              (PE):    0.000ns
  Timing Exception:       False Path

    Location             Delay type                Incr(ns)  Path(ns)    Netlist Resource(s)
  -------------------------------------------------------------------    -------------------
    SLICE_X39Y106        FDRE                         0.000     0.000 r  design_1_i/controlor/upc_0/inst/q_reg[15]/C
    SLICE_X39Y106        FDRE (Prop_fdre_C_Q)         0.422     0.422 r  design_1_i/controlor/upc_0/inst/q_reg[15]/Q
                         net (fo=27, routed)          1.829     2.251    design_1_i/controlor/decode_39/decoder_3to8_0/addr[2]
    SLICE_X46Y102        LUT4 (Prop_lut4_I1_O)        0.299     2.550 f  design_1_i/controlor/decode_39/decoder_3to8_0/out[1]_INST_0/O
                         net (fo=16, routed)          1.065     3.616    design_1_i/register_16bit_0/inst/read_en
    SLICE_X47Y103        LUT2 (Prop_lut2_I1_O)        0.150     3.766 f  design_1_i/register_16bit_0/inst/data_out[5]_INST_0/O
                         net (fo=3, routed)           1.109     4.875    design_1_i/adpt_out_final_0_0/inst/ram[5]
    SLICE_X47Y98         LUT1 (Prop_lut1_I0_O)        0.326     5.201 r  design_1_i/adpt_out_final_0_0/inst/led[5]_INST_0/O
                         net (fo=1, routed)           0.291     5.492    design_1_i/cg_fpga_0/inst/cg_fpga_axi_gpio_i1/U0/gpio_core_1/Dual.INPUT_DOUBLE_REGS4/gpio_io_i[5]
    SLICE_X47Y98         FDRE                                         r  design_1_i/cg_fpga_0/inst/cg_fpga_axi_gpio_i1/U0/gpio_core_1/Dual.INPUT_DOUBLE_REGS4/GENERATE_LEVEL_P_S_CDC.MULTI_BIT.FOR_IN_cdc_to[5].CROSS2_PLEVEL_IN2SCNDRY_IN_cdc_to/D
  -------------------------------------------------------------------    -------------------

                         (clock clk_fpga_0 rise edge)
                                                      0.000     0.000 r  
    PS7_X0Y0             PS7                          0.000     0.000 r  design_1_i/cg_fpga_0/inst/processing_system7_0/inst/PS7_i/FCLKCLK[0]
                         net (fo=1, routed)           1.088     1.088    design_1_i/cg_fpga_0/inst/processing_system7_0/inst/FCLK_CLK_unbuffered[0]
    BUFGCTRL_X0Y17       BUFG (Prop_bufg_I_O)         0.091     1.179 r  design_1_i/cg_fpga_0/inst/processing_system7_0/inst/buffer_fclk_clk_0.FCLK_CLK_0_BUFG/O
                         net (fo=6935, routed)        1.479     2.658    design_1_i/cg_fpga_0/inst/cg_fpga_axi_gpio_i1/U0/gpio_core_1/Dual.INPUT_DOUBLE_REGS4/s_axi_aclk
    SLICE_X47Y98         FDRE                                         r  design_1_i/cg_fpga_0/inst/cg_fpga_axi_gpio_i1/U0/gpio_core_1/Dual.INPUT_DOUBLE_REGS4/GENERATE_LEVEL_P_S_CDC.MULTI_BIT.FOR_IN_cdc_to[5].CROSS2_PLEVEL_IN2SCNDRY_IN_cdc_to/C

Slack:                    inf
  Source:                 design_1_i/controlor/upc_0/inst/q_reg[15]/C
                            (rising edge-triggered cell FDRE)
  Destination:            design_1_i/cg_fpga_0/inst/cg_fpga_axi_gpio_i1/U0/gpio_core_1/Dual.INPUT_DOUBLE_REGS4/GENERATE_LEVEL_P_S_CDC.MULTI_BIT.FOR_IN_cdc_to[12].CROSS2_PLEVEL_IN2SCNDRY_IN_cdc_to/D
                            (rising edge-triggered cell FDRE clocked by clk_fpga_0  {rise@0.000ns fall@5.000ns period=10.000ns})
  Path Group:             (none)
  Path Type:              Setup (Max at Slow Process Corner)
  Data Path Delay:        5.202ns  (logic 0.969ns (18.627%)  route 4.233ns (81.373%))
  Logic Levels:           4  (FDRE=1 LUT1=1 LUT2=1 LUT4=1)
  Clock Uncertainty:      0.152ns  ((TSJ^2 + TIJ^2)^1/2 + DJ) / 2 + PE
    Total System Jitter     (TSJ):    0.050ns
    Total Input Jitter      (TIJ):    0.300ns
    Discrete Jitter          (DJ):    0.000ns
    Phase Error              (PE):    0.000ns
  Timing Exception:       False Path

    Location             Delay type                Incr(ns)  Path(ns)    Netlist Resource(s)
  -------------------------------------------------------------------    -------------------
    SLICE_X39Y106        FDRE                         0.000     0.000 r  design_1_i/controlor/upc_0/inst/q_reg[15]/C
    SLICE_X39Y106        FDRE (Prop_fdre_C_Q)         0.422     0.422 r  design_1_i/controlor/upc_0/inst/q_reg[15]/Q
                         net (fo=27, routed)          1.829     2.251    design_1_i/controlor/decode_39/decoder_3to8_0/addr[2]
    SLICE_X46Y102        LUT4 (Prop_lut4_I1_O)        0.299     2.550 f  design_1_i/controlor/decode_39/decoder_3to8_0/out[1]_INST_0/O
                         net (fo=16, routed)          1.258     3.808    design_1_i/register_16bit_0/inst/read_en
    SLICE_X42Y103        LUT2 (Prop_lut2_I1_O)        0.124     3.932 f  design_1_i/register_16bit_0/inst/data_out[12]_INST_0/O
                         net (fo=3, routed)           0.854     4.787    design_1_i/adpt_out_final_0_0/inst/ram[12]
    SLICE_X43Y98         LUT1 (Prop_lut1_I0_O)        0.124     4.911 r  design_1_i/adpt_out_final_0_0/inst/led[12]_INST_0/O
                         net (fo=1, routed)           0.291     5.202    design_1_i/cg_fpga_0/inst/cg_fpga_axi_gpio_i1/U0/gpio_core_1/Dual.INPUT_DOUBLE_REGS4/gpio_io_i[12]
    SLICE_X43Y98         FDRE                                         r  design_1_i/cg_fpga_0/inst/cg_fpga_axi_gpio_i1/U0/gpio_core_1/Dual.INPUT_DOUBLE_REGS4/GENERATE_LEVEL_P_S_CDC.MULTI_BIT.FOR_IN_cdc_to[12].CROSS2_PLEVEL_IN2SCNDRY_IN_cdc_to/D
  -------------------------------------------------------------------    -------------------

                         (clock clk_fpga_0 rise edge)
                                                      0.000     0.000 r  
    PS7_X0Y0             PS7                          0.000     0.000 r  design_1_i/cg_fpga_0/inst/processing_system7_0/inst/PS7_i/FCLKCLK[0]
                         net (fo=1, routed)           1.088     1.088    design_1_i/cg_fpga_0/inst/processing_system7_0/inst/FCLK_CLK_unbuffered[0]
    BUFGCTRL_X0Y17       BUFG (Prop_bufg_I_O)         0.091     1.179 r  design_1_i/cg_fpga_0/inst/processing_system7_0/inst/buffer_fclk_clk_0.FCLK_CLK_0_BUFG/O
                         net (fo=6935, routed)        1.480     2.659    design_1_i/cg_fpga_0/inst/cg_fpga_axi_gpio_i1/U0/gpio_core_1/Dual.INPUT_DOUBLE_REGS4/s_axi_aclk
    SLICE_X43Y98         FDRE                                         r  design_1_i/cg_fpga_0/inst/cg_fpga_axi_gpio_i1/U0/gpio_core_1/Dual.INPUT_DOUBLE_REGS4/GENERATE_LEVEL_P_S_CDC.MULTI_BIT.FOR_IN_cdc_to[12].CROSS2_PLEVEL_IN2SCNDRY_IN_cdc_to/C

Slack:                    inf
  Source:                 design_1_i/controlor/upc_0/inst/q_reg[15]/C
                            (rising edge-triggered cell FDRE)
  Destination:            design_1_i/cg_fpga_0/inst/cg_fpga_axi_gpio_i1/U0/gpio_core_1/Dual.INPUT_DOUBLE_REGS4/GENERATE_LEVEL_P_S_CDC.MULTI_BIT.FOR_IN_cdc_to[11].CROSS2_PLEVEL_IN2SCNDRY_IN_cdc_to/D
                            (rising edge-triggered cell FDRE clocked by clk_fpga_0  {rise@0.000ns fall@5.000ns period=10.000ns})
  Path Group:             (none)
  Path Type:              Setup (Max at Slow Process Corner)
  Data Path Delay:        5.149ns  (logic 1.165ns (22.627%)  route 3.984ns (77.373%))
  Logic Levels:           4  (FDRE=1 LUT1=1 LUT2=1 LUT4=1)
  Clock Uncertainty:      0.152ns  ((TSJ^2 + TIJ^2)^1/2 + DJ) / 2 + PE
    Total System Jitter     (TSJ):    0.050ns
    Total Input Jitter      (TIJ):    0.300ns
    Discrete Jitter          (DJ):    0.000ns
    Phase Error              (PE):    0.000ns
  Timing Exception:       False Path

    Location             Delay type                Incr(ns)  Path(ns)    Netlist Resource(s)
  -------------------------------------------------------------------    -------------------
    SLICE_X39Y106        FDRE                         0.000     0.000 r  design_1_i/controlor/upc_0/inst/q_reg[15]/C
    SLICE_X39Y106        FDRE (Prop_fdre_C_Q)         0.422     0.422 r  design_1_i/controlor/upc_0/inst/q_reg[15]/Q
                         net (fo=27, routed)          1.829     2.251    design_1_i/controlor/decode_39/decoder_3to8_0/addr[2]
    SLICE_X46Y102        LUT4 (Prop_lut4_I1_O)        0.299     2.550 f  design_1_i/controlor/decode_39/decoder_3to8_0/out[1]_INST_0/O
                         net (fo=16, routed)          0.574     3.124    design_1_i/register_16bit_0/inst/read_en
    SLICE_X47Y101        LUT2 (Prop_lut2_I1_O)        0.118     3.242 f  design_1_i/register_16bit_0/inst/data_out[11]_INST_0/O
                         net (fo=3, routed)           0.988     4.230    design_1_i/adpt_out_final_0_0/inst/ram[11]
    SLICE_X44Y99         LUT1 (Prop_lut1_I0_O)        0.326     4.556 r  design_1_i/adpt_out_final_0_0/inst/led[11]_INST_0/O
                         net (fo=1, routed)           0.593     5.149    design_1_i/cg_fpga_0/inst/cg_fpga_axi_gpio_i1/U0/gpio_core_1/Dual.INPUT_DOUBLE_REGS4/gpio_io_i[11]
    SLICE_X44Y99         FDRE                                         r  design_1_i/cg_fpga_0/inst/cg_fpga_axi_gpio_i1/U0/gpio_core_1/Dual.INPUT_DOUBLE_REGS4/GENERATE_LEVEL_P_S_CDC.MULTI_BIT.FOR_IN_cdc_to[11].CROSS2_PLEVEL_IN2SCNDRY_IN_cdc_to/D
  -------------------------------------------------------------------    -------------------

                         (clock clk_fpga_0 rise edge)
                                                      0.000     0.000 r  
    PS7_X0Y0             PS7                          0.000     0.000 r  design_1_i/cg_fpga_0/inst/processing_system7_0/inst/PS7_i/FCLKCLK[0]
                         net (fo=1, routed)           1.088     1.088    design_1_i/cg_fpga_0/inst/processing_system7_0/inst/FCLK_CLK_unbuffered[0]
    BUFGCTRL_X0Y17       BUFG (Prop_bufg_I_O)         0.091     1.179 r  design_1_i/cg_fpga_0/inst/processing_system7_0/inst/buffer_fclk_clk_0.FCLK_CLK_0_BUFG/O
                         net (fo=6935, routed)        1.479     2.658    design_1_i/cg_fpga_0/inst/cg_fpga_axi_gpio_i1/U0/gpio_core_1/Dual.INPUT_DOUBLE_REGS4/s_axi_aclk
    SLICE_X44Y99         FDRE                                         r  design_1_i/cg_fpga_0/inst/cg_fpga_axi_gpio_i1/U0/gpio_core_1/Dual.INPUT_DOUBLE_REGS4/GENERATE_LEVEL_P_S_CDC.MULTI_BIT.FOR_IN_cdc_to[11].CROSS2_PLEVEL_IN2SCNDRY_IN_cdc_to/C

Slack:                    inf
  Source:                 design_1_i/controlor/upc_0/inst/q_reg[15]/C
                            (rising edge-triggered cell FDRE)
  Destination:            design_1_i/cg_fpga_0/inst/cg_fpga_axi_gpio_i1/U0/gpio_core_1/Dual.INPUT_DOUBLE_REGS4/GENERATE_LEVEL_P_S_CDC.MULTI_BIT.FOR_IN_cdc_to[14].CROSS2_PLEVEL_IN2SCNDRY_IN_cdc_to/D
                            (rising edge-triggered cell FDRE clocked by clk_fpga_0  {rise@0.000ns fall@5.000ns period=10.000ns})
  Path Group:             (none)
  Path Type:              Setup (Max at Slow Process Corner)
  Data Path Delay:        4.843ns  (logic 0.845ns (17.448%)  route 3.998ns (82.552%))
  Logic Levels:           3  (FDRE=1 LUT2=1 LUT4=1)
  Clock Uncertainty:      0.152ns  ((TSJ^2 + TIJ^2)^1/2 + DJ) / 2 + PE
    Total System Jitter     (TSJ):    0.050ns
    Total Input Jitter      (TIJ):    0.300ns
    Discrete Jitter          (DJ):    0.000ns
    Phase Error              (PE):    0.000ns
  Timing Exception:       False Path

    Location             Delay type                Incr(ns)  Path(ns)    Netlist Resource(s)
  -------------------------------------------------------------------    -------------------
    SLICE_X39Y106        FDRE                         0.000     0.000 r  design_1_i/controlor/upc_0/inst/q_reg[15]/C
    SLICE_X39Y106        FDRE (Prop_fdre_C_Q)         0.422     0.422 r  design_1_i/controlor/upc_0/inst/q_reg[15]/Q
                         net (fo=27, routed)          1.829     2.251    design_1_i/controlor/decode_39/decoder_3to8_0/addr[2]
    SLICE_X46Y102        LUT4 (Prop_lut4_I1_O)        0.299     2.550 f  design_1_i/controlor/decode_39/decoder_3to8_0/out[1]_INST_0/O
                         net (fo=16, routed)          1.446     3.997    design_1_i/register_16bit_0/inst/read_en
    SLICE_X42Y103        LUT2 (Prop_lut2_I1_O)        0.124     4.121 r  design_1_i/register_16bit_0/inst/data_out[14]_INST_0/O
                         net (fo=2, routed)           0.722     4.843    design_1_i/cg_fpga_0/inst/cg_fpga_axi_gpio_i1/U0/gpio_core_1/Dual.INPUT_DOUBLE_REGS4/gpio_io_i[14]
    SLICE_X43Y99         FDRE                                         r  design_1_i/cg_fpga_0/inst/cg_fpga_axi_gpio_i1/U0/gpio_core_1/Dual.INPUT_DOUBLE_REGS4/GENERATE_LEVEL_P_S_CDC.MULTI_BIT.FOR_IN_cdc_to[14].CROSS2_PLEVEL_IN2SCNDRY_IN_cdc_to/D
  -------------------------------------------------------------------    -------------------

                         (clock clk_fpga_0 rise edge)
                                                      0.000     0.000 r  
    PS7_X0Y0             PS7                          0.000     0.000 r  design_1_i/cg_fpga_0/inst/processing_system7_0/inst/PS7_i/FCLKCLK[0]
                         net (fo=1, routed)           1.088     1.088    design_1_i/cg_fpga_0/inst/processing_system7_0/inst/FCLK_CLK_unbuffered[0]
    BUFGCTRL_X0Y17       BUFG (Prop_bufg_I_O)         0.091     1.179 r  design_1_i/cg_fpga_0/inst/processing_system7_0/inst/buffer_fclk_clk_0.FCLK_CLK_0_BUFG/O
                         net (fo=6935, routed)        1.480     2.659    design_1_i/cg_fpga_0/inst/cg_fpga_axi_gpio_i1/U0/gpio_core_1/Dual.INPUT_DOUBLE_REGS4/s_axi_aclk
    SLICE_X43Y99         FDRE                                         r  design_1_i/cg_fpga_0/inst/cg_fpga_axi_gpio_i1/U0/gpio_core_1/Dual.INPUT_DOUBLE_REGS4/GENERATE_LEVEL_P_S_CDC.MULTI_BIT.FOR_IN_cdc_to[14].CROSS2_PLEVEL_IN2SCNDRY_IN_cdc_to/C

Slack:                    inf
  Source:                 design_1_i/controlor/upc_0/inst/q_reg[15]/C
                            (rising edge-triggered cell FDRE)
  Destination:            design_1_i/cg_fpga_0/inst/cg_fpga_axi_gpio_i1/U0/gpio_core_1/Dual.INPUT_DOUBLE_REGS4/GENERATE_LEVEL_P_S_CDC.MULTI_BIT.FOR_IN_cdc_to[15].CROSS2_PLEVEL_IN2SCNDRY_IN_cdc_to/D
                            (rising edge-triggered cell FDRE clocked by clk_fpga_0  {rise@0.000ns fall@5.000ns period=10.000ns})
  Path Group:             (none)
  Path Type:              Setup (Max at Slow Process Corner)
  Data Path Delay:        4.820ns  (logic 0.873ns (18.111%)  route 3.947ns (81.889%))
  Logic Levels:           3  (FDRE=1 LUT2=1 LUT4=1)
  Clock Uncertainty:      0.152ns  ((TSJ^2 + TIJ^2)^1/2 + DJ) / 2 + PE
    Total System Jitter     (TSJ):    0.050ns
    Total Input Jitter      (TIJ):    0.300ns
    Discrete Jitter          (DJ):    0.000ns
    Phase Error              (PE):    0.000ns
  Timing Exception:       False Path

    Location             Delay type                Incr(ns)  Path(ns)    Netlist Resource(s)
  -------------------------------------------------------------------    -------------------
    SLICE_X39Y106        FDRE                         0.000     0.000 r  design_1_i/controlor/upc_0/inst/q_reg[15]/C
    SLICE_X39Y106        FDRE (Prop_fdre_C_Q)         0.422     0.422 r  design_1_i/controlor/upc_0/inst/q_reg[15]/Q
                         net (fo=27, routed)          1.829     2.251    design_1_i/controlor/decode_39/decoder_3to8_0/addr[2]
    SLICE_X46Y102        LUT4 (Prop_lut4_I1_O)        0.299     2.550 f  design_1_i/controlor/decode_39/decoder_3to8_0/out[1]_INST_0/O
                         net (fo=16, routed)          1.446     3.997    design_1_i/register_16bit_0/inst/read_en
    SLICE_X42Y103        LUT2 (Prop_lut2_I1_O)        0.152     4.149 r  design_1_i/register_16bit_0/inst/data_out[15]_INST_0/O
                         net (fo=2, routed)           0.671     4.820    design_1_i/cg_fpga_0/inst/cg_fpga_axi_gpio_i1/U0/gpio_core_1/Dual.INPUT_DOUBLE_REGS4/gpio_io_i[15]
    SLICE_X42Y99         FDRE                                         r  design_1_i/cg_fpga_0/inst/cg_fpga_axi_gpio_i1/U0/gpio_core_1/Dual.INPUT_DOUBLE_REGS4/GENERATE_LEVEL_P_S_CDC.MULTI_BIT.FOR_IN_cdc_to[15].CROSS2_PLEVEL_IN2SCNDRY_IN_cdc_to/D
  -------------------------------------------------------------------    -------------------

                         (clock clk_fpga_0 rise edge)
                                                      0.000     0.000 r  
    PS7_X0Y0             PS7                          0.000     0.000 r  design_1_i/cg_fpga_0/inst/processing_system7_0/inst/PS7_i/FCLKCLK[0]
                         net (fo=1, routed)           1.088     1.088    design_1_i/cg_fpga_0/inst/processing_system7_0/inst/FCLK_CLK_unbuffered[0]
    BUFGCTRL_X0Y17       BUFG (Prop_bufg_I_O)         0.091     1.179 r  design_1_i/cg_fpga_0/inst/processing_system7_0/inst/buffer_fclk_clk_0.FCLK_CLK_0_BUFG/O
                         net (fo=6935, routed)        1.480     2.659    design_1_i/cg_fpga_0/inst/cg_fpga_axi_gpio_i1/U0/gpio_core_1/Dual.INPUT_DOUBLE_REGS4/s_axi_aclk
    SLICE_X42Y99         FDRE                                         r  design_1_i/cg_fpga_0/inst/cg_fpga_axi_gpio_i1/U0/gpio_core_1/Dual.INPUT_DOUBLE_REGS4/GENERATE_LEVEL_P_S_CDC.MULTI_BIT.FOR_IN_cdc_to[15].CROSS2_PLEVEL_IN2SCNDRY_IN_cdc_to/C

Slack:                    inf
  Source:                 design_1_i/controlor/upc_0/inst/q_reg[15]/C
                            (rising edge-triggered cell FDRE)
  Destination:            design_1_i/cg_fpga_0/inst/cg_fpga_axi_gpio_i1/U0/gpio_core_1/Dual.INPUT_DOUBLE_REGS4/GENERATE_LEVEL_P_S_CDC.MULTI_BIT.FOR_IN_cdc_to[6].CROSS2_PLEVEL_IN2SCNDRY_IN_cdc_to/D
                            (rising edge-triggered cell FDRE clocked by clk_fpga_0  {rise@0.000ns fall@5.000ns period=10.000ns})
  Path Group:             (none)
  Path Type:              Setup (Max at Slow Process Corner)
  Data Path Delay:        4.735ns  (logic 0.969ns (20.465%)  route 3.766ns (79.535%))
  Logic Levels:           4  (FDRE=1 LUT1=1 LUT2=1 LUT4=1)
  Clock Uncertainty:      0.152ns  ((TSJ^2 + TIJ^2)^1/2 + DJ) / 2 + PE
    Total System Jitter     (TSJ):    0.050ns
    Total Input Jitter      (TIJ):    0.300ns
    Discrete Jitter          (DJ):    0.000ns
    Phase Error              (PE):    0.000ns
  Timing Exception:       False Path

    Location             Delay type                Incr(ns)  Path(ns)    Netlist Resource(s)
  -------------------------------------------------------------------    -------------------
    SLICE_X39Y106        FDRE                         0.000     0.000 r  design_1_i/controlor/upc_0/inst/q_reg[15]/C
    SLICE_X39Y106        FDRE (Prop_fdre_C_Q)         0.422     0.422 r  design_1_i/controlor/upc_0/inst/q_reg[15]/Q
                         net (fo=27, routed)          1.829     2.251    design_1_i/controlor/decode_39/decoder_3to8_0/addr[2]
    SLICE_X46Y102        LUT4 (Prop_lut4_I1_O)        0.299     2.550 f  design_1_i/controlor/decode_39/decoder_3to8_0/out[1]_INST_0/O
                         net (fo=16, routed)          0.614     3.165    design_1_i/register_16bit_0/inst/read_en
    SLICE_X48Y102        LUT2 (Prop_lut2_I1_O)        0.124     3.289 f  design_1_i/register_16bit_0/inst/data_out[6]_INST_0/O
                         net (fo=3, routed)           0.650     3.938    design_1_i/adpt_out_final_0_0/inst/ram[6]
    SLICE_X48Y101        LUT1 (Prop_lut1_I0_O)        0.124     4.062 r  design_1_i/adpt_out_final_0_0/inst/led[6]_INST_0/O
                         net (fo=1, routed)           0.672     4.735    design_1_i/cg_fpga_0/inst/cg_fpga_axi_gpio_i1/U0/gpio_core_1/Dual.INPUT_DOUBLE_REGS4/gpio_io_i[6]
    SLICE_X51Y98         FDRE                                         r  design_1_i/cg_fpga_0/inst/cg_fpga_axi_gpio_i1/U0/gpio_core_1/Dual.INPUT_DOUBLE_REGS4/GENERATE_LEVEL_P_S_CDC.MULTI_BIT.FOR_IN_cdc_to[6].CROSS2_PLEVEL_IN2SCNDRY_IN_cdc_to/D
  -------------------------------------------------------------------    -------------------

                         (clock clk_fpga_0 rise edge)
                                                      0.000     0.000 r  
    PS7_X0Y0             PS7                          0.000     0.000 r  design_1_i/cg_fpga_0/inst/processing_system7_0/inst/PS7_i/FCLKCLK[0]
                         net (fo=1, routed)           1.088     1.088    design_1_i/cg_fpga_0/inst/processing_system7_0/inst/FCLK_CLK_unbuffered[0]
    BUFGCTRL_X0Y17       BUFG (Prop_bufg_I_O)         0.091     1.179 r  design_1_i/cg_fpga_0/inst/processing_system7_0/inst/buffer_fclk_clk_0.FCLK_CLK_0_BUFG/O
                         net (fo=6935, routed)        1.467     2.646    design_1_i/cg_fpga_0/inst/cg_fpga_axi_gpio_i1/U0/gpio_core_1/Dual.INPUT_DOUBLE_REGS4/s_axi_aclk
    SLICE_X51Y98         FDRE                                         r  design_1_i/cg_fpga_0/inst/cg_fpga_axi_gpio_i1/U0/gpio_core_1/Dual.INPUT_DOUBLE_REGS4/GENERATE_LEVEL_P_S_CDC.MULTI_BIT.FOR_IN_cdc_to[6].CROSS2_PLEVEL_IN2SCNDRY_IN_cdc_to/C

Slack:                    inf
  Source:                 design_1_i/controlor/upc_0/inst/q_reg[15]/C
                            (rising edge-triggered cell FDRE)
  Destination:            design_1_i/cg_fpga_0/inst/cg_fpga_axi_gpio_i1/U0/gpio_core_1/Dual.INPUT_DOUBLE_REGS4/GENERATE_LEVEL_P_S_CDC.MULTI_BIT.FOR_IN_cdc_to[2].CROSS2_PLEVEL_IN2SCNDRY_IN_cdc_to/D
                            (rising edge-triggered cell FDRE clocked by clk_fpga_0  {rise@0.000ns fall@5.000ns period=10.000ns})
  Path Group:             (none)
  Path Type:              Setup (Max at Slow Process Corner)
  Data Path Delay:        4.517ns  (logic 0.845ns (18.708%)  route 3.672ns (81.292%))
  Logic Levels:           3  (FDRE=1 LUT2=1 LUT4=1)
  Clock Uncertainty:      0.152ns  ((TSJ^2 + TIJ^2)^1/2 + DJ) / 2 + PE
    Total System Jitter     (TSJ):    0.050ns
    Total Input Jitter      (TIJ):    0.300ns
    Discrete Jitter          (DJ):    0.000ns
    Phase Error              (PE):    0.000ns
  Timing Exception:       False Path

    Location             Delay type                Incr(ns)  Path(ns)    Netlist Resource(s)
  -------------------------------------------------------------------    -------------------
    SLICE_X39Y106        FDRE                         0.000     0.000 r  design_1_i/controlor/upc_0/inst/q_reg[15]/C
    SLICE_X39Y106        FDRE (Prop_fdre_C_Q)         0.422     0.422 r  design_1_i/controlor/upc_0/inst/q_reg[15]/Q
                         net (fo=27, routed)          1.829     2.251    design_1_i/controlor/decode_39/decoder_3to8_0/addr[2]
    SLICE_X46Y102        LUT4 (Prop_lut4_I1_O)        0.299     2.550 f  design_1_i/controlor/decode_39/decoder_3to8_0/out[1]_INST_0/O
                         net (fo=16, routed)          1.040     3.591    design_1_i/register_16bit_0/inst/read_en
    SLICE_X49Y103        LUT2 (Prop_lut2_I1_O)        0.124     3.715 r  design_1_i/register_16bit_0/inst/data_out[2]_INST_0/O
                         net (fo=2, routed)           0.802     4.517    design_1_i/cg_fpga_0/inst/cg_fpga_axi_gpio_i1/U0/gpio_core_1/Dual.INPUT_DOUBLE_REGS4/gpio_io_i[2]
    SLICE_X51Y99         FDRE                                         r  design_1_i/cg_fpga_0/inst/cg_fpga_axi_gpio_i1/U0/gpio_core_1/Dual.INPUT_DOUBLE_REGS4/GENERATE_LEVEL_P_S_CDC.MULTI_BIT.FOR_IN_cdc_to[2].CROSS2_PLEVEL_IN2SCNDRY_IN_cdc_to/D
  -------------------------------------------------------------------    -------------------

                         (clock clk_fpga_0 rise edge)
                                                      0.000     0.000 r  
    PS7_X0Y0             PS7                          0.000     0.000 r  design_1_i/cg_fpga_0/inst/processing_system7_0/inst/PS7_i/FCLKCLK[0]
                         net (fo=1, routed)           1.088     1.088    design_1_i/cg_fpga_0/inst/processing_system7_0/inst/FCLK_CLK_unbuffered[0]
    BUFGCTRL_X0Y17       BUFG (Prop_bufg_I_O)         0.091     1.179 r  design_1_i/cg_fpga_0/inst/processing_system7_0/inst/buffer_fclk_clk_0.FCLK_CLK_0_BUFG/O
                         net (fo=6935, routed)        1.467     2.646    design_1_i/cg_fpga_0/inst/cg_fpga_axi_gpio_i1/U0/gpio_core_1/Dual.INPUT_DOUBLE_REGS4/s_axi_aclk
    SLICE_X51Y99         FDRE                                         r  design_1_i/cg_fpga_0/inst/cg_fpga_axi_gpio_i1/U0/gpio_core_1/Dual.INPUT_DOUBLE_REGS4/GENERATE_LEVEL_P_S_CDC.MULTI_BIT.FOR_IN_cdc_to[2].CROSS2_PLEVEL_IN2SCNDRY_IN_cdc_to/C

Slack:                    inf
  Source:                 design_1_i/controlor/upc_0/inst/q_reg[15]/C
                            (rising edge-triggered cell FDRE)
  Destination:            design_1_i/cg_fpga_0/inst/cg_fpga_axi_gpio_i1/U0/gpio_core_1/Dual.INPUT_DOUBLE_REGS4/GENERATE_LEVEL_P_S_CDC.MULTI_BIT.FOR_IN_cdc_to[4].CROSS2_PLEVEL_IN2SCNDRY_IN_cdc_to/D
                            (rising edge-triggered cell FDRE clocked by clk_fpga_0  {rise@0.000ns fall@5.000ns period=10.000ns})
  Path Group:             (none)
  Path Type:              Setup (Max at Slow Process Corner)
  Data Path Delay:        4.411ns  (logic 0.845ns (19.158%)  route 3.566ns (80.842%))
  Logic Levels:           3  (FDRE=1 LUT2=1 LUT4=1)
  Clock Uncertainty:      0.152ns  ((TSJ^2 + TIJ^2)^1/2 + DJ) / 2 + PE
    Total System Jitter     (TSJ):    0.050ns
    Total Input Jitter      (TIJ):    0.300ns
    Discrete Jitter          (DJ):    0.000ns
    Phase Error              (PE):    0.000ns
  Timing Exception:       False Path

    Location             Delay type                Incr(ns)  Path(ns)    Netlist Resource(s)
  -------------------------------------------------------------------    -------------------
    SLICE_X39Y106        FDRE                         0.000     0.000 r  design_1_i/controlor/upc_0/inst/q_reg[15]/C
    SLICE_X39Y106        FDRE (Prop_fdre_C_Q)         0.422     0.422 r  design_1_i/controlor/upc_0/inst/q_reg[15]/Q
                         net (fo=27, routed)          1.829     2.251    design_1_i/controlor/decode_39/decoder_3to8_0/addr[2]
    SLICE_X46Y102        LUT4 (Prop_lut4_I1_O)        0.299     2.550 f  design_1_i/controlor/decode_39/decoder_3to8_0/out[1]_INST_0/O
                         net (fo=16, routed)          1.065     3.616    design_1_i/register_16bit_0/inst/read_en
    SLICE_X47Y103        LUT2 (Prop_lut2_I1_O)        0.124     3.740 r  design_1_i/register_16bit_0/inst/data_out[4]_INST_0/O
                         net (fo=2, routed)           0.671     4.411    design_1_i/cg_fpga_0/inst/cg_fpga_axi_gpio_i1/U0/gpio_core_1/Dual.INPUT_DOUBLE_REGS4/gpio_io_i[4]
    SLICE_X48Y98         FDRE                                         r  design_1_i/cg_fpga_0/inst/cg_fpga_axi_gpio_i1/U0/gpio_core_1/Dual.INPUT_DOUBLE_REGS4/GENERATE_LEVEL_P_S_CDC.MULTI_BIT.FOR_IN_cdc_to[4].CROSS2_PLEVEL_IN2SCNDRY_IN_cdc_to/D
  -------------------------------------------------------------------    -------------------

                         (clock clk_fpga_0 rise edge)
                                                      0.000     0.000 r  
    PS7_X0Y0             PS7                          0.000     0.000 r  design_1_i/cg_fpga_0/inst/processing_system7_0/inst/PS7_i/FCLKCLK[0]
                         net (fo=1, routed)           1.088     1.088    design_1_i/cg_fpga_0/inst/processing_system7_0/inst/FCLK_CLK_unbuffered[0]
    BUFGCTRL_X0Y17       BUFG (Prop_bufg_I_O)         0.091     1.179 r  design_1_i/cg_fpga_0/inst/processing_system7_0/inst/buffer_fclk_clk_0.FCLK_CLK_0_BUFG/O
                         net (fo=6935, routed)        1.478     2.657    design_1_i/cg_fpga_0/inst/cg_fpga_axi_gpio_i1/U0/gpio_core_1/Dual.INPUT_DOUBLE_REGS4/s_axi_aclk
    SLICE_X48Y98         FDRE                                         r  design_1_i/cg_fpga_0/inst/cg_fpga_axi_gpio_i1/U0/gpio_core_1/Dual.INPUT_DOUBLE_REGS4/GENERATE_LEVEL_P_S_CDC.MULTI_BIT.FOR_IN_cdc_to[4].CROSS2_PLEVEL_IN2SCNDRY_IN_cdc_to/C

Slack:                    inf
  Source:                 design_1_i/controlor/upc_0/inst/q_reg[15]/C
                            (rising edge-triggered cell FDRE)
  Destination:            design_1_i/cg_fpga_0/inst/cg_fpga_axi_gpio_i1/U0/gpio_core_1/Dual.INPUT_DOUBLE_REGS4/GENERATE_LEVEL_P_S_CDC.MULTI_BIT.FOR_IN_cdc_to[3].CROSS2_PLEVEL_IN2SCNDRY_IN_cdc_to/D
                            (rising edge-triggered cell FDRE clocked by clk_fpga_0  {rise@0.000ns fall@5.000ns period=10.000ns})
  Path Group:             (none)
  Path Type:              Setup (Max at Slow Process Corner)
  Data Path Delay:        4.233ns  (logic 0.839ns (19.822%)  route 3.394ns (80.178%))
  Logic Levels:           3  (FDRE=1 LUT2=1 LUT4=1)
  Clock Uncertainty:      0.152ns  ((TSJ^2 + TIJ^2)^1/2 + DJ) / 2 + PE
    Total System Jitter     (TSJ):    0.050ns
    Total Input Jitter      (TIJ):    0.300ns
    Discrete Jitter          (DJ):    0.000ns
    Phase Error              (PE):    0.000ns
  Timing Exception:       False Path

    Location             Delay type                Incr(ns)  Path(ns)    Netlist Resource(s)
  -------------------------------------------------------------------    -------------------
    SLICE_X39Y106        FDRE                         0.000     0.000 r  design_1_i/controlor/upc_0/inst/q_reg[15]/C
    SLICE_X39Y106        FDRE (Prop_fdre_C_Q)         0.422     0.422 r  design_1_i/controlor/upc_0/inst/q_reg[15]/Q
                         net (fo=27, routed)          1.829     2.251    design_1_i/controlor/decode_39/decoder_3to8_0/addr[2]
    SLICE_X46Y102        LUT4 (Prop_lut4_I1_O)        0.299     2.550 f  design_1_i/controlor/decode_39/decoder_3to8_0/out[1]_INST_0/O
                         net (fo=16, routed)          1.040     3.591    design_1_i/register_16bit_0/inst/read_en
    SLICE_X49Y103        LUT2 (Prop_lut2_I1_O)        0.118     3.709 r  design_1_i/register_16bit_0/inst/data_out[3]_INST_0/O
                         net (fo=2, routed)           0.524     4.233    design_1_i/cg_fpga_0/inst/cg_fpga_axi_gpio_i1/U0/gpio_core_1/Dual.INPUT_DOUBLE_REGS4/gpio_io_i[3]
    SLICE_X51Y97         FDRE                                         r  design_1_i/cg_fpga_0/inst/cg_fpga_axi_gpio_i1/U0/gpio_core_1/Dual.INPUT_DOUBLE_REGS4/GENERATE_LEVEL_P_S_CDC.MULTI_BIT.FOR_IN_cdc_to[3].CROSS2_PLEVEL_IN2SCNDRY_IN_cdc_to/D
  -------------------------------------------------------------------    -------------------

                         (clock clk_fpga_0 rise edge)
                                                      0.000     0.000 r  
    PS7_X0Y0             PS7                          0.000     0.000 r  design_1_i/cg_fpga_0/inst/processing_system7_0/inst/PS7_i/FCLKCLK[0]
                         net (fo=1, routed)           1.088     1.088    design_1_i/cg_fpga_0/inst/processing_system7_0/inst/FCLK_CLK_unbuffered[0]
    BUFGCTRL_X0Y17       BUFG (Prop_bufg_I_O)         0.091     1.179 r  design_1_i/cg_fpga_0/inst/processing_system7_0/inst/buffer_fclk_clk_0.FCLK_CLK_0_BUFG/O
                         net (fo=6935, routed)        1.467     2.646    design_1_i/cg_fpga_0/inst/cg_fpga_axi_gpio_i1/U0/gpio_core_1/Dual.INPUT_DOUBLE_REGS4/s_axi_aclk
    SLICE_X51Y97         FDRE                                         r  design_1_i/cg_fpga_0/inst/cg_fpga_axi_gpio_i1/U0/gpio_core_1/Dual.INPUT_DOUBLE_REGS4/GENERATE_LEVEL_P_S_CDC.MULTI_BIT.FOR_IN_cdc_to[3].CROSS2_PLEVEL_IN2SCNDRY_IN_cdc_to/C





Min Delay Paths
--------------------------------------------------------------------------------------
Slack:                    inf
  Source:                 design_1_i/controlor/upc_0/inst/q_reg[2]/C
                            (rising edge-triggered cell FDRE)
  Destination:            design_1_i/cg_fpga_0/inst/cg_fpga_axi_gpio_i1/U0/gpio_core_1/Dual.INPUT_DOUBLE_REGS4/GENERATE_LEVEL_P_S_CDC.MULTI_BIT.FOR_IN_cdc_to[18].CROSS2_PLEVEL_IN2SCNDRY_IN_cdc_to/D
                            (rising edge-triggered cell FDRE clocked by clk_fpga_0  {rise@0.000ns fall@5.000ns period=10.000ns})
  Path Group:             (none)
  Path Type:              Hold (Min at Fast Process Corner)
  Data Path Delay:        0.512ns  (logic 0.231ns (45.109%)  route 0.281ns (54.891%))
  Logic Levels:           2  (FDRE=1 LUT1=1)
  Clock Uncertainty:      0.152ns  ((TSJ^2 + TIJ^2)^1/2 + DJ) / 2 + PE
    Total System Jitter     (TSJ):    0.050ns
    Total Input Jitter      (TIJ):    0.300ns
    Discrete Jitter          (DJ):    0.000ns
    Phase Error              (PE):    0.000ns
  Timing Exception:       False Path

    Location             Delay type                Incr(ns)  Path(ns)    Netlist Resource(s)
  -------------------------------------------------------------------    -------------------
    SLICE_X39Y106        FDRE                         0.000     0.000 r  design_1_i/controlor/upc_0/inst/q_reg[2]/C
    SLICE_X39Y106        FDRE (Prop_fdre_C_Q)         0.133     0.133 f  design_1_i/controlor/upc_0/inst/q_reg[2]/Q
                         net (fo=5, routed)           0.231     0.364    design_1_i/adpt_out_final_0_0/inst/rom[2]
    SLICE_X41Y103        LUT1 (Prop_lut1_I0_O)        0.098     0.462 r  design_1_i/adpt_out_final_0_0/inst/led[18]_INST_0/O
                         net (fo=1, routed)           0.050     0.512    design_1_i/cg_fpga_0/inst/cg_fpga_axi_gpio_i1/U0/gpio_core_1/Dual.INPUT_DOUBLE_REGS4/gpio_io_i[18]
    SLICE_X41Y103        FDRE                                         r  design_1_i/cg_fpga_0/inst/cg_fpga_axi_gpio_i1/U0/gpio_core_1/Dual.INPUT_DOUBLE_REGS4/GENERATE_LEVEL_P_S_CDC.MULTI_BIT.FOR_IN_cdc_to[18].CROSS2_PLEVEL_IN2SCNDRY_IN_cdc_to/D
  -------------------------------------------------------------------    -------------------

                         (clock clk_fpga_0 rise edge)
                                                      0.000     0.000 r  
    PS7_X0Y0             PS7                          0.000     0.000 r  design_1_i/cg_fpga_0/inst/processing_system7_0/inst/PS7_i/FCLKCLK[0]
                         net (fo=1, routed)           0.337     0.337    design_1_i/cg_fpga_0/inst/processing_system7_0/inst/FCLK_CLK_unbuffered[0]
    BUFGCTRL_X0Y17       BUFG (Prop_bufg_I_O)         0.029     0.366 r  design_1_i/cg_fpga_0/inst/processing_system7_0/inst/buffer_fclk_clk_0.FCLK_CLK_0_BUFG/O
                         net (fo=6935, routed)        0.910     1.276    design_1_i/cg_fpga_0/inst/cg_fpga_axi_gpio_i1/U0/gpio_core_1/Dual.INPUT_DOUBLE_REGS4/s_axi_aclk
    SLICE_X41Y103        FDRE                                         r  design_1_i/cg_fpga_0/inst/cg_fpga_axi_gpio_i1/U0/gpio_core_1/Dual.INPUT_DOUBLE_REGS4/GENERATE_LEVEL_P_S_CDC.MULTI_BIT.FOR_IN_cdc_to[18].CROSS2_PLEVEL_IN2SCNDRY_IN_cdc_to/C

Slack:                    inf
  Source:                 design_1_i/cg_fpga_0/inst/processing_system7_0/inst/PS7_i/FCLKRESETN[0]
                            (internal pin)
  Destination:            design_1_i/cg_fpga_0/inst/rst_ps7_0_100M/U0/EXT_LPF/ACTIVE_LOW_EXT.ACT_LO_EXT/GENERATE_LEVEL_P_S_CDC.SINGLE_BIT.CROSS_PLEVEL_IN2SCNDRY_IN_cdc_to/D
                            (rising edge-triggered cell FDRE clocked by clk_fpga_0  {rise@0.000ns fall@5.000ns period=10.000ns})
  Path Group:             (none)
  Path Type:              Hold (Min at Fast Process Corner)
  Data Path Delay:        0.548ns  (logic 0.045ns (8.211%)  route 0.503ns (91.789%))
  Logic Levels:           1  (LUT1=1)
  Clock Uncertainty:      0.152ns  ((TSJ^2 + TIJ^2)^1/2 + DJ) / 2 + PE
    Total System Jitter     (TSJ):    0.050ns
    Total Input Jitter      (TIJ):    0.300ns
    Discrete Jitter          (DJ):    0.000ns
    Phase Error              (PE):    0.000ns
  Timing Exception:       False Path

    Location             Delay type                Incr(ns)  Path(ns)    Netlist Resource(s)
  -------------------------------------------------------------------    -------------------
    PS7_X0Y0             PS7                          0.000     0.000 f  design_1_i/cg_fpga_0/inst/processing_system7_0/inst/PS7_i/FCLKRESETN[0]
                         net (fo=1, routed)           0.503     0.503    design_1_i/cg_fpga_0/inst/rst_ps7_0_100M/U0/EXT_LPF/ACTIVE_LOW_EXT.ACT_LO_EXT/ext_reset_in
    SLICE_X26Y76         LUT1 (Prop_lut1_I0_O)        0.045     0.548 r  design_1_i/cg_fpga_0/inst/rst_ps7_0_100M/U0/EXT_LPF/ACTIVE_LOW_EXT.ACT_LO_EXT/GENERATE_LEVEL_P_S_CDC.SINGLE_BIT.CROSS_PLEVEL_IN2SCNDRY_IN_cdc_to_i_1/O
                         net (fo=1, routed)           0.000     0.548    design_1_i/cg_fpga_0/inst/rst_ps7_0_100M/U0/EXT_LPF/ACTIVE_LOW_EXT.ACT_LO_EXT/exr_d1
    SLICE_X26Y76         FDRE                                         r  design_1_i/cg_fpga_0/inst/rst_ps7_0_100M/U0/EXT_LPF/ACTIVE_LOW_EXT.ACT_LO_EXT/GENERATE_LEVEL_P_S_CDC.SINGLE_BIT.CROSS_PLEVEL_IN2SCNDRY_IN_cdc_to/D
  -------------------------------------------------------------------    -------------------

                         (clock clk_fpga_0 rise edge)
                                                      0.000     0.000 r  
    PS7_X0Y0             PS7                          0.000     0.000 r  design_1_i/cg_fpga_0/inst/processing_system7_0/inst/PS7_i/FCLKCLK[0]
                         net (fo=1, routed)           0.337     0.337    design_1_i/cg_fpga_0/inst/processing_system7_0/inst/FCLK_CLK_unbuffered[0]
    BUFGCTRL_X0Y17       BUFG (Prop_bufg_I_O)         0.029     0.366 r  design_1_i/cg_fpga_0/inst/processing_system7_0/inst/buffer_fclk_clk_0.FCLK_CLK_0_BUFG/O
                         net (fo=6935, routed)        0.828     1.194    design_1_i/cg_fpga_0/inst/rst_ps7_0_100M/U0/EXT_LPF/ACTIVE_LOW_EXT.ACT_LO_EXT/slowest_sync_clk
    SLICE_X26Y76         FDRE                                         r  design_1_i/cg_fpga_0/inst/rst_ps7_0_100M/U0/EXT_LPF/ACTIVE_LOW_EXT.ACT_LO_EXT/GENERATE_LEVEL_P_S_CDC.SINGLE_BIT.CROSS_PLEVEL_IN2SCNDRY_IN_cdc_to/C

Slack:                    inf
  Source:                 design_1_i/register_16bit_0/inst/data_reg[1]/C
                            (rising edge-triggered cell FDCE)
  Destination:            design_1_i/cg_fpga_0/inst/cg_fpga_axi_gpio_i1/U0/gpio_core_1/Dual.INPUT_DOUBLE_REGS4/GENERATE_LEVEL_P_S_CDC.MULTI_BIT.FOR_IN_cdc_to[1].CROSS2_PLEVEL_IN2SCNDRY_IN_cdc_to/D
                            (rising edge-triggered cell FDRE clocked by clk_fpga_0  {rise@0.000ns fall@5.000ns period=10.000ns})
  Path Group:             (none)
  Path Type:              Hold (Min at Fast Process Corner)
  Data Path Delay:        0.555ns  (logic 0.183ns (32.961%)  route 0.372ns (67.039%))
  Logic Levels:           2  (FDCE=1 LUT2=1)
  Clock Uncertainty:      0.152ns  ((TSJ^2 + TIJ^2)^1/2 + DJ) / 2 + PE
    Total System Jitter     (TSJ):    0.050ns
    Total Input Jitter      (TIJ):    0.300ns
    Discrete Jitter          (DJ):    0.000ns
    Phase Error              (PE):    0.000ns
  Timing Exception:       False Path

    Location             Delay type                Incr(ns)  Path(ns)    Netlist Resource(s)
  -------------------------------------------------------------------    -------------------
    SLICE_X48Y101        FDCE                         0.000     0.000 r  design_1_i/register_16bit_0/inst/data_reg[1]/C
    SLICE_X48Y101        FDCE (Prop_fdce_C_Q)         0.141     0.141 f  design_1_i/register_16bit_0/inst/data_reg[1]/Q
                         net (fo=1, routed)           0.173     0.314    design_1_i/register_16bit_0/inst/data[1]
    SLICE_X48Y101        LUT2 (Prop_lut2_I0_O)        0.042     0.356 r  design_1_i/register_16bit_0/inst/data_out[1]_INST_0/O
                         net (fo=2, routed)           0.200     0.555    design_1_i/cg_fpga_0/inst/cg_fpga_axi_gpio_i1/U0/gpio_core_1/Dual.INPUT_DOUBLE_REGS4/gpio_io_i[1]
    SLICE_X48Y99         FDRE                                         r  design_1_i/cg_fpga_0/inst/cg_fpga_axi_gpio_i1/U0/gpio_core_1/Dual.INPUT_DOUBLE_REGS4/GENERATE_LEVEL_P_S_CDC.MULTI_BIT.FOR_IN_cdc_to[1].CROSS2_PLEVEL_IN2SCNDRY_IN_cdc_to/D
  -------------------------------------------------------------------    -------------------

                         (clock clk_fpga_0 rise edge)
                                                      0.000     0.000 r  
    PS7_X0Y0             PS7                          0.000     0.000 r  design_1_i/cg_fpga_0/inst/processing_system7_0/inst/PS7_i/FCLKCLK[0]
                         net (fo=1, routed)           0.337     0.337    design_1_i/cg_fpga_0/inst/processing_system7_0/inst/FCLK_CLK_unbuffered[0]
    BUFGCTRL_X0Y17       BUFG (Prop_bufg_I_O)         0.029     0.366 r  design_1_i/cg_fpga_0/inst/processing_system7_0/inst/buffer_fclk_clk_0.FCLK_CLK_0_BUFG/O
                         net (fo=6935, routed)        0.825     1.191    design_1_i/cg_fpga_0/inst/cg_fpga_axi_gpio_i1/U0/gpio_core_1/Dual.INPUT_DOUBLE_REGS4/s_axi_aclk
    SLICE_X48Y99         FDRE                                         r  design_1_i/cg_fpga_0/inst/cg_fpga_axi_gpio_i1/U0/gpio_core_1/Dual.INPUT_DOUBLE_REGS4/GENERATE_LEVEL_P_S_CDC.MULTI_BIT.FOR_IN_cdc_to[1].CROSS2_PLEVEL_IN2SCNDRY_IN_cdc_to/C

Slack:                    inf
  Source:                 design_1_i/controlor/upc_0/inst/q_reg[0]/C
                            (rising edge-triggered cell FDRE)
  Destination:            design_1_i/cg_fpga_0/inst/cg_fpga_axi_gpio_i1/U0/gpio_core_1/Dual.INPUT_DOUBLE_REGS4/GENERATE_LEVEL_P_S_CDC.MULTI_BIT.FOR_IN_cdc_to[16].CROSS2_PLEVEL_IN2SCNDRY_IN_cdc_to/D
                            (rising edge-triggered cell FDRE clocked by clk_fpga_0  {rise@0.000ns fall@5.000ns period=10.000ns})
  Path Group:             (none)
  Path Type:              Hold (Min at Fast Process Corner)
  Data Path Delay:        0.559ns  (logic 0.191ns (34.162%)  route 0.368ns (65.838%))
  Logic Levels:           2  (FDRE=1 LUT1=1)
  Clock Uncertainty:      0.152ns  ((TSJ^2 + TIJ^2)^1/2 + DJ) / 2 + PE
    Total System Jitter     (TSJ):    0.050ns
    Total Input Jitter      (TIJ):    0.300ns
    Discrete Jitter          (DJ):    0.000ns
    Phase Error              (PE):    0.000ns
  Timing Exception:       False Path

    Location             Delay type                Incr(ns)  Path(ns)    Netlist Resource(s)
  -------------------------------------------------------------------    -------------------
    SLICE_X40Y103        FDRE                         0.000     0.000 r  design_1_i/controlor/upc_0/inst/q_reg[0]/C
    SLICE_X40Y103        FDRE (Prop_fdre_C_Q)         0.146     0.146 f  design_1_i/controlor/upc_0/inst/q_reg[0]/Q
                         net (fo=5, routed)           0.206     0.352    design_1_i/adpt_out_final_0_0/inst/rom[0]
    SLICE_X40Y103        LUT1 (Prop_lut1_I0_O)        0.045     0.397 r  design_1_i/adpt_out_final_0_0/inst/led[16]_INST_0/O
                         net (fo=1, routed)           0.162     0.559    design_1_i/cg_fpga_0/inst/cg_fpga_axi_gpio_i1/U0/gpio_core_1/Dual.INPUT_DOUBLE_REGS4/gpio_io_i[16]
    SLICE_X41Y101        FDRE                                         r  design_1_i/cg_fpga_0/inst/cg_fpga_axi_gpio_i1/U0/gpio_core_1/Dual.INPUT_DOUBLE_REGS4/GENERATE_LEVEL_P_S_CDC.MULTI_BIT.FOR_IN_cdc_to[16].CROSS2_PLEVEL_IN2SCNDRY_IN_cdc_to/D
  -------------------------------------------------------------------    -------------------

                         (clock clk_fpga_0 rise edge)
                                                      0.000     0.000 r  
    PS7_X0Y0             PS7                          0.000     0.000 r  design_1_i/cg_fpga_0/inst/processing_system7_0/inst/PS7_i/FCLKCLK[0]
                         net (fo=1, routed)           0.337     0.337    design_1_i/cg_fpga_0/inst/processing_system7_0/inst/FCLK_CLK_unbuffered[0]
    BUFGCTRL_X0Y17       BUFG (Prop_bufg_I_O)         0.029     0.366 r  design_1_i/cg_fpga_0/inst/processing_system7_0/inst/buffer_fclk_clk_0.FCLK_CLK_0_BUFG/O
                         net (fo=6935, routed)        0.911     1.277    design_1_i/cg_fpga_0/inst/cg_fpga_axi_gpio_i1/U0/gpio_core_1/Dual.INPUT_DOUBLE_REGS4/s_axi_aclk
    SLICE_X41Y101        FDRE                                         r  design_1_i/cg_fpga_0/inst/cg_fpga_axi_gpio_i1/U0/gpio_core_1/Dual.INPUT_DOUBLE_REGS4/GENERATE_LEVEL_P_S_CDC.MULTI_BIT.FOR_IN_cdc_to[16].CROSS2_PLEVEL_IN2SCNDRY_IN_cdc_to/C

Slack:                    inf
  Source:                 design_1_i/register_16bit_0/inst/data_reg[0]/C
                            (rising edge-triggered cell FDCE)
  Destination:            design_1_i/cg_fpga_0/inst/cg_fpga_axi_gpio_i1/U0/gpio_core_1/Dual.INPUT_DOUBLE_REGS4/GENERATE_LEVEL_P_S_CDC.MULTI_BIT.FOR_IN_cdc_to[0].CROSS2_PLEVEL_IN2SCNDRY_IN_cdc_to/D
                            (rising edge-triggered cell FDRE clocked by clk_fpga_0  {rise@0.000ns fall@5.000ns period=10.000ns})
  Path Group:             (none)
  Path Type:              Hold (Min at Fast Process Corner)
  Data Path Delay:        0.577ns  (logic 0.186ns (32.230%)  route 0.391ns (67.770%))
  Logic Levels:           2  (FDCE=1 LUT2=1)
  Clock Uncertainty:      0.152ns  ((TSJ^2 + TIJ^2)^1/2 + DJ) / 2 + PE
    Total System Jitter     (TSJ):    0.050ns
    Total Input Jitter      (TIJ):    0.300ns
    Discrete Jitter          (DJ):    0.000ns
    Phase Error              (PE):    0.000ns
  Timing Exception:       False Path

    Location             Delay type                Incr(ns)  Path(ns)    Netlist Resource(s)
  -------------------------------------------------------------------    -------------------
    SLICE_X48Y102        FDCE                         0.000     0.000 r  design_1_i/register_16bit_0/inst/data_reg[0]/C
    SLICE_X48Y102        FDCE (Prop_fdce_C_Q)         0.141     0.141 f  design_1_i/register_16bit_0/inst/data_reg[0]/Q
                         net (fo=1, routed)           0.206     0.347    design_1_i/register_16bit_0/inst/data[0]
    SLICE_X48Y101        LUT2 (Prop_lut2_I0_O)        0.045     0.392 r  design_1_i/register_16bit_0/inst/data_out[0]_INST_0/O
                         net (fo=2, routed)           0.185     0.577    design_1_i/cg_fpga_0/inst/cg_fpga_axi_gpio_i1/U0/gpio_core_1/Dual.INPUT_DOUBLE_REGS4/gpio_io_i[0]
    SLICE_X48Y98         FDRE                                         r  design_1_i/cg_fpga_0/inst/cg_fpga_axi_gpio_i1/U0/gpio_core_1/Dual.INPUT_DOUBLE_REGS4/GENERATE_LEVEL_P_S_CDC.MULTI_BIT.FOR_IN_cdc_to[0].CROSS2_PLEVEL_IN2SCNDRY_IN_cdc_to/D
  -------------------------------------------------------------------    -------------------

                         (clock clk_fpga_0 rise edge)
                                                      0.000     0.000 r  
    PS7_X0Y0             PS7                          0.000     0.000 r  design_1_i/cg_fpga_0/inst/processing_system7_0/inst/PS7_i/FCLKCLK[0]
                         net (fo=1, routed)           0.337     0.337    design_1_i/cg_fpga_0/inst/processing_system7_0/inst/FCLK_CLK_unbuffered[0]
    BUFGCTRL_X0Y17       BUFG (Prop_bufg_I_O)         0.029     0.366 r  design_1_i/cg_fpga_0/inst/processing_system7_0/inst/buffer_fclk_clk_0.FCLK_CLK_0_BUFG/O
                         net (fo=6935, routed)        0.825     1.191    design_1_i/cg_fpga_0/inst/cg_fpga_axi_gpio_i1/U0/gpio_core_1/Dual.INPUT_DOUBLE_REGS4/s_axi_aclk
    SLICE_X48Y98         FDRE                                         r  design_1_i/cg_fpga_0/inst/cg_fpga_axi_gpio_i1/U0/gpio_core_1/Dual.INPUT_DOUBLE_REGS4/GENERATE_LEVEL_P_S_CDC.MULTI_BIT.FOR_IN_cdc_to[0].CROSS2_PLEVEL_IN2SCNDRY_IN_cdc_to/C

Slack:                    inf
  Source:                 design_1_i/controlor/upc_0/inst/q_reg[3]/C
                            (rising edge-triggered cell FDRE)
  Destination:            design_1_i/cg_fpga_0/inst/cg_fpga_axi_gpio_i1/U0/gpio_core_1/Dual.INPUT_DOUBLE_REGS4/GENERATE_LEVEL_P_S_CDC.MULTI_BIT.FOR_IN_cdc_to[19].CROSS2_PLEVEL_IN2SCNDRY_IN_cdc_to/D
                            (rising edge-triggered cell FDRE clocked by clk_fpga_0  {rise@0.000ns fall@5.000ns period=10.000ns})
  Path Group:             (none)
  Path Type:              Hold (Min at Fast Process Corner)
  Data Path Delay:        0.582ns  (logic 0.231ns (39.684%)  route 0.351ns (60.316%))
  Logic Levels:           2  (FDRE=1 LUT1=1)
  Clock Uncertainty:      0.152ns  ((TSJ^2 + TIJ^2)^1/2 + DJ) / 2 + PE
    Total System Jitter     (TSJ):    0.050ns
    Total Input Jitter      (TIJ):    0.300ns
    Discrete Jitter          (DJ):    0.000ns
    Phase Error              (PE):    0.000ns
  Timing Exception:       False Path

    Location             Delay type                Incr(ns)  Path(ns)    Netlist Resource(s)
  -------------------------------------------------------------------    -------------------
    SLICE_X39Y105        FDRE                         0.000     0.000 r  design_1_i/controlor/upc_0/inst/q_reg[3]/C
    SLICE_X39Y105        FDRE (Prop_fdre_C_Q)         0.133     0.133 f  design_1_i/controlor/upc_0/inst/q_reg[3]/Q
                         net (fo=1, routed)           0.086     0.219    design_1_i/adpt_out_final_0_0/inst/rom[3]
    SLICE_X39Y105        LUT1 (Prop_lut1_I0_O)        0.098     0.317 r  design_1_i/adpt_out_final_0_0/inst/led[19]_INST_0/O
                         net (fo=1, routed)           0.266     0.582    design_1_i/cg_fpga_0/inst/cg_fpga_axi_gpio_i1/U0/gpio_core_1/Dual.INPUT_DOUBLE_REGS4/gpio_io_i[19]
    SLICE_X40Y98         FDRE                                         r  design_1_i/cg_fpga_0/inst/cg_fpga_axi_gpio_i1/U0/gpio_core_1/Dual.INPUT_DOUBLE_REGS4/GENERATE_LEVEL_P_S_CDC.MULTI_BIT.FOR_IN_cdc_to[19].CROSS2_PLEVEL_IN2SCNDRY_IN_cdc_to/D
  -------------------------------------------------------------------    -------------------

                         (clock clk_fpga_0 rise edge)
                                                      0.000     0.000 r  
    PS7_X0Y0             PS7                          0.000     0.000 r  design_1_i/cg_fpga_0/inst/processing_system7_0/inst/PS7_i/FCLKCLK[0]
                         net (fo=1, routed)           0.337     0.337    design_1_i/cg_fpga_0/inst/processing_system7_0/inst/FCLK_CLK_unbuffered[0]
    BUFGCTRL_X0Y17       BUFG (Prop_bufg_I_O)         0.029     0.366 r  design_1_i/cg_fpga_0/inst/processing_system7_0/inst/buffer_fclk_clk_0.FCLK_CLK_0_BUFG/O
                         net (fo=6935, routed)        0.825     1.191    design_1_i/cg_fpga_0/inst/cg_fpga_axi_gpio_i1/U0/gpio_core_1/Dual.INPUT_DOUBLE_REGS4/s_axi_aclk
    SLICE_X40Y98         FDRE                                         r  design_1_i/cg_fpga_0/inst/cg_fpga_axi_gpio_i1/U0/gpio_core_1/Dual.INPUT_DOUBLE_REGS4/GENERATE_LEVEL_P_S_CDC.MULTI_BIT.FOR_IN_cdc_to[19].CROSS2_PLEVEL_IN2SCNDRY_IN_cdc_to/C

Slack:                    inf
  Source:                 design_1_i/register_16bit_0/inst/data_reg[8]/C
                            (rising edge-triggered cell FDCE)
  Destination:            design_1_i/cg_fpga_0/inst/cg_fpga_axi_gpio_i1/U0/gpio_core_1/Dual.INPUT_DOUBLE_REGS4/GENERATE_LEVEL_P_S_CDC.MULTI_BIT.FOR_IN_cdc_to[8].CROSS2_PLEVEL_IN2SCNDRY_IN_cdc_to/D
                            (rising edge-triggered cell FDRE clocked by clk_fpga_0  {rise@0.000ns fall@5.000ns period=10.000ns})
  Path Group:             (none)
  Path Type:              Hold (Min at Fast Process Corner)
  Data Path Delay:        0.592ns  (logic 0.186ns (31.425%)  route 0.406ns (68.575%))
  Logic Levels:           2  (FDCE=1 LUT2=1)
  Clock Uncertainty:      0.152ns  ((TSJ^2 + TIJ^2)^1/2 + DJ) / 2 + PE
    Total System Jitter     (TSJ):    0.050ns
    Total Input Jitter      (TIJ):    0.300ns
    Discrete Jitter          (DJ):    0.000ns
    Phase Error              (PE):    0.000ns
  Timing Exception:       False Path

    Location             Delay type                Incr(ns)  Path(ns)    Netlist Resource(s)
  -------------------------------------------------------------------    -------------------
    SLICE_X47Y101        FDCE                         0.000     0.000 r  design_1_i/register_16bit_0/inst/data_reg[8]/C
    SLICE_X47Y101        FDCE (Prop_fdce_C_Q)         0.141     0.141 f  design_1_i/register_16bit_0/inst/data_reg[8]/Q
                         net (fo=1, routed)           0.218     0.359    design_1_i/register_16bit_0/inst/data[8]
    SLICE_X47Y101        LUT2 (Prop_lut2_I0_O)        0.045     0.404 r  design_1_i/register_16bit_0/inst/data_out[8]_INST_0/O
                         net (fo=2, routed)           0.188     0.592    design_1_i/cg_fpga_0/inst/cg_fpga_axi_gpio_i1/U0/gpio_core_1/Dual.INPUT_DOUBLE_REGS4/gpio_io_i[8]
    SLICE_X46Y97         FDRE                                         r  design_1_i/cg_fpga_0/inst/cg_fpga_axi_gpio_i1/U0/gpio_core_1/Dual.INPUT_DOUBLE_REGS4/GENERATE_LEVEL_P_S_CDC.MULTI_BIT.FOR_IN_cdc_to[8].CROSS2_PLEVEL_IN2SCNDRY_IN_cdc_to/D
  -------------------------------------------------------------------    -------------------

                         (clock clk_fpga_0 rise edge)
                                                      0.000     0.000 r  
    PS7_X0Y0             PS7                          0.000     0.000 r  design_1_i/cg_fpga_0/inst/processing_system7_0/inst/PS7_i/FCLKCLK[0]
                         net (fo=1, routed)           0.337     0.337    design_1_i/cg_fpga_0/inst/processing_system7_0/inst/FCLK_CLK_unbuffered[0]
    BUFGCTRL_X0Y17       BUFG (Prop_bufg_I_O)         0.029     0.366 r  design_1_i/cg_fpga_0/inst/processing_system7_0/inst/buffer_fclk_clk_0.FCLK_CLK_0_BUFG/O
                         net (fo=6935, routed)        0.825     1.191    design_1_i/cg_fpga_0/inst/cg_fpga_axi_gpio_i1/U0/gpio_core_1/Dual.INPUT_DOUBLE_REGS4/s_axi_aclk
    SLICE_X46Y97         FDRE                                         r  design_1_i/cg_fpga_0/inst/cg_fpga_axi_gpio_i1/U0/gpio_core_1/Dual.INPUT_DOUBLE_REGS4/GENERATE_LEVEL_P_S_CDC.MULTI_BIT.FOR_IN_cdc_to[8].CROSS2_PLEVEL_IN2SCNDRY_IN_cdc_to/C

Slack:                    inf
  Source:                 design_1_i/controlor/upc_0/inst/q_reg[7]/C
                            (rising edge-triggered cell FDRE)
  Destination:            design_1_i/cg_fpga_0/inst/cg_fpga_axi_gpio_i1/U0/gpio_core_1/Dual.INPUT_DOUBLE_REGS4/GENERATE_LEVEL_P_S_CDC.MULTI_BIT.FOR_IN_cdc_to[23].CROSS2_PLEVEL_IN2SCNDRY_IN_cdc_to/D
                            (rising edge-triggered cell FDRE clocked by clk_fpga_0  {rise@0.000ns fall@5.000ns period=10.000ns})
  Path Group:             (none)
  Path Type:              Hold (Min at Fast Process Corner)
  Data Path Delay:        0.595ns  (logic 0.191ns (32.109%)  route 0.404ns (67.890%))
  Logic Levels:           2  (FDRE=1 LUT1=1)
  Clock Uncertainty:      0.152ns  ((TSJ^2 + TIJ^2)^1/2 + DJ) / 2 + PE
    Total System Jitter     (TSJ):    0.050ns
    Total Input Jitter      (TIJ):    0.300ns
    Discrete Jitter          (DJ):    0.000ns
    Phase Error              (PE):    0.000ns
  Timing Exception:       False Path

    Location             Delay type                Incr(ns)  Path(ns)    Netlist Resource(s)
  -------------------------------------------------------------------    -------------------
    SLICE_X41Y105        FDRE                         0.000     0.000 r  design_1_i/controlor/upc_0/inst/q_reg[7]/C
    SLICE_X41Y105        FDRE (Prop_fdre_C_Q)         0.146     0.146 f  design_1_i/controlor/upc_0/inst/q_reg[7]/Q
                         net (fo=8, routed)           0.237     0.383    design_1_i/adpt_out_final_0_0/inst/rom[7]
    SLICE_X45Y104        LUT1 (Prop_lut1_I0_O)        0.045     0.428 r  design_1_i/adpt_out_final_0_0/inst/led[23]_INST_0/O
                         net (fo=1, routed)           0.167     0.595    design_1_i/cg_fpga_0/inst/cg_fpga_axi_gpio_i1/U0/gpio_core_1/Dual.INPUT_DOUBLE_REGS4/gpio_io_i[23]
    SLICE_X45Y101        FDRE                                         r  design_1_i/cg_fpga_0/inst/cg_fpga_axi_gpio_i1/U0/gpio_core_1/Dual.INPUT_DOUBLE_REGS4/GENERATE_LEVEL_P_S_CDC.MULTI_BIT.FOR_IN_cdc_to[23].CROSS2_PLEVEL_IN2SCNDRY_IN_cdc_to/D
  -------------------------------------------------------------------    -------------------

                         (clock clk_fpga_0 rise edge)
                                                      0.000     0.000 r  
    PS7_X0Y0             PS7                          0.000     0.000 r  design_1_i/cg_fpga_0/inst/processing_system7_0/inst/PS7_i/FCLKCLK[0]
                         net (fo=1, routed)           0.337     0.337    design_1_i/cg_fpga_0/inst/processing_system7_0/inst/FCLK_CLK_unbuffered[0]
    BUFGCTRL_X0Y17       BUFG (Prop_bufg_I_O)         0.029     0.366 r  design_1_i/cg_fpga_0/inst/processing_system7_0/inst/buffer_fclk_clk_0.FCLK_CLK_0_BUFG/O
                         net (fo=6935, routed)        0.911     1.277    design_1_i/cg_fpga_0/inst/cg_fpga_axi_gpio_i1/U0/gpio_core_1/Dual.INPUT_DOUBLE_REGS4/s_axi_aclk
    SLICE_X45Y101        FDRE                                         r  design_1_i/cg_fpga_0/inst/cg_fpga_axi_gpio_i1/U0/gpio_core_1/Dual.INPUT_DOUBLE_REGS4/GENERATE_LEVEL_P_S_CDC.MULTI_BIT.FOR_IN_cdc_to[23].CROSS2_PLEVEL_IN2SCNDRY_IN_cdc_to/C

Slack:                    inf
  Source:                 design_1_i/controlor/upc_0/inst/q_reg[11]/C
                            (rising edge-triggered cell FDRE)
  Destination:            design_1_i/cg_fpga_0/inst/cg_fpga_axi_gpio_i1/U0/gpio_core_1/Dual.INPUT_DOUBLE_REGS4/GENERATE_LEVEL_P_S_CDC.MULTI_BIT.FOR_IN_cdc_to[27].CROSS2_PLEVEL_IN2SCNDRY_IN_cdc_to/D
                            (rising edge-triggered cell FDRE clocked by clk_fpga_0  {rise@0.000ns fall@5.000ns period=10.000ns})
  Path Group:             (none)
  Path Type:              Hold (Min at Fast Process Corner)
  Data Path Delay:        0.596ns  (logic 0.212ns (35.573%)  route 0.384ns (64.427%))
  Logic Levels:           2  (FDRE=1 LUT1=1)
  Clock Uncertainty:      0.152ns  ((TSJ^2 + TIJ^2)^1/2 + DJ) / 2 + PE
    Total System Jitter     (TSJ):    0.050ns
    Total Input Jitter      (TIJ):    0.300ns
    Discrete Jitter          (DJ):    0.000ns
    Phase Error              (PE):    0.000ns
  Timing Exception:       False Path

    Location             Delay type                Incr(ns)  Path(ns)    Netlist Resource(s)
  -------------------------------------------------------------------    -------------------
    SLICE_X36Y107        FDRE                         0.000     0.000 r  design_1_i/controlor/upc_0/inst/q_reg[11]/C
    SLICE_X36Y107        FDRE (Prop_fdre_C_Q)         0.167     0.167 f  design_1_i/controlor/upc_0/inst/q_reg[11]/Q
                         net (fo=3, routed)           0.334     0.501    design_1_i/adpt_out_final_0_0/inst/rom[11]
    SLICE_X39Y104        LUT1 (Prop_lut1_I0_O)        0.045     0.546 r  design_1_i/adpt_out_final_0_0/inst/led[27]_INST_0/O
                         net (fo=1, routed)           0.050     0.596    design_1_i/cg_fpga_0/inst/cg_fpga_axi_gpio_i1/U0/gpio_core_1/Dual.INPUT_DOUBLE_REGS4/gpio_io_i[27]
    SLICE_X39Y104        FDRE                                         r  design_1_i/cg_fpga_0/inst/cg_fpga_axi_gpio_i1/U0/gpio_core_1/Dual.INPUT_DOUBLE_REGS4/GENERATE_LEVEL_P_S_CDC.MULTI_BIT.FOR_IN_cdc_to[27].CROSS2_PLEVEL_IN2SCNDRY_IN_cdc_to/D
  -------------------------------------------------------------------    -------------------

                         (clock clk_fpga_0 rise edge)
                                                      0.000     0.000 r  
    PS7_X0Y0             PS7                          0.000     0.000 r  design_1_i/cg_fpga_0/inst/processing_system7_0/inst/PS7_i/FCLKCLK[0]
                         net (fo=1, routed)           0.337     0.337    design_1_i/cg_fpga_0/inst/processing_system7_0/inst/FCLK_CLK_unbuffered[0]
    BUFGCTRL_X0Y17       BUFG (Prop_bufg_I_O)         0.029     0.366 r  design_1_i/cg_fpga_0/inst/processing_system7_0/inst/buffer_fclk_clk_0.FCLK_CLK_0_BUFG/O
                         net (fo=6935, routed)        0.910     1.276    design_1_i/cg_fpga_0/inst/cg_fpga_axi_gpio_i1/U0/gpio_core_1/Dual.INPUT_DOUBLE_REGS4/s_axi_aclk
    SLICE_X39Y104        FDRE                                         r  design_1_i/cg_fpga_0/inst/cg_fpga_axi_gpio_i1/U0/gpio_core_1/Dual.INPUT_DOUBLE_REGS4/GENERATE_LEVEL_P_S_CDC.MULTI_BIT.FOR_IN_cdc_to[27].CROSS2_PLEVEL_IN2SCNDRY_IN_cdc_to/C

Slack:                    inf
  Source:                 design_1_i/register_16bit_0/inst/data_reg[9]/C
                            (rising edge-triggered cell FDCE)
  Destination:            design_1_i/cg_fpga_0/inst/cg_fpga_axi_gpio_i1/U0/gpio_core_1/Dual.INPUT_DOUBLE_REGS4/GENERATE_LEVEL_P_S_CDC.MULTI_BIT.FOR_IN_cdc_to[9].CROSS2_PLEVEL_IN2SCNDRY_IN_cdc_to/D
                            (rising edge-triggered cell FDRE clocked by clk_fpga_0  {rise@0.000ns fall@5.000ns period=10.000ns})
  Path Group:             (none)
  Path Type:              Hold (Min at Fast Process Corner)
  Data Path Delay:        0.597ns  (logic 0.184ns (30.820%)  route 0.413ns (69.180%))
  Logic Levels:           2  (FDCE=1 LUT2=1)
  Clock Uncertainty:      0.152ns  ((TSJ^2 + TIJ^2)^1/2 + DJ) / 2 + PE
    Total System Jitter     (TSJ):    0.050ns
    Total Input Jitter      (TIJ):    0.300ns
    Discrete Jitter          (DJ):    0.000ns
    Phase Error              (PE):    0.000ns
  Timing Exception:       False Path

    Location             Delay type                Incr(ns)  Path(ns)    Netlist Resource(s)
  -------------------------------------------------------------------    -------------------
    SLICE_X47Y101        FDCE                         0.000     0.000 r  design_1_i/register_16bit_0/inst/data_reg[9]/C
    SLICE_X47Y101        FDCE (Prop_fdce_C_Q)         0.141     0.141 f  design_1_i/register_16bit_0/inst/data_reg[9]/Q
                         net (fo=1, routed)           0.279     0.420    design_1_i/register_16bit_0/inst/data[9]
    SLICE_X47Y101        LUT2 (Prop_lut2_I0_O)        0.043     0.463 r  design_1_i/register_16bit_0/inst/data_out[9]_INST_0/O
                         net (fo=2, routed)           0.134     0.597    design_1_i/cg_fpga_0/inst/cg_fpga_axi_gpio_i1/U0/gpio_core_1/Dual.INPUT_DOUBLE_REGS4/gpio_io_i[9]
    SLICE_X46Y101        FDRE                                         r  design_1_i/cg_fpga_0/inst/cg_fpga_axi_gpio_i1/U0/gpio_core_1/Dual.INPUT_DOUBLE_REGS4/GENERATE_LEVEL_P_S_CDC.MULTI_BIT.FOR_IN_cdc_to[9].CROSS2_PLEVEL_IN2SCNDRY_IN_cdc_to/D
  -------------------------------------------------------------------    -------------------

                         (clock clk_fpga_0 rise edge)
                                                      0.000     0.000 r  
    PS7_X0Y0             PS7                          0.000     0.000 r  design_1_i/cg_fpga_0/inst/processing_system7_0/inst/PS7_i/FCLKCLK[0]
                         net (fo=1, routed)           0.337     0.337    design_1_i/cg_fpga_0/inst/processing_system7_0/inst/FCLK_CLK_unbuffered[0]
    BUFGCTRL_X0Y17       BUFG (Prop_bufg_I_O)         0.029     0.366 r  design_1_i/cg_fpga_0/inst/processing_system7_0/inst/buffer_fclk_clk_0.FCLK_CLK_0_BUFG/O
                         net (fo=6935, routed)        0.911     1.277    design_1_i/cg_fpga_0/inst/cg_fpga_axi_gpio_i1/U0/gpio_core_1/Dual.INPUT_DOUBLE_REGS4/s_axi_aclk
    SLICE_X46Y101        FDRE                                         r  design_1_i/cg_fpga_0/inst/cg_fpga_axi_gpio_i1/U0/gpio_core_1/Dual.INPUT_DOUBLE_REGS4/GENERATE_LEVEL_P_S_CDC.MULTI_BIT.FOR_IN_cdc_to[9].CROSS2_PLEVEL_IN2SCNDRY_IN_cdc_to/C





--------------------------------------------------------------------------------------
Path Group:  (none)
From Clock:  clk_fpga_0
  To Clock:  clk_fpga_0

Max Delay           218 Endpoints
Min Delay           218 Endpoints
--------------------------------------------------------------------------------------


Max Delay Paths
--------------------------------------------------------------------------------------
Slack:                    inf
  Source:                 design_1_i/cg_fpga_0/inst/cg_fpga_axi_gpio_o2/U0/gpio_core_1/Dual.gpio_Data_Out_reg[19]/C
                            (rising edge-triggered cell FDRE clocked by clk_fpga_0  {rise@0.000ns fall@5.000ns period=10.000ns})
  Destination:            design_1_i/cg_fpga_0/inst/cg_fpga_axi_gpio_i1/U0/gpio_core_1/Dual.INPUT_DOUBLE_REGS4/GENERATE_LEVEL_P_S_CDC.MULTI_BIT.FOR_IN_cdc_to[13].CROSS2_PLEVEL_IN2SCNDRY_IN_cdc_to/D
                            (rising edge-triggered cell FDRE clocked by clk_fpga_0  {rise@0.000ns fall@5.000ns period=10.000ns})
  Path Group:             (none)
  Path Type:              Setup (Max at Slow Process Corner)
  Data Path Delay:        7.604ns  (logic 1.125ns (14.795%)  route 6.479ns (85.205%))
  Logic Levels:           4  (BUFG=1 LUT1=1 LUT2=1 LUT4=1)
  Clock Path Skew:        -0.267ns (DCD - SCD + CPR)
    Destination Clock Delay (DCD):    2.658ns
    Source Clock Delay      (SCD):    2.925ns
    Clock Pessimism Removal (CPR):    0.000ns
  Clock Uncertainty:      0.154ns  ((TSJ^2 + TIJ^2)^1/2 + DJ) / 2 + PE
    Total System Jitter     (TSJ):    0.071ns
    Total Input Jitter      (TIJ):    0.300ns
    Discrete Jitter          (DJ):    0.000ns
    Phase Error              (PE):    0.000ns
  Timing Exception:       False Path

    Location             Delay type                Incr(ns)  Path(ns)    Netlist Resource(s)
  -------------------------------------------------------------------    -------------------
                         (clock clk_fpga_0 rise edge)
                                                      0.000     0.000 r  
    PS7_X0Y0             PS7                          0.000     0.000 r  design_1_i/cg_fpga_0/inst/processing_system7_0/inst/PS7_i/FCLKCLK[0]
                         net (fo=1, routed)           1.193     1.193    design_1_i/cg_fpga_0/inst/processing_system7_0/inst/FCLK_CLK_unbuffered[0]
    BUFGCTRL_X0Y17       BUFG (Prop_bufg_I_O)         0.101     1.294 r  design_1_i/cg_fpga_0/inst/processing_system7_0/inst/buffer_fclk_clk_0.FCLK_CLK_0_BUFG/O
                         net (fo=6935, routed)        1.631     2.925    design_1_i/cg_fpga_0/inst/cg_fpga_axi_gpio_o2/U0/gpio_core_1/s_axi_aclk
    SLICE_X43Y74         FDRE                                         r  design_1_i/cg_fpga_0/inst/cg_fpga_axi_gpio_o2/U0/gpio_core_1/Dual.gpio_Data_Out_reg[19]/C
  -------------------------------------------------------------------    -------------------
    SLICE_X43Y74         FDRE (Prop_fdre_C_Q)         0.456     3.381 r  design_1_i/cg_fpga_0/inst/cg_fpga_axi_gpio_o2/U0/gpio_core_1/Dual.gpio_Data_Out_reg[19]/Q
                         net (fo=1, routed)           1.400     4.781    design_1_i/cg_fpga_0/inst/cg_fpga_axi_gpio_o2/U0/gpio_core_1/gpio_io_o[9]
    BUFGCTRL_X0Y16       BUFG (Prop_bufg_I_O)         0.101     4.882 r  design_1_i/cg_fpga_0/inst/cg_fpga_axi_gpio_o2/U0/gpio_core_1/gpio_io_o[9]_BUFG_inst/O
                         net (fo=208, routed)         2.496     7.378    design_1_i/controlor/decode_39/decoder_3to8_0/enable
    SLICE_X46Y102        LUT4 (Prop_lut4_I0_O)        0.124     7.502 f  design_1_i/controlor/decode_39/decoder_3to8_0/out[1]_INST_0/O
                         net (fo=16, routed)          1.258     8.760    design_1_i/register_16bit_0/inst/read_en
    SLICE_X42Y103        LUT2 (Prop_lut2_I1_O)        0.116     8.876 f  design_1_i/register_16bit_0/inst/data_out[13]_INST_0/O
                         net (fo=3, routed)           0.675     9.551    design_1_i/adpt_out_final_0_0/inst/ram[13]
    SLICE_X44Y103        LUT1 (Prop_lut1_I0_O)        0.328     9.879 r  design_1_i/adpt_out_final_0_0/inst/led[13]_INST_0/O
                         net (fo=1, routed)           0.650    10.529    design_1_i/cg_fpga_0/inst/cg_fpga_axi_gpio_i1/U0/gpio_core_1/Dual.INPUT_DOUBLE_REGS4/gpio_io_i[13]
    SLICE_X44Y98         FDRE                                         r  design_1_i/cg_fpga_0/inst/cg_fpga_axi_gpio_i1/U0/gpio_core_1/Dual.INPUT_DOUBLE_REGS4/GENERATE_LEVEL_P_S_CDC.MULTI_BIT.FOR_IN_cdc_to[13].CROSS2_PLEVEL_IN2SCNDRY_IN_cdc_to/D
  -------------------------------------------------------------------    -------------------

                         (clock clk_fpga_0 rise edge)
                                                      0.000     0.000 r  
    PS7_X0Y0             PS7                          0.000     0.000 r  design_1_i/cg_fpga_0/inst/processing_system7_0/inst/PS7_i/FCLKCLK[0]
                         net (fo=1, routed)           1.088     1.088    design_1_i/cg_fpga_0/inst/processing_system7_0/inst/FCLK_CLK_unbuffered[0]
    BUFGCTRL_X0Y17       BUFG (Prop_bufg_I_O)         0.091     1.179 r  design_1_i/cg_fpga_0/inst/processing_system7_0/inst/buffer_fclk_clk_0.FCLK_CLK_0_BUFG/O
                         net (fo=6935, routed)        1.479     2.658    design_1_i/cg_fpga_0/inst/cg_fpga_axi_gpio_i1/U0/gpio_core_1/Dual.INPUT_DOUBLE_REGS4/s_axi_aclk
    SLICE_X44Y98         FDRE                                         r  design_1_i/cg_fpga_0/inst/cg_fpga_axi_gpio_i1/U0/gpio_core_1/Dual.INPUT_DOUBLE_REGS4/GENERATE_LEVEL_P_S_CDC.MULTI_BIT.FOR_IN_cdc_to[13].CROSS2_PLEVEL_IN2SCNDRY_IN_cdc_to/C

Slack:                    inf
  Source:                 design_1_i/cg_fpga_0/inst/cg_fpga_axi_gpio_o2/U0/gpio_core_1/Dual.gpio_Data_Out_reg[19]/C
                            (rising edge-triggered cell FDRE clocked by clk_fpga_0  {rise@0.000ns fall@5.000ns period=10.000ns})
  Destination:            design_1_i/cg_fpga_0/inst/cg_fpga_axi_gpio_i1/U0/gpio_core_1/Dual.INPUT_DOUBLE_REGS4/GENERATE_LEVEL_P_S_CDC.MULTI_BIT.FOR_IN_cdc_to[5].CROSS2_PLEVEL_IN2SCNDRY_IN_cdc_to/D
                            (rising edge-triggered cell FDRE clocked by clk_fpga_0  {rise@0.000ns fall@5.000ns period=10.000ns})
  Path Group:             (none)
  Path Type:              Setup (Max at Slow Process Corner)
  Data Path Delay:        7.518ns  (logic 1.157ns (15.389%)  route 6.361ns (84.611%))
  Logic Levels:           4  (BUFG=1 LUT1=1 LUT2=1 LUT4=1)
  Clock Path Skew:        -0.267ns (DCD - SCD + CPR)
    Destination Clock Delay (DCD):    2.658ns
    Source Clock Delay      (SCD):    2.925ns
    Clock Pessimism Removal (CPR):    0.000ns
  Clock Uncertainty:      0.154ns  ((TSJ^2 + TIJ^2)^1/2 + DJ) / 2 + PE
    Total System Jitter     (TSJ):    0.071ns
    Total Input Jitter      (TIJ):    0.300ns
    Discrete Jitter          (DJ):    0.000ns
    Phase Error              (PE):    0.000ns
  Timing Exception:       False Path

    Location             Delay type                Incr(ns)  Path(ns)    Netlist Resource(s)
  -------------------------------------------------------------------    -------------------
                         (clock clk_fpga_0 rise edge)
                                                      0.000     0.000 r  
    PS7_X0Y0             PS7                          0.000     0.000 r  design_1_i/cg_fpga_0/inst/processing_system7_0/inst/PS7_i/FCLKCLK[0]
                         net (fo=1, routed)           1.193     1.193    design_1_i/cg_fpga_0/inst/processing_system7_0/inst/FCLK_CLK_unbuffered[0]
    BUFGCTRL_X0Y17       BUFG (Prop_bufg_I_O)         0.101     1.294 r  design_1_i/cg_fpga_0/inst/processing_system7_0/inst/buffer_fclk_clk_0.FCLK_CLK_0_BUFG/O
                         net (fo=6935, routed)        1.631     2.925    design_1_i/cg_fpga_0/inst/cg_fpga_axi_gpio_o2/U0/gpio_core_1/s_axi_aclk
    SLICE_X43Y74         FDRE                                         r  design_1_i/cg_fpga_0/inst/cg_fpga_axi_gpio_o2/U0/gpio_core_1/Dual.gpio_Data_Out_reg[19]/C
  -------------------------------------------------------------------    -------------------
    SLICE_X43Y74         FDRE (Prop_fdre_C_Q)         0.456     3.381 r  design_1_i/cg_fpga_0/inst/cg_fpga_axi_gpio_o2/U0/gpio_core_1/Dual.gpio_Data_Out_reg[19]/Q
                         net (fo=1, routed)           1.400     4.781    design_1_i/cg_fpga_0/inst/cg_fpga_axi_gpio_o2/U0/gpio_core_1/gpio_io_o[9]
    BUFGCTRL_X0Y16       BUFG (Prop_bufg_I_O)         0.101     4.882 r  design_1_i/cg_fpga_0/inst/cg_fpga_axi_gpio_o2/U0/gpio_core_1/gpio_io_o[9]_BUFG_inst/O
                         net (fo=208, routed)         2.496     7.378    design_1_i/controlor/decode_39/decoder_3to8_0/enable
    SLICE_X46Y102        LUT4 (Prop_lut4_I0_O)        0.124     7.502 f  design_1_i/controlor/decode_39/decoder_3to8_0/out[1]_INST_0/O
                         net (fo=16, routed)          1.065     8.567    design_1_i/register_16bit_0/inst/read_en
    SLICE_X47Y103        LUT2 (Prop_lut2_I1_O)        0.150     8.717 f  design_1_i/register_16bit_0/inst/data_out[5]_INST_0/O
                         net (fo=3, routed)           1.109     9.826    design_1_i/adpt_out_final_0_0/inst/ram[5]
    SLICE_X47Y98         LUT1 (Prop_lut1_I0_O)        0.326    10.152 r  design_1_i/adpt_out_final_0_0/inst/led[5]_INST_0/O
                         net (fo=1, routed)           0.291    10.443    design_1_i/cg_fpga_0/inst/cg_fpga_axi_gpio_i1/U0/gpio_core_1/Dual.INPUT_DOUBLE_REGS4/gpio_io_i[5]
    SLICE_X47Y98         FDRE                                         r  design_1_i/cg_fpga_0/inst/cg_fpga_axi_gpio_i1/U0/gpio_core_1/Dual.INPUT_DOUBLE_REGS4/GENERATE_LEVEL_P_S_CDC.MULTI_BIT.FOR_IN_cdc_to[5].CROSS2_PLEVEL_IN2SCNDRY_IN_cdc_to/D
  -------------------------------------------------------------------    -------------------

                         (clock clk_fpga_0 rise edge)
                                                      0.000     0.000 r  
    PS7_X0Y0             PS7                          0.000     0.000 r  design_1_i/cg_fpga_0/inst/processing_system7_0/inst/PS7_i/FCLKCLK[0]
                         net (fo=1, routed)           1.088     1.088    design_1_i/cg_fpga_0/inst/processing_system7_0/inst/FCLK_CLK_unbuffered[0]
    BUFGCTRL_X0Y17       BUFG (Prop_bufg_I_O)         0.091     1.179 r  design_1_i/cg_fpga_0/inst/processing_system7_0/inst/buffer_fclk_clk_0.FCLK_CLK_0_BUFG/O
                         net (fo=6935, routed)        1.479     2.658    design_1_i/cg_fpga_0/inst/cg_fpga_axi_gpio_i1/U0/gpio_core_1/Dual.INPUT_DOUBLE_REGS4/s_axi_aclk
    SLICE_X47Y98         FDRE                                         r  design_1_i/cg_fpga_0/inst/cg_fpga_axi_gpio_i1/U0/gpio_core_1/Dual.INPUT_DOUBLE_REGS4/GENERATE_LEVEL_P_S_CDC.MULTI_BIT.FOR_IN_cdc_to[5].CROSS2_PLEVEL_IN2SCNDRY_IN_cdc_to/C

Slack:                    inf
  Source:                 design_1_i/cg_fpga_0/inst/cg_fpga_axi_gpio_o2/U0/gpio_core_1/Dual.gpio_Data_Out_reg[19]/C
                            (rising edge-triggered cell FDRE clocked by clk_fpga_0  {rise@0.000ns fall@5.000ns period=10.000ns})
  Destination:            design_1_i/cg_fpga_0/inst/cg_fpga_axi_gpio_i1/U0/gpio_core_1/Dual.INPUT_DOUBLE_REGS4/GENERATE_LEVEL_P_S_CDC.MULTI_BIT.FOR_IN_cdc_to[12].CROSS2_PLEVEL_IN2SCNDRY_IN_cdc_to/D
                            (rising edge-triggered cell FDRE clocked by clk_fpga_0  {rise@0.000ns fall@5.000ns period=10.000ns})
  Path Group:             (none)
  Path Type:              Setup (Max at Slow Process Corner)
  Data Path Delay:        7.228ns  (logic 0.929ns (12.852%)  route 6.299ns (87.148%))
  Logic Levels:           4  (BUFG=1 LUT1=1 LUT2=1 LUT4=1)
  Clock Path Skew:        -0.266ns (DCD - SCD + CPR)
    Destination Clock Delay (DCD):    2.659ns
    Source Clock Delay      (SCD):    2.925ns
    Clock Pessimism Removal (CPR):    0.000ns
  Clock Uncertainty:      0.154ns  ((TSJ^2 + TIJ^2)^1/2 + DJ) / 2 + PE
    Total System Jitter     (TSJ):    0.071ns
    Total Input Jitter      (TIJ):    0.300ns
    Discrete Jitter          (DJ):    0.000ns
    Phase Error              (PE):    0.000ns
  Timing Exception:       False Path

    Location             Delay type                Incr(ns)  Path(ns)    Netlist Resource(s)
  -------------------------------------------------------------------    -------------------
                         (clock clk_fpga_0 rise edge)
                                                      0.000     0.000 r  
    PS7_X0Y0             PS7                          0.000     0.000 r  design_1_i/cg_fpga_0/inst/processing_system7_0/inst/PS7_i/FCLKCLK[0]
                         net (fo=1, routed)           1.193     1.193    design_1_i/cg_fpga_0/inst/processing_system7_0/inst/FCLK_CLK_unbuffered[0]
    BUFGCTRL_X0Y17       BUFG (Prop_bufg_I_O)         0.101     1.294 r  design_1_i/cg_fpga_0/inst/processing_system7_0/inst/buffer_fclk_clk_0.FCLK_CLK_0_BUFG/O
                         net (fo=6935, routed)        1.631     2.925    design_1_i/cg_fpga_0/inst/cg_fpga_axi_gpio_o2/U0/gpio_core_1/s_axi_aclk
    SLICE_X43Y74         FDRE                                         r  design_1_i/cg_fpga_0/inst/cg_fpga_axi_gpio_o2/U0/gpio_core_1/Dual.gpio_Data_Out_reg[19]/C
  -------------------------------------------------------------------    -------------------
    SLICE_X43Y74         FDRE (Prop_fdre_C_Q)         0.456     3.381 r  design_1_i/cg_fpga_0/inst/cg_fpga_axi_gpio_o2/U0/gpio_core_1/Dual.gpio_Data_Out_reg[19]/Q
                         net (fo=1, routed)           1.400     4.781    design_1_i/cg_fpga_0/inst/cg_fpga_axi_gpio_o2/U0/gpio_core_1/gpio_io_o[9]
    BUFGCTRL_X0Y16       BUFG (Prop_bufg_I_O)         0.101     4.882 r  design_1_i/cg_fpga_0/inst/cg_fpga_axi_gpio_o2/U0/gpio_core_1/gpio_io_o[9]_BUFG_inst/O
                         net (fo=208, routed)         2.496     7.378    design_1_i/controlor/decode_39/decoder_3to8_0/enable
    SLICE_X46Y102        LUT4 (Prop_lut4_I0_O)        0.124     7.502 f  design_1_i/controlor/decode_39/decoder_3to8_0/out[1]_INST_0/O
                         net (fo=16, routed)          1.258     8.760    design_1_i/register_16bit_0/inst/read_en
    SLICE_X42Y103        LUT2 (Prop_lut2_I1_O)        0.124     8.884 f  design_1_i/register_16bit_0/inst/data_out[12]_INST_0/O
                         net (fo=3, routed)           0.854     9.738    design_1_i/adpt_out_final_0_0/inst/ram[12]
    SLICE_X43Y98         LUT1 (Prop_lut1_I0_O)        0.124     9.862 r  design_1_i/adpt_out_final_0_0/inst/led[12]_INST_0/O
                         net (fo=1, routed)           0.291    10.153    design_1_i/cg_fpga_0/inst/cg_fpga_axi_gpio_i1/U0/gpio_core_1/Dual.INPUT_DOUBLE_REGS4/gpio_io_i[12]
    SLICE_X43Y98         FDRE                                         r  design_1_i/cg_fpga_0/inst/cg_fpga_axi_gpio_i1/U0/gpio_core_1/Dual.INPUT_DOUBLE_REGS4/GENERATE_LEVEL_P_S_CDC.MULTI_BIT.FOR_IN_cdc_to[12].CROSS2_PLEVEL_IN2SCNDRY_IN_cdc_to/D
  -------------------------------------------------------------------    -------------------

                         (clock clk_fpga_0 rise edge)
                                                      0.000     0.000 r  
    PS7_X0Y0             PS7                          0.000     0.000 r  design_1_i/cg_fpga_0/inst/processing_system7_0/inst/PS7_i/FCLKCLK[0]
                         net (fo=1, routed)           1.088     1.088    design_1_i/cg_fpga_0/inst/processing_system7_0/inst/FCLK_CLK_unbuffered[0]
    BUFGCTRL_X0Y17       BUFG (Prop_bufg_I_O)         0.091     1.179 r  design_1_i/cg_fpga_0/inst/processing_system7_0/inst/buffer_fclk_clk_0.FCLK_CLK_0_BUFG/O
                         net (fo=6935, routed)        1.480     2.659    design_1_i/cg_fpga_0/inst/cg_fpga_axi_gpio_i1/U0/gpio_core_1/Dual.INPUT_DOUBLE_REGS4/s_axi_aclk
    SLICE_X43Y98         FDRE                                         r  design_1_i/cg_fpga_0/inst/cg_fpga_axi_gpio_i1/U0/gpio_core_1/Dual.INPUT_DOUBLE_REGS4/GENERATE_LEVEL_P_S_CDC.MULTI_BIT.FOR_IN_cdc_to[12].CROSS2_PLEVEL_IN2SCNDRY_IN_cdc_to/C

Slack:                    inf
  Source:                 design_1_i/cg_fpga_0/inst/cg_fpga_axi_gpio_o2/U0/gpio_core_1/Dual.gpio_Data_Out_reg[19]/C
                            (rising edge-triggered cell FDRE clocked by clk_fpga_0  {rise@0.000ns fall@5.000ns period=10.000ns})
  Destination:            design_1_i/cg_fpga_0/inst/cg_fpga_axi_gpio_i1/U0/gpio_core_1/Dual.INPUT_DOUBLE_REGS4/GENERATE_LEVEL_P_S_CDC.MULTI_BIT.FOR_IN_cdc_to[11].CROSS2_PLEVEL_IN2SCNDRY_IN_cdc_to/D
                            (rising edge-triggered cell FDRE clocked by clk_fpga_0  {rise@0.000ns fall@5.000ns period=10.000ns})
  Path Group:             (none)
  Path Type:              Setup (Max at Slow Process Corner)
  Data Path Delay:        7.175ns  (logic 1.125ns (15.679%)  route 6.050ns (84.321%))
  Logic Levels:           4  (BUFG=1 LUT1=1 LUT2=1 LUT4=1)
  Clock Path Skew:        -0.267ns (DCD - SCD + CPR)
    Destination Clock Delay (DCD):    2.658ns
    Source Clock Delay      (SCD):    2.925ns
    Clock Pessimism Removal (CPR):    0.000ns
  Clock Uncertainty:      0.154ns  ((TSJ^2 + TIJ^2)^1/2 + DJ) / 2 + PE
    Total System Jitter     (TSJ):    0.071ns
    Total Input Jitter      (TIJ):    0.300ns
    Discrete Jitter          (DJ):    0.000ns
    Phase Error              (PE):    0.000ns
  Timing Exception:       False Path

    Location             Delay type                Incr(ns)  Path(ns)    Netlist Resource(s)
  -------------------------------------------------------------------    -------------------
                         (clock clk_fpga_0 rise edge)
                                                      0.000     0.000 r  
    PS7_X0Y0             PS7                          0.000     0.000 r  design_1_i/cg_fpga_0/inst/processing_system7_0/inst/PS7_i/FCLKCLK[0]
                         net (fo=1, routed)           1.193     1.193    design_1_i/cg_fpga_0/inst/processing_system7_0/inst/FCLK_CLK_unbuffered[0]
    BUFGCTRL_X0Y17       BUFG (Prop_bufg_I_O)         0.101     1.294 r  design_1_i/cg_fpga_0/inst/processing_system7_0/inst/buffer_fclk_clk_0.FCLK_CLK_0_BUFG/O
                         net (fo=6935, routed)        1.631     2.925    design_1_i/cg_fpga_0/inst/cg_fpga_axi_gpio_o2/U0/gpio_core_1/s_axi_aclk
    SLICE_X43Y74         FDRE                                         r  design_1_i/cg_fpga_0/inst/cg_fpga_axi_gpio_o2/U0/gpio_core_1/Dual.gpio_Data_Out_reg[19]/C
  -------------------------------------------------------------------    -------------------
    SLICE_X43Y74         FDRE (Prop_fdre_C_Q)         0.456     3.381 r  design_1_i/cg_fpga_0/inst/cg_fpga_axi_gpio_o2/U0/gpio_core_1/Dual.gpio_Data_Out_reg[19]/Q
                         net (fo=1, routed)           1.400     4.781    design_1_i/cg_fpga_0/inst/cg_fpga_axi_gpio_o2/U0/gpio_core_1/gpio_io_o[9]
    BUFGCTRL_X0Y16       BUFG (Prop_bufg_I_O)         0.101     4.882 r  design_1_i/cg_fpga_0/inst/cg_fpga_axi_gpio_o2/U0/gpio_core_1/gpio_io_o[9]_BUFG_inst/O
                         net (fo=208, routed)         2.496     7.378    design_1_i/controlor/decode_39/decoder_3to8_0/enable
    SLICE_X46Y102        LUT4 (Prop_lut4_I0_O)        0.124     7.502 f  design_1_i/controlor/decode_39/decoder_3to8_0/out[1]_INST_0/O
                         net (fo=16, routed)          0.574     8.076    design_1_i/register_16bit_0/inst/read_en
    SLICE_X47Y101        LUT2 (Prop_lut2_I1_O)        0.118     8.194 f  design_1_i/register_16bit_0/inst/data_out[11]_INST_0/O
                         net (fo=3, routed)           0.988     9.181    design_1_i/adpt_out_final_0_0/inst/ram[11]
    SLICE_X44Y99         LUT1 (Prop_lut1_I0_O)        0.326     9.507 r  design_1_i/adpt_out_final_0_0/inst/led[11]_INST_0/O
                         net (fo=1, routed)           0.593    10.100    design_1_i/cg_fpga_0/inst/cg_fpga_axi_gpio_i1/U0/gpio_core_1/Dual.INPUT_DOUBLE_REGS4/gpio_io_i[11]
    SLICE_X44Y99         FDRE                                         r  design_1_i/cg_fpga_0/inst/cg_fpga_axi_gpio_i1/U0/gpio_core_1/Dual.INPUT_DOUBLE_REGS4/GENERATE_LEVEL_P_S_CDC.MULTI_BIT.FOR_IN_cdc_to[11].CROSS2_PLEVEL_IN2SCNDRY_IN_cdc_to/D
  -------------------------------------------------------------------    -------------------

                         (clock clk_fpga_0 rise edge)
                                                      0.000     0.000 r  
    PS7_X0Y0             PS7                          0.000     0.000 r  design_1_i/cg_fpga_0/inst/processing_system7_0/inst/PS7_i/FCLKCLK[0]
                         net (fo=1, routed)           1.088     1.088    design_1_i/cg_fpga_0/inst/processing_system7_0/inst/FCLK_CLK_unbuffered[0]
    BUFGCTRL_X0Y17       BUFG (Prop_bufg_I_O)         0.091     1.179 r  design_1_i/cg_fpga_0/inst/processing_system7_0/inst/buffer_fclk_clk_0.FCLK_CLK_0_BUFG/O
                         net (fo=6935, routed)        1.479     2.658    design_1_i/cg_fpga_0/inst/cg_fpga_axi_gpio_i1/U0/gpio_core_1/Dual.INPUT_DOUBLE_REGS4/s_axi_aclk
    SLICE_X44Y99         FDRE                                         r  design_1_i/cg_fpga_0/inst/cg_fpga_axi_gpio_i1/U0/gpio_core_1/Dual.INPUT_DOUBLE_REGS4/GENERATE_LEVEL_P_S_CDC.MULTI_BIT.FOR_IN_cdc_to[11].CROSS2_PLEVEL_IN2SCNDRY_IN_cdc_to/C

Slack:                    inf
  Source:                 design_1_i/cg_fpga_0/inst/cg_fpga_axi_gpio_o2/U0/gpio_core_1/Dual.gpio_Data_Out_reg[19]/C
                            (rising edge-triggered cell FDRE clocked by clk_fpga_0  {rise@0.000ns fall@5.000ns period=10.000ns})
  Destination:            design_1_i/cg_fpga_0/inst/cg_fpga_axi_gpio_i1/U0/gpio_core_1/Dual.INPUT_DOUBLE_REGS4/GENERATE_LEVEL_P_S_CDC.MULTI_BIT.FOR_IN_cdc_to[14].CROSS2_PLEVEL_IN2SCNDRY_IN_cdc_to/D
                            (rising edge-triggered cell FDRE clocked by clk_fpga_0  {rise@0.000ns fall@5.000ns period=10.000ns})
  Path Group:             (none)
  Path Type:              Setup (Max at Slow Process Corner)
  Data Path Delay:        6.869ns  (logic 0.805ns (11.719%)  route 6.064ns (88.281%))
  Logic Levels:           3  (BUFG=1 LUT2=1 LUT4=1)
  Clock Path Skew:        -0.266ns (DCD - SCD + CPR)
    Destination Clock Delay (DCD):    2.659ns
    Source Clock Delay      (SCD):    2.925ns
    Clock Pessimism Removal (CPR):    0.000ns
  Clock Uncertainty:      0.154ns  ((TSJ^2 + TIJ^2)^1/2 + DJ) / 2 + PE
    Total System Jitter     (TSJ):    0.071ns
    Total Input Jitter      (TIJ):    0.300ns
    Discrete Jitter          (DJ):    0.000ns
    Phase Error              (PE):    0.000ns
  Timing Exception:       False Path

    Location             Delay type                Incr(ns)  Path(ns)    Netlist Resource(s)
  -------------------------------------------------------------------    -------------------
                         (clock clk_fpga_0 rise edge)
                                                      0.000     0.000 r  
    PS7_X0Y0             PS7                          0.000     0.000 r  design_1_i/cg_fpga_0/inst/processing_system7_0/inst/PS7_i/FCLKCLK[0]
                         net (fo=1, routed)           1.193     1.193    design_1_i/cg_fpga_0/inst/processing_system7_0/inst/FCLK_CLK_unbuffered[0]
    BUFGCTRL_X0Y17       BUFG (Prop_bufg_I_O)         0.101     1.294 r  design_1_i/cg_fpga_0/inst/processing_system7_0/inst/buffer_fclk_clk_0.FCLK_CLK_0_BUFG/O
                         net (fo=6935, routed)        1.631     2.925    design_1_i/cg_fpga_0/inst/cg_fpga_axi_gpio_o2/U0/gpio_core_1/s_axi_aclk
    SLICE_X43Y74         FDRE                                         r  design_1_i/cg_fpga_0/inst/cg_fpga_axi_gpio_o2/U0/gpio_core_1/Dual.gpio_Data_Out_reg[19]/C
  -------------------------------------------------------------------    -------------------
    SLICE_X43Y74         FDRE (Prop_fdre_C_Q)         0.456     3.381 r  design_1_i/cg_fpga_0/inst/cg_fpga_axi_gpio_o2/U0/gpio_core_1/Dual.gpio_Data_Out_reg[19]/Q
                         net (fo=1, routed)           1.400     4.781    design_1_i/cg_fpga_0/inst/cg_fpga_axi_gpio_o2/U0/gpio_core_1/gpio_io_o[9]
    BUFGCTRL_X0Y16       BUFG (Prop_bufg_I_O)         0.101     4.882 r  design_1_i/cg_fpga_0/inst/cg_fpga_axi_gpio_o2/U0/gpio_core_1/gpio_io_o[9]_BUFG_inst/O
                         net (fo=208, routed)         2.496     7.378    design_1_i/controlor/decode_39/decoder_3to8_0/enable
    SLICE_X46Y102        LUT4 (Prop_lut4_I0_O)        0.124     7.502 f  design_1_i/controlor/decode_39/decoder_3to8_0/out[1]_INST_0/O
                         net (fo=16, routed)          1.446     8.948    design_1_i/register_16bit_0/inst/read_en
    SLICE_X42Y103        LUT2 (Prop_lut2_I1_O)        0.124     9.072 r  design_1_i/register_16bit_0/inst/data_out[14]_INST_0/O
                         net (fo=2, routed)           0.722     9.794    design_1_i/cg_fpga_0/inst/cg_fpga_axi_gpio_i1/U0/gpio_core_1/Dual.INPUT_DOUBLE_REGS4/gpio_io_i[14]
    SLICE_X43Y99         FDRE                                         r  design_1_i/cg_fpga_0/inst/cg_fpga_axi_gpio_i1/U0/gpio_core_1/Dual.INPUT_DOUBLE_REGS4/GENERATE_LEVEL_P_S_CDC.MULTI_BIT.FOR_IN_cdc_to[14].CROSS2_PLEVEL_IN2SCNDRY_IN_cdc_to/D
  -------------------------------------------------------------------    -------------------

                         (clock clk_fpga_0 rise edge)
                                                      0.000     0.000 r  
    PS7_X0Y0             PS7                          0.000     0.000 r  design_1_i/cg_fpga_0/inst/processing_system7_0/inst/PS7_i/FCLKCLK[0]
                         net (fo=1, routed)           1.088     1.088    design_1_i/cg_fpga_0/inst/processing_system7_0/inst/FCLK_CLK_unbuffered[0]
    BUFGCTRL_X0Y17       BUFG (Prop_bufg_I_O)         0.091     1.179 r  design_1_i/cg_fpga_0/inst/processing_system7_0/inst/buffer_fclk_clk_0.FCLK_CLK_0_BUFG/O
                         net (fo=6935, routed)        1.480     2.659    design_1_i/cg_fpga_0/inst/cg_fpga_axi_gpio_i1/U0/gpio_core_1/Dual.INPUT_DOUBLE_REGS4/s_axi_aclk
    SLICE_X43Y99         FDRE                                         r  design_1_i/cg_fpga_0/inst/cg_fpga_axi_gpio_i1/U0/gpio_core_1/Dual.INPUT_DOUBLE_REGS4/GENERATE_LEVEL_P_S_CDC.MULTI_BIT.FOR_IN_cdc_to[14].CROSS2_PLEVEL_IN2SCNDRY_IN_cdc_to/C

Slack:                    inf
  Source:                 design_1_i/cg_fpga_0/inst/cg_fpga_axi_gpio_o2/U0/gpio_core_1/Dual.gpio_Data_Out_reg[19]/C
                            (rising edge-triggered cell FDRE clocked by clk_fpga_0  {rise@0.000ns fall@5.000ns period=10.000ns})
  Destination:            design_1_i/cg_fpga_0/inst/cg_fpga_axi_gpio_i1/U0/gpio_core_1/Dual.INPUT_DOUBLE_REGS4/GENERATE_LEVEL_P_S_CDC.MULTI_BIT.FOR_IN_cdc_to[15].CROSS2_PLEVEL_IN2SCNDRY_IN_cdc_to/D
                            (rising edge-triggered cell FDRE clocked by clk_fpga_0  {rise@0.000ns fall@5.000ns period=10.000ns})
  Path Group:             (none)
  Path Type:              Setup (Max at Slow Process Corner)
  Data Path Delay:        6.847ns  (logic 0.833ns (12.167%)  route 6.014ns (87.833%))
  Logic Levels:           3  (BUFG=1 LUT2=1 LUT4=1)
  Clock Path Skew:        -0.266ns (DCD - SCD + CPR)
    Destination Clock Delay (DCD):    2.659ns
    Source Clock Delay      (SCD):    2.925ns
    Clock Pessimism Removal (CPR):    0.000ns
  Clock Uncertainty:      0.154ns  ((TSJ^2 + TIJ^2)^1/2 + DJ) / 2 + PE
    Total System Jitter     (TSJ):    0.071ns
    Total Input Jitter      (TIJ):    0.300ns
    Discrete Jitter          (DJ):    0.000ns
    Phase Error              (PE):    0.000ns
  Timing Exception:       False Path

    Location             Delay type                Incr(ns)  Path(ns)    Netlist Resource(s)
  -------------------------------------------------------------------    -------------------
                         (clock clk_fpga_0 rise edge)
                                                      0.000     0.000 r  
    PS7_X0Y0             PS7                          0.000     0.000 r  design_1_i/cg_fpga_0/inst/processing_system7_0/inst/PS7_i/FCLKCLK[0]
                         net (fo=1, routed)           1.193     1.193    design_1_i/cg_fpga_0/inst/processing_system7_0/inst/FCLK_CLK_unbuffered[0]
    BUFGCTRL_X0Y17       BUFG (Prop_bufg_I_O)         0.101     1.294 r  design_1_i/cg_fpga_0/inst/processing_system7_0/inst/buffer_fclk_clk_0.FCLK_CLK_0_BUFG/O
                         net (fo=6935, routed)        1.631     2.925    design_1_i/cg_fpga_0/inst/cg_fpga_axi_gpio_o2/U0/gpio_core_1/s_axi_aclk
    SLICE_X43Y74         FDRE                                         r  design_1_i/cg_fpga_0/inst/cg_fpga_axi_gpio_o2/U0/gpio_core_1/Dual.gpio_Data_Out_reg[19]/C
  -------------------------------------------------------------------    -------------------
    SLICE_X43Y74         FDRE (Prop_fdre_C_Q)         0.456     3.381 r  design_1_i/cg_fpga_0/inst/cg_fpga_axi_gpio_o2/U0/gpio_core_1/Dual.gpio_Data_Out_reg[19]/Q
                         net (fo=1, routed)           1.400     4.781    design_1_i/cg_fpga_0/inst/cg_fpga_axi_gpio_o2/U0/gpio_core_1/gpio_io_o[9]
    BUFGCTRL_X0Y16       BUFG (Prop_bufg_I_O)         0.101     4.882 r  design_1_i/cg_fpga_0/inst/cg_fpga_axi_gpio_o2/U0/gpio_core_1/gpio_io_o[9]_BUFG_inst/O
                         net (fo=208, routed)         2.496     7.378    design_1_i/controlor/decode_39/decoder_3to8_0/enable
    SLICE_X46Y102        LUT4 (Prop_lut4_I0_O)        0.124     7.502 f  design_1_i/controlor/decode_39/decoder_3to8_0/out[1]_INST_0/O
                         net (fo=16, routed)          1.446     8.948    design_1_i/register_16bit_0/inst/read_en
    SLICE_X42Y103        LUT2 (Prop_lut2_I1_O)        0.152     9.100 r  design_1_i/register_16bit_0/inst/data_out[15]_INST_0/O
                         net (fo=2, routed)           0.671     9.772    design_1_i/cg_fpga_0/inst/cg_fpga_axi_gpio_i1/U0/gpio_core_1/Dual.INPUT_DOUBLE_REGS4/gpio_io_i[15]
    SLICE_X42Y99         FDRE                                         r  design_1_i/cg_fpga_0/inst/cg_fpga_axi_gpio_i1/U0/gpio_core_1/Dual.INPUT_DOUBLE_REGS4/GENERATE_LEVEL_P_S_CDC.MULTI_BIT.FOR_IN_cdc_to[15].CROSS2_PLEVEL_IN2SCNDRY_IN_cdc_to/D
  -------------------------------------------------------------------    -------------------

                         (clock clk_fpga_0 rise edge)
                                                      0.000     0.000 r  
    PS7_X0Y0             PS7                          0.000     0.000 r  design_1_i/cg_fpga_0/inst/processing_system7_0/inst/PS7_i/FCLKCLK[0]
                         net (fo=1, routed)           1.088     1.088    design_1_i/cg_fpga_0/inst/processing_system7_0/inst/FCLK_CLK_unbuffered[0]
    BUFGCTRL_X0Y17       BUFG (Prop_bufg_I_O)         0.091     1.179 r  design_1_i/cg_fpga_0/inst/processing_system7_0/inst/buffer_fclk_clk_0.FCLK_CLK_0_BUFG/O
                         net (fo=6935, routed)        1.480     2.659    design_1_i/cg_fpga_0/inst/cg_fpga_axi_gpio_i1/U0/gpio_core_1/Dual.INPUT_DOUBLE_REGS4/s_axi_aclk
    SLICE_X42Y99         FDRE                                         r  design_1_i/cg_fpga_0/inst/cg_fpga_axi_gpio_i1/U0/gpio_core_1/Dual.INPUT_DOUBLE_REGS4/GENERATE_LEVEL_P_S_CDC.MULTI_BIT.FOR_IN_cdc_to[15].CROSS2_PLEVEL_IN2SCNDRY_IN_cdc_to/C

Slack:                    inf
  Source:                 design_1_i/cg_fpga_0/inst/cg_fpga_axi_gpio_o2/U0/gpio_core_1/Dual.gpio_Data_Out_reg[19]/C
                            (rising edge-triggered cell FDRE clocked by clk_fpga_0  {rise@0.000ns fall@5.000ns period=10.000ns})
  Destination:            design_1_i/cg_fpga_0/inst/cg_fpga_axi_gpio_i1/U0/gpio_core_1/Dual.INPUT_DOUBLE_REGS4/GENERATE_LEVEL_P_S_CDC.MULTI_BIT.FOR_IN_cdc_to[6].CROSS2_PLEVEL_IN2SCNDRY_IN_cdc_to/D
                            (rising edge-triggered cell FDRE clocked by clk_fpga_0  {rise@0.000ns fall@5.000ns period=10.000ns})
  Path Group:             (none)
  Path Type:              Setup (Max at Slow Process Corner)
  Data Path Delay:        6.761ns  (logic 0.929ns (13.740%)  route 5.832ns (86.260%))
  Logic Levels:           4  (BUFG=1 LUT1=1 LUT2=1 LUT4=1)
  Clock Path Skew:        -0.279ns (DCD - SCD + CPR)
    Destination Clock Delay (DCD):    2.646ns
    Source Clock Delay      (SCD):    2.925ns
    Clock Pessimism Removal (CPR):    0.000ns
  Clock Uncertainty:      0.154ns  ((TSJ^2 + TIJ^2)^1/2 + DJ) / 2 + PE
    Total System Jitter     (TSJ):    0.071ns
    Total Input Jitter      (TIJ):    0.300ns
    Discrete Jitter          (DJ):    0.000ns
    Phase Error              (PE):    0.000ns
  Timing Exception:       False Path

    Location             Delay type                Incr(ns)  Path(ns)    Netlist Resource(s)
  -------------------------------------------------------------------    -------------------
                         (clock clk_fpga_0 rise edge)
                                                      0.000     0.000 r  
    PS7_X0Y0             PS7                          0.000     0.000 r  design_1_i/cg_fpga_0/inst/processing_system7_0/inst/PS7_i/FCLKCLK[0]
                         net (fo=1, routed)           1.193     1.193    design_1_i/cg_fpga_0/inst/processing_system7_0/inst/FCLK_CLK_unbuffered[0]
    BUFGCTRL_X0Y17       BUFG (Prop_bufg_I_O)         0.101     1.294 r  design_1_i/cg_fpga_0/inst/processing_system7_0/inst/buffer_fclk_clk_0.FCLK_CLK_0_BUFG/O
                         net (fo=6935, routed)        1.631     2.925    design_1_i/cg_fpga_0/inst/cg_fpga_axi_gpio_o2/U0/gpio_core_1/s_axi_aclk
    SLICE_X43Y74         FDRE                                         r  design_1_i/cg_fpga_0/inst/cg_fpga_axi_gpio_o2/U0/gpio_core_1/Dual.gpio_Data_Out_reg[19]/C
  -------------------------------------------------------------------    -------------------
    SLICE_X43Y74         FDRE (Prop_fdre_C_Q)         0.456     3.381 r  design_1_i/cg_fpga_0/inst/cg_fpga_axi_gpio_o2/U0/gpio_core_1/Dual.gpio_Data_Out_reg[19]/Q
                         net (fo=1, routed)           1.400     4.781    design_1_i/cg_fpga_0/inst/cg_fpga_axi_gpio_o2/U0/gpio_core_1/gpio_io_o[9]
    BUFGCTRL_X0Y16       BUFG (Prop_bufg_I_O)         0.101     4.882 r  design_1_i/cg_fpga_0/inst/cg_fpga_axi_gpio_o2/U0/gpio_core_1/gpio_io_o[9]_BUFG_inst/O
                         net (fo=208, routed)         2.496     7.378    design_1_i/controlor/decode_39/decoder_3to8_0/enable
    SLICE_X46Y102        LUT4 (Prop_lut4_I0_O)        0.124     7.502 f  design_1_i/controlor/decode_39/decoder_3to8_0/out[1]_INST_0/O
                         net (fo=16, routed)          0.614     8.116    design_1_i/register_16bit_0/inst/read_en
    SLICE_X48Y102        LUT2 (Prop_lut2_I1_O)        0.124     8.240 f  design_1_i/register_16bit_0/inst/data_out[6]_INST_0/O
                         net (fo=3, routed)           0.650     8.890    design_1_i/adpt_out_final_0_0/inst/ram[6]
    SLICE_X48Y101        LUT1 (Prop_lut1_I0_O)        0.124     9.014 r  design_1_i/adpt_out_final_0_0/inst/led[6]_INST_0/O
                         net (fo=1, routed)           0.672     9.686    design_1_i/cg_fpga_0/inst/cg_fpga_axi_gpio_i1/U0/gpio_core_1/Dual.INPUT_DOUBLE_REGS4/gpio_io_i[6]
    SLICE_X51Y98         FDRE                                         r  design_1_i/cg_fpga_0/inst/cg_fpga_axi_gpio_i1/U0/gpio_core_1/Dual.INPUT_DOUBLE_REGS4/GENERATE_LEVEL_P_S_CDC.MULTI_BIT.FOR_IN_cdc_to[6].CROSS2_PLEVEL_IN2SCNDRY_IN_cdc_to/D
  -------------------------------------------------------------------    -------------------

                         (clock clk_fpga_0 rise edge)
                                                      0.000     0.000 r  
    PS7_X0Y0             PS7                          0.000     0.000 r  design_1_i/cg_fpga_0/inst/processing_system7_0/inst/PS7_i/FCLKCLK[0]
                         net (fo=1, routed)           1.088     1.088    design_1_i/cg_fpga_0/inst/processing_system7_0/inst/FCLK_CLK_unbuffered[0]
    BUFGCTRL_X0Y17       BUFG (Prop_bufg_I_O)         0.091     1.179 r  design_1_i/cg_fpga_0/inst/processing_system7_0/inst/buffer_fclk_clk_0.FCLK_CLK_0_BUFG/O
                         net (fo=6935, routed)        1.467     2.646    design_1_i/cg_fpga_0/inst/cg_fpga_axi_gpio_i1/U0/gpio_core_1/Dual.INPUT_DOUBLE_REGS4/s_axi_aclk
    SLICE_X51Y98         FDRE                                         r  design_1_i/cg_fpga_0/inst/cg_fpga_axi_gpio_i1/U0/gpio_core_1/Dual.INPUT_DOUBLE_REGS4/GENERATE_LEVEL_P_S_CDC.MULTI_BIT.FOR_IN_cdc_to[6].CROSS2_PLEVEL_IN2SCNDRY_IN_cdc_to/C

Slack:                    inf
  Source:                 design_1_i/cg_fpga_0/inst/cg_fpga_axi_gpio_o2/U0/gpio_core_1/Dual.gpio_Data_Out_reg[19]/C
                            (rising edge-triggered cell FDRE clocked by clk_fpga_0  {rise@0.000ns fall@5.000ns period=10.000ns})
  Destination:            design_1_i/cg_fpga_0/inst/cg_fpga_axi_gpio_i1/U0/gpio_core_1/Dual.INPUT_DOUBLE_REGS4/GENERATE_LEVEL_P_S_CDC.MULTI_BIT.FOR_IN_cdc_to[2].CROSS2_PLEVEL_IN2SCNDRY_IN_cdc_to/D
                            (rising edge-triggered cell FDRE clocked by clk_fpga_0  {rise@0.000ns fall@5.000ns period=10.000ns})
  Path Group:             (none)
  Path Type:              Setup (Max at Slow Process Corner)
  Data Path Delay:        6.543ns  (logic 0.805ns (12.303%)  route 5.738ns (87.697%))
  Logic Levels:           3  (BUFG=1 LUT2=1 LUT4=1)
  Clock Path Skew:        -0.279ns (DCD - SCD + CPR)
    Destination Clock Delay (DCD):    2.646ns
    Source Clock Delay      (SCD):    2.925ns
    Clock Pessimism Removal (CPR):    0.000ns
  Clock Uncertainty:      0.154ns  ((TSJ^2 + TIJ^2)^1/2 + DJ) / 2 + PE
    Total System Jitter     (TSJ):    0.071ns
    Total Input Jitter      (TIJ):    0.300ns
    Discrete Jitter          (DJ):    0.000ns
    Phase Error              (PE):    0.000ns
  Timing Exception:       False Path

    Location             Delay type                Incr(ns)  Path(ns)    Netlist Resource(s)
  -------------------------------------------------------------------    -------------------
                         (clock clk_fpga_0 rise edge)
                                                      0.000     0.000 r  
    PS7_X0Y0             PS7                          0.000     0.000 r  design_1_i/cg_fpga_0/inst/processing_system7_0/inst/PS7_i/FCLKCLK[0]
                         net (fo=1, routed)           1.193     1.193    design_1_i/cg_fpga_0/inst/processing_system7_0/inst/FCLK_CLK_unbuffered[0]
    BUFGCTRL_X0Y17       BUFG (Prop_bufg_I_O)         0.101     1.294 r  design_1_i/cg_fpga_0/inst/processing_system7_0/inst/buffer_fclk_clk_0.FCLK_CLK_0_BUFG/O
                         net (fo=6935, routed)        1.631     2.925    design_1_i/cg_fpga_0/inst/cg_fpga_axi_gpio_o2/U0/gpio_core_1/s_axi_aclk
    SLICE_X43Y74         FDRE                                         r  design_1_i/cg_fpga_0/inst/cg_fpga_axi_gpio_o2/U0/gpio_core_1/Dual.gpio_Data_Out_reg[19]/C
  -------------------------------------------------------------------    -------------------
    SLICE_X43Y74         FDRE (Prop_fdre_C_Q)         0.456     3.381 r  design_1_i/cg_fpga_0/inst/cg_fpga_axi_gpio_o2/U0/gpio_core_1/Dual.gpio_Data_Out_reg[19]/Q
                         net (fo=1, routed)           1.400     4.781    design_1_i/cg_fpga_0/inst/cg_fpga_axi_gpio_o2/U0/gpio_core_1/gpio_io_o[9]
    BUFGCTRL_X0Y16       BUFG (Prop_bufg_I_O)         0.101     4.882 r  design_1_i/cg_fpga_0/inst/cg_fpga_axi_gpio_o2/U0/gpio_core_1/gpio_io_o[9]_BUFG_inst/O
                         net (fo=208, routed)         2.496     7.378    design_1_i/controlor/decode_39/decoder_3to8_0/enable
    SLICE_X46Y102        LUT4 (Prop_lut4_I0_O)        0.124     7.502 f  design_1_i/controlor/decode_39/decoder_3to8_0/out[1]_INST_0/O
                         net (fo=16, routed)          1.040     8.542    design_1_i/register_16bit_0/inst/read_en
    SLICE_X49Y103        LUT2 (Prop_lut2_I1_O)        0.124     8.666 r  design_1_i/register_16bit_0/inst/data_out[2]_INST_0/O
                         net (fo=2, routed)           0.802     9.468    design_1_i/cg_fpga_0/inst/cg_fpga_axi_gpio_i1/U0/gpio_core_1/Dual.INPUT_DOUBLE_REGS4/gpio_io_i[2]
    SLICE_X51Y99         FDRE                                         r  design_1_i/cg_fpga_0/inst/cg_fpga_axi_gpio_i1/U0/gpio_core_1/Dual.INPUT_DOUBLE_REGS4/GENERATE_LEVEL_P_S_CDC.MULTI_BIT.FOR_IN_cdc_to[2].CROSS2_PLEVEL_IN2SCNDRY_IN_cdc_to/D
  -------------------------------------------------------------------    -------------------

                         (clock clk_fpga_0 rise edge)
                                                      0.000     0.000 r  
    PS7_X0Y0             PS7                          0.000     0.000 r  design_1_i/cg_fpga_0/inst/processing_system7_0/inst/PS7_i/FCLKCLK[0]
                         net (fo=1, routed)           1.088     1.088    design_1_i/cg_fpga_0/inst/processing_system7_0/inst/FCLK_CLK_unbuffered[0]
    BUFGCTRL_X0Y17       BUFG (Prop_bufg_I_O)         0.091     1.179 r  design_1_i/cg_fpga_0/inst/processing_system7_0/inst/buffer_fclk_clk_0.FCLK_CLK_0_BUFG/O
                         net (fo=6935, routed)        1.467     2.646    design_1_i/cg_fpga_0/inst/cg_fpga_axi_gpio_i1/U0/gpio_core_1/Dual.INPUT_DOUBLE_REGS4/s_axi_aclk
    SLICE_X51Y99         FDRE                                         r  design_1_i/cg_fpga_0/inst/cg_fpga_axi_gpio_i1/U0/gpio_core_1/Dual.INPUT_DOUBLE_REGS4/GENERATE_LEVEL_P_S_CDC.MULTI_BIT.FOR_IN_cdc_to[2].CROSS2_PLEVEL_IN2SCNDRY_IN_cdc_to/C

Slack:                    inf
  Source:                 design_1_i/cg_fpga_0/inst/cg_fpga_axi_gpio_o2/U0/gpio_core_1/Dual.gpio_Data_Out_reg[19]/C
                            (rising edge-triggered cell FDRE clocked by clk_fpga_0  {rise@0.000ns fall@5.000ns period=10.000ns})
  Destination:            design_1_i/cg_fpga_0/inst/cg_fpga_axi_gpio_i1/U0/gpio_core_1/Dual.INPUT_DOUBLE_REGS4/GENERATE_LEVEL_P_S_CDC.MULTI_BIT.FOR_IN_cdc_to[4].CROSS2_PLEVEL_IN2SCNDRY_IN_cdc_to/D
                            (rising edge-triggered cell FDRE clocked by clk_fpga_0  {rise@0.000ns fall@5.000ns period=10.000ns})
  Path Group:             (none)
  Path Type:              Setup (Max at Slow Process Corner)
  Data Path Delay:        6.437ns  (logic 0.805ns (12.506%)  route 5.632ns (87.494%))
  Logic Levels:           3  (BUFG=1 LUT2=1 LUT4=1)
  Clock Path Skew:        -0.268ns (DCD - SCD + CPR)
    Destination Clock Delay (DCD):    2.657ns
    Source Clock Delay      (SCD):    2.925ns
    Clock Pessimism Removal (CPR):    0.000ns
  Clock Uncertainty:      0.154ns  ((TSJ^2 + TIJ^2)^1/2 + DJ) / 2 + PE
    Total System Jitter     (TSJ):    0.071ns
    Total Input Jitter      (TIJ):    0.300ns
    Discrete Jitter          (DJ):    0.000ns
    Phase Error              (PE):    0.000ns
  Timing Exception:       False Path

    Location             Delay type                Incr(ns)  Path(ns)    Netlist Resource(s)
  -------------------------------------------------------------------    -------------------
                         (clock clk_fpga_0 rise edge)
                                                      0.000     0.000 r  
    PS7_X0Y0             PS7                          0.000     0.000 r  design_1_i/cg_fpga_0/inst/processing_system7_0/inst/PS7_i/FCLKCLK[0]
                         net (fo=1, routed)           1.193     1.193    design_1_i/cg_fpga_0/inst/processing_system7_0/inst/FCLK_CLK_unbuffered[0]
    BUFGCTRL_X0Y17       BUFG (Prop_bufg_I_O)         0.101     1.294 r  design_1_i/cg_fpga_0/inst/processing_system7_0/inst/buffer_fclk_clk_0.FCLK_CLK_0_BUFG/O
                         net (fo=6935, routed)        1.631     2.925    design_1_i/cg_fpga_0/inst/cg_fpga_axi_gpio_o2/U0/gpio_core_1/s_axi_aclk
    SLICE_X43Y74         FDRE                                         r  design_1_i/cg_fpga_0/inst/cg_fpga_axi_gpio_o2/U0/gpio_core_1/Dual.gpio_Data_Out_reg[19]/C
  -------------------------------------------------------------------    -------------------
    SLICE_X43Y74         FDRE (Prop_fdre_C_Q)         0.456     3.381 r  design_1_i/cg_fpga_0/inst/cg_fpga_axi_gpio_o2/U0/gpio_core_1/Dual.gpio_Data_Out_reg[19]/Q
                         net (fo=1, routed)           1.400     4.781    design_1_i/cg_fpga_0/inst/cg_fpga_axi_gpio_o2/U0/gpio_core_1/gpio_io_o[9]
    BUFGCTRL_X0Y16       BUFG (Prop_bufg_I_O)         0.101     4.882 r  design_1_i/cg_fpga_0/inst/cg_fpga_axi_gpio_o2/U0/gpio_core_1/gpio_io_o[9]_BUFG_inst/O
                         net (fo=208, routed)         2.496     7.378    design_1_i/controlor/decode_39/decoder_3to8_0/enable
    SLICE_X46Y102        LUT4 (Prop_lut4_I0_O)        0.124     7.502 f  design_1_i/controlor/decode_39/decoder_3to8_0/out[1]_INST_0/O
                         net (fo=16, routed)          1.065     8.567    design_1_i/register_16bit_0/inst/read_en
    SLICE_X47Y103        LUT2 (Prop_lut2_I1_O)        0.124     8.691 r  design_1_i/register_16bit_0/inst/data_out[4]_INST_0/O
                         net (fo=2, routed)           0.671     9.362    design_1_i/cg_fpga_0/inst/cg_fpga_axi_gpio_i1/U0/gpio_core_1/Dual.INPUT_DOUBLE_REGS4/gpio_io_i[4]
    SLICE_X48Y98         FDRE                                         r  design_1_i/cg_fpga_0/inst/cg_fpga_axi_gpio_i1/U0/gpio_core_1/Dual.INPUT_DOUBLE_REGS4/GENERATE_LEVEL_P_S_CDC.MULTI_BIT.FOR_IN_cdc_to[4].CROSS2_PLEVEL_IN2SCNDRY_IN_cdc_to/D
  -------------------------------------------------------------------    -------------------

                         (clock clk_fpga_0 rise edge)
                                                      0.000     0.000 r  
    PS7_X0Y0             PS7                          0.000     0.000 r  design_1_i/cg_fpga_0/inst/processing_system7_0/inst/PS7_i/FCLKCLK[0]
                         net (fo=1, routed)           1.088     1.088    design_1_i/cg_fpga_0/inst/processing_system7_0/inst/FCLK_CLK_unbuffered[0]
    BUFGCTRL_X0Y17       BUFG (Prop_bufg_I_O)         0.091     1.179 r  design_1_i/cg_fpga_0/inst/processing_system7_0/inst/buffer_fclk_clk_0.FCLK_CLK_0_BUFG/O
                         net (fo=6935, routed)        1.478     2.657    design_1_i/cg_fpga_0/inst/cg_fpga_axi_gpio_i1/U0/gpio_core_1/Dual.INPUT_DOUBLE_REGS4/s_axi_aclk
    SLICE_X48Y98         FDRE                                         r  design_1_i/cg_fpga_0/inst/cg_fpga_axi_gpio_i1/U0/gpio_core_1/Dual.INPUT_DOUBLE_REGS4/GENERATE_LEVEL_P_S_CDC.MULTI_BIT.FOR_IN_cdc_to[4].CROSS2_PLEVEL_IN2SCNDRY_IN_cdc_to/C

Slack:                    inf
  Source:                 design_1_i/cg_fpga_0/inst/cg_fpga_axi_gpio_o2/U0/gpio_core_1/Dual.gpio_Data_Out_reg[19]/C
                            (rising edge-triggered cell FDRE clocked by clk_fpga_0  {rise@0.000ns fall@5.000ns period=10.000ns})
  Destination:            design_1_i/cg_fpga_0/inst/cg_fpga_axi_gpio_i1/U0/gpio_core_1/Dual.INPUT_DOUBLE_REGS4/GENERATE_LEVEL_P_S_CDC.MULTI_BIT.FOR_IN_cdc_to[3].CROSS2_PLEVEL_IN2SCNDRY_IN_cdc_to/D
                            (rising edge-triggered cell FDRE clocked by clk_fpga_0  {rise@0.000ns fall@5.000ns period=10.000ns})
  Path Group:             (none)
  Path Type:              Setup (Max at Slow Process Corner)
  Data Path Delay:        6.259ns  (logic 0.799ns (12.766%)  route 5.460ns (87.234%))
  Logic Levels:           3  (BUFG=1 LUT2=1 LUT4=1)
  Clock Path Skew:        -0.279ns (DCD - SCD + CPR)
    Destination Clock Delay (DCD):    2.646ns
    Source Clock Delay      (SCD):    2.925ns
    Clock Pessimism Removal (CPR):    0.000ns
  Clock Uncertainty:      0.154ns  ((TSJ^2 + TIJ^2)^1/2 + DJ) / 2 + PE
    Total System Jitter     (TSJ):    0.071ns
    Total Input Jitter      (TIJ):    0.300ns
    Discrete Jitter          (DJ):    0.000ns
    Phase Error              (PE):    0.000ns
  Timing Exception:       False Path

    Location             Delay type                Incr(ns)  Path(ns)    Netlist Resource(s)
  -------------------------------------------------------------------    -------------------
                         (clock clk_fpga_0 rise edge)
                                                      0.000     0.000 r  
    PS7_X0Y0             PS7                          0.000     0.000 r  design_1_i/cg_fpga_0/inst/processing_system7_0/inst/PS7_i/FCLKCLK[0]
                         net (fo=1, routed)           1.193     1.193    design_1_i/cg_fpga_0/inst/processing_system7_0/inst/FCLK_CLK_unbuffered[0]
    BUFGCTRL_X0Y17       BUFG (Prop_bufg_I_O)         0.101     1.294 r  design_1_i/cg_fpga_0/inst/processing_system7_0/inst/buffer_fclk_clk_0.FCLK_CLK_0_BUFG/O
                         net (fo=6935, routed)        1.631     2.925    design_1_i/cg_fpga_0/inst/cg_fpga_axi_gpio_o2/U0/gpio_core_1/s_axi_aclk
    SLICE_X43Y74         FDRE                                         r  design_1_i/cg_fpga_0/inst/cg_fpga_axi_gpio_o2/U0/gpio_core_1/Dual.gpio_Data_Out_reg[19]/C
  -------------------------------------------------------------------    -------------------
    SLICE_X43Y74         FDRE (Prop_fdre_C_Q)         0.456     3.381 r  design_1_i/cg_fpga_0/inst/cg_fpga_axi_gpio_o2/U0/gpio_core_1/Dual.gpio_Data_Out_reg[19]/Q
                         net (fo=1, routed)           1.400     4.781    design_1_i/cg_fpga_0/inst/cg_fpga_axi_gpio_o2/U0/gpio_core_1/gpio_io_o[9]
    BUFGCTRL_X0Y16       BUFG (Prop_bufg_I_O)         0.101     4.882 r  design_1_i/cg_fpga_0/inst/cg_fpga_axi_gpio_o2/U0/gpio_core_1/gpio_io_o[9]_BUFG_inst/O
                         net (fo=208, routed)         2.496     7.378    design_1_i/controlor/decode_39/decoder_3to8_0/enable
    SLICE_X46Y102        LUT4 (Prop_lut4_I0_O)        0.124     7.502 f  design_1_i/controlor/decode_39/decoder_3to8_0/out[1]_INST_0/O
                         net (fo=16, routed)          1.040     8.542    design_1_i/register_16bit_0/inst/read_en
    SLICE_X49Y103        LUT2 (Prop_lut2_I1_O)        0.118     8.660 r  design_1_i/register_16bit_0/inst/data_out[3]_INST_0/O
                         net (fo=2, routed)           0.524     9.184    design_1_i/cg_fpga_0/inst/cg_fpga_axi_gpio_i1/U0/gpio_core_1/Dual.INPUT_DOUBLE_REGS4/gpio_io_i[3]
    SLICE_X51Y97         FDRE                                         r  design_1_i/cg_fpga_0/inst/cg_fpga_axi_gpio_i1/U0/gpio_core_1/Dual.INPUT_DOUBLE_REGS4/GENERATE_LEVEL_P_S_CDC.MULTI_BIT.FOR_IN_cdc_to[3].CROSS2_PLEVEL_IN2SCNDRY_IN_cdc_to/D
  -------------------------------------------------------------------    -------------------

                         (clock clk_fpga_0 rise edge)
                                                      0.000     0.000 r  
    PS7_X0Y0             PS7                          0.000     0.000 r  design_1_i/cg_fpga_0/inst/processing_system7_0/inst/PS7_i/FCLKCLK[0]
                         net (fo=1, routed)           1.088     1.088    design_1_i/cg_fpga_0/inst/processing_system7_0/inst/FCLK_CLK_unbuffered[0]
    BUFGCTRL_X0Y17       BUFG (Prop_bufg_I_O)         0.091     1.179 r  design_1_i/cg_fpga_0/inst/processing_system7_0/inst/buffer_fclk_clk_0.FCLK_CLK_0_BUFG/O
                         net (fo=6935, routed)        1.467     2.646    design_1_i/cg_fpga_0/inst/cg_fpga_axi_gpio_i1/U0/gpio_core_1/Dual.INPUT_DOUBLE_REGS4/s_axi_aclk
    SLICE_X51Y97         FDRE                                         r  design_1_i/cg_fpga_0/inst/cg_fpga_axi_gpio_i1/U0/gpio_core_1/Dual.INPUT_DOUBLE_REGS4/GENERATE_LEVEL_P_S_CDC.MULTI_BIT.FOR_IN_cdc_to[3].CROSS2_PLEVEL_IN2SCNDRY_IN_cdc_to/C





Min Delay Paths
--------------------------------------------------------------------------------------
Slack:                    inf
  Source:                 design_1_i/cg_fpga_0/inst/cg_axi_vdma_0/U0/AXI_LITE_REG_INTERFACE_I/GEN_AXI_LITE_IF.AXI_LITE_IF_I/GEN_LITE_IS_ASYNC.GEN_ASYNC_LITE_ACCESS.s2mm_ip2axi_rddata_d1_reg[16]/C
                            (rising edge-triggered cell FDRE clocked by clk_fpga_0  {rise@0.000ns fall@5.000ns period=10.000ns})
  Destination:            design_1_i/cg_fpga_0/inst/cg_axi_vdma_0/U0/AXI_LITE_REG_INTERFACE_I/GEN_AXI_LITE_IF.AXI_LITE_IF_I/GEN_LITE_IS_ASYNC.GEN_ASYNC_LITE_ACCESS.ip2axi_rddata_captured_s2mm_cdc_tig_reg[16]/D
                            (rising edge-triggered cell FDRE clocked by clk_fpga_0  {rise@0.000ns fall@5.000ns period=10.000ns})
  Path Group:             (none)
  Path Type:              Hold (Min at Fast Process Corner)
  Data Path Delay:        0.197ns  (logic 0.141ns (71.611%)  route 0.056ns (28.389%))
  Logic Levels:           0  
  Clock Path Skew:        0.298ns (DCD - SCD - CPR)
    Destination Clock Delay (DCD):    1.185ns
    Source Clock Delay      (SCD):    0.887ns
    Clock Pessimism Removal (CPR):    -0.000ns
  Clock Uncertainty:      0.154ns  ((TSJ^2 + TIJ^2)^1/2 + DJ) / 2 + PE
    Total System Jitter     (TSJ):    0.071ns
    Total Input Jitter      (TIJ):    0.300ns
    Discrete Jitter          (DJ):    0.000ns
    Phase Error              (PE):    0.000ns
  Timing Exception:       False Path

    Location             Delay type                Incr(ns)  Path(ns)    Netlist Resource(s)
  -------------------------------------------------------------------    -------------------
                         (clock clk_fpga_0 rise edge)
                                                      0.000     0.000 r  
    PS7_X0Y0             PS7                          0.000     0.000 r  design_1_i/cg_fpga_0/inst/processing_system7_0/inst/PS7_i/FCLKCLK[0]
                         net (fo=1, routed)           0.310     0.310    design_1_i/cg_fpga_0/inst/processing_system7_0/inst/FCLK_CLK_unbuffered[0]
    BUFGCTRL_X0Y17       BUFG (Prop_bufg_I_O)         0.026     0.336 r  design_1_i/cg_fpga_0/inst/processing_system7_0/inst/buffer_fclk_clk_0.FCLK_CLK_0_BUFG/O
                         net (fo=6935, routed)        0.551     0.887    design_1_i/cg_fpga_0/inst/cg_axi_vdma_0/U0/AXI_LITE_REG_INTERFACE_I/GEN_AXI_LITE_IF.AXI_LITE_IF_I/s_axi_lite_aclk
    SLICE_X53Y58         FDRE                                         r  design_1_i/cg_fpga_0/inst/cg_axi_vdma_0/U0/AXI_LITE_REG_INTERFACE_I/GEN_AXI_LITE_IF.AXI_LITE_IF_I/GEN_LITE_IS_ASYNC.GEN_ASYNC_LITE_ACCESS.s2mm_ip2axi_rddata_d1_reg[16]/C
  -------------------------------------------------------------------    -------------------
    SLICE_X53Y58         FDRE (Prop_fdre_C_Q)         0.141     1.028 r  design_1_i/cg_fpga_0/inst/cg_axi_vdma_0/U0/AXI_LITE_REG_INTERFACE_I/GEN_AXI_LITE_IF.AXI_LITE_IF_I/GEN_LITE_IS_ASYNC.GEN_ASYNC_LITE_ACCESS.s2mm_ip2axi_rddata_d1_reg[16]/Q
                         net (fo=1, routed)           0.056     1.083    design_1_i/cg_fpga_0/inst/cg_axi_vdma_0/U0/AXI_LITE_REG_INTERFACE_I/GEN_AXI_LITE_IF.AXI_LITE_IF_I/s2mm_ip2axi_rddata_d1[16]
    SLICE_X53Y58         FDRE                                         r  design_1_i/cg_fpga_0/inst/cg_axi_vdma_0/U0/AXI_LITE_REG_INTERFACE_I/GEN_AXI_LITE_IF.AXI_LITE_IF_I/GEN_LITE_IS_ASYNC.GEN_ASYNC_LITE_ACCESS.ip2axi_rddata_captured_s2mm_cdc_tig_reg[16]/D
  -------------------------------------------------------------------    -------------------

                         (clock clk_fpga_0 rise edge)
                                                      0.000     0.000 r  
    PS7_X0Y0             PS7                          0.000     0.000 r  design_1_i/cg_fpga_0/inst/processing_system7_0/inst/PS7_i/FCLKCLK[0]
                         net (fo=1, routed)           0.337     0.337    design_1_i/cg_fpga_0/inst/processing_system7_0/inst/FCLK_CLK_unbuffered[0]
    BUFGCTRL_X0Y17       BUFG (Prop_bufg_I_O)         0.029     0.366 r  design_1_i/cg_fpga_0/inst/processing_system7_0/inst/buffer_fclk_clk_0.FCLK_CLK_0_BUFG/O
                         net (fo=6935, routed)        0.819     1.185    design_1_i/cg_fpga_0/inst/cg_axi_vdma_0/U0/AXI_LITE_REG_INTERFACE_I/GEN_AXI_LITE_IF.AXI_LITE_IF_I/s_axi_lite_aclk
    SLICE_X53Y58         FDRE                                         r  design_1_i/cg_fpga_0/inst/cg_axi_vdma_0/U0/AXI_LITE_REG_INTERFACE_I/GEN_AXI_LITE_IF.AXI_LITE_IF_I/GEN_LITE_IS_ASYNC.GEN_ASYNC_LITE_ACCESS.ip2axi_rddata_captured_s2mm_cdc_tig_reg[16]/C

Slack:                    inf
  Source:                 design_1_i/cg_fpga_0/inst/cg_axi_vdma_0/U0/AXI_LITE_REG_INTERFACE_I/GEN_AXI_LITE_IF.AXI_LITE_IF_I/GEN_LITE_IS_ASYNC.GEN_ASYNC_LITE_ACCESS.s2mm_ip2axi_rddata_d1_reg[12]/C
                            (rising edge-triggered cell FDRE clocked by clk_fpga_0  {rise@0.000ns fall@5.000ns period=10.000ns})
  Destination:            design_1_i/cg_fpga_0/inst/cg_axi_vdma_0/U0/AXI_LITE_REG_INTERFACE_I/GEN_AXI_LITE_IF.AXI_LITE_IF_I/GEN_LITE_IS_ASYNC.GEN_ASYNC_LITE_ACCESS.ip2axi_rddata_captured_s2mm_cdc_tig_reg[12]/D
                            (rising edge-triggered cell FDRE clocked by clk_fpga_0  {rise@0.000ns fall@5.000ns period=10.000ns})
  Path Group:             (none)
  Path Type:              Hold (Min at Fast Process Corner)
  Data Path Delay:        0.197ns  (logic 0.141ns (71.611%)  route 0.056ns (28.389%))
  Logic Levels:           0  
  Clock Path Skew:        0.298ns (DCD - SCD - CPR)
    Destination Clock Delay (DCD):    1.186ns
    Source Clock Delay      (SCD):    0.888ns
    Clock Pessimism Removal (CPR):    -0.000ns
  Clock Uncertainty:      0.154ns  ((TSJ^2 + TIJ^2)^1/2 + DJ) / 2 + PE
    Total System Jitter     (TSJ):    0.071ns
    Total Input Jitter      (TIJ):    0.300ns
    Discrete Jitter          (DJ):    0.000ns
    Phase Error              (PE):    0.000ns
  Timing Exception:       False Path

    Location             Delay type                Incr(ns)  Path(ns)    Netlist Resource(s)
  -------------------------------------------------------------------    -------------------
                         (clock clk_fpga_0 rise edge)
                                                      0.000     0.000 r  
    PS7_X0Y0             PS7                          0.000     0.000 r  design_1_i/cg_fpga_0/inst/processing_system7_0/inst/PS7_i/FCLKCLK[0]
                         net (fo=1, routed)           0.310     0.310    design_1_i/cg_fpga_0/inst/processing_system7_0/inst/FCLK_CLK_unbuffered[0]
    BUFGCTRL_X0Y17       BUFG (Prop_bufg_I_O)         0.026     0.336 r  design_1_i/cg_fpga_0/inst/processing_system7_0/inst/buffer_fclk_clk_0.FCLK_CLK_0_BUFG/O
                         net (fo=6935, routed)        0.552     0.888    design_1_i/cg_fpga_0/inst/cg_axi_vdma_0/U0/AXI_LITE_REG_INTERFACE_I/GEN_AXI_LITE_IF.AXI_LITE_IF_I/s_axi_lite_aclk
    SLICE_X51Y54         FDRE                                         r  design_1_i/cg_fpga_0/inst/cg_axi_vdma_0/U0/AXI_LITE_REG_INTERFACE_I/GEN_AXI_LITE_IF.AXI_LITE_IF_I/GEN_LITE_IS_ASYNC.GEN_ASYNC_LITE_ACCESS.s2mm_ip2axi_rddata_d1_reg[12]/C
  -------------------------------------------------------------------    -------------------
    SLICE_X51Y54         FDRE (Prop_fdre_C_Q)         0.141     1.029 r  design_1_i/cg_fpga_0/inst/cg_axi_vdma_0/U0/AXI_LITE_REG_INTERFACE_I/GEN_AXI_LITE_IF.AXI_LITE_IF_I/GEN_LITE_IS_ASYNC.GEN_ASYNC_LITE_ACCESS.s2mm_ip2axi_rddata_d1_reg[12]/Q
                         net (fo=1, routed)           0.056     1.084    design_1_i/cg_fpga_0/inst/cg_axi_vdma_0/U0/AXI_LITE_REG_INTERFACE_I/GEN_AXI_LITE_IF.AXI_LITE_IF_I/s2mm_ip2axi_rddata_d1[12]
    SLICE_X51Y54         FDRE                                         r  design_1_i/cg_fpga_0/inst/cg_axi_vdma_0/U0/AXI_LITE_REG_INTERFACE_I/GEN_AXI_LITE_IF.AXI_LITE_IF_I/GEN_LITE_IS_ASYNC.GEN_ASYNC_LITE_ACCESS.ip2axi_rddata_captured_s2mm_cdc_tig_reg[12]/D
  -------------------------------------------------------------------    -------------------

                         (clock clk_fpga_0 rise edge)
                                                      0.000     0.000 r  
    PS7_X0Y0             PS7                          0.000     0.000 r  design_1_i/cg_fpga_0/inst/processing_system7_0/inst/PS7_i/FCLKCLK[0]
                         net (fo=1, routed)           0.337     0.337    design_1_i/cg_fpga_0/inst/processing_system7_0/inst/FCLK_CLK_unbuffered[0]
    BUFGCTRL_X0Y17       BUFG (Prop_bufg_I_O)         0.029     0.366 r  design_1_i/cg_fpga_0/inst/processing_system7_0/inst/buffer_fclk_clk_0.FCLK_CLK_0_BUFG/O
                         net (fo=6935, routed)        0.820     1.186    design_1_i/cg_fpga_0/inst/cg_axi_vdma_0/U0/AXI_LITE_REG_INTERFACE_I/GEN_AXI_LITE_IF.AXI_LITE_IF_I/s_axi_lite_aclk
    SLICE_X51Y54         FDRE                                         r  design_1_i/cg_fpga_0/inst/cg_axi_vdma_0/U0/AXI_LITE_REG_INTERFACE_I/GEN_AXI_LITE_IF.AXI_LITE_IF_I/GEN_LITE_IS_ASYNC.GEN_ASYNC_LITE_ACCESS.ip2axi_rddata_captured_s2mm_cdc_tig_reg[12]/C

Slack:                    inf
  Source:                 design_1_i/cg_fpga_0/inst/cg_axi_vdma_0/U0/AXI_LITE_REG_INTERFACE_I/GEN_AXI_LITE_IF.AXI_LITE_IF_I/GEN_LITE_IS_ASYNC.GEN_ASYNC_LITE_ACCESS.s2mm_ip2axi_rddata_d1_reg[10]/C
                            (rising edge-triggered cell FDRE clocked by clk_fpga_0  {rise@0.000ns fall@5.000ns period=10.000ns})
  Destination:            design_1_i/cg_fpga_0/inst/cg_axi_vdma_0/U0/AXI_LITE_REG_INTERFACE_I/GEN_AXI_LITE_IF.AXI_LITE_IF_I/GEN_LITE_IS_ASYNC.GEN_ASYNC_LITE_ACCESS.ip2axi_rddata_captured_s2mm_cdc_tig_reg[10]/D
                            (rising edge-triggered cell FDRE clocked by clk_fpga_0  {rise@0.000ns fall@5.000ns period=10.000ns})
  Path Group:             (none)
  Path Type:              Hold (Min at Fast Process Corner)
  Data Path Delay:        0.197ns  (logic 0.141ns (71.611%)  route 0.056ns (28.389%))
  Logic Levels:           0  
  Clock Path Skew:        0.298ns (DCD - SCD - CPR)
    Destination Clock Delay (DCD):    1.187ns
    Source Clock Delay      (SCD):    0.889ns
    Clock Pessimism Removal (CPR):    -0.000ns
  Clock Uncertainty:      0.154ns  ((TSJ^2 + TIJ^2)^1/2 + DJ) / 2 + PE
    Total System Jitter     (TSJ):    0.071ns
    Total Input Jitter      (TIJ):    0.300ns
    Discrete Jitter          (DJ):    0.000ns
    Phase Error              (PE):    0.000ns
  Timing Exception:       False Path

    Location             Delay type                Incr(ns)  Path(ns)    Netlist Resource(s)
  -------------------------------------------------------------------    -------------------
                         (clock clk_fpga_0 rise edge)
                                                      0.000     0.000 r  
    PS7_X0Y0             PS7                          0.000     0.000 r  design_1_i/cg_fpga_0/inst/processing_system7_0/inst/PS7_i/FCLKCLK[0]
                         net (fo=1, routed)           0.310     0.310    design_1_i/cg_fpga_0/inst/processing_system7_0/inst/FCLK_CLK_unbuffered[0]
    BUFGCTRL_X0Y17       BUFG (Prop_bufg_I_O)         0.026     0.336 r  design_1_i/cg_fpga_0/inst/processing_system7_0/inst/buffer_fclk_clk_0.FCLK_CLK_0_BUFG/O
                         net (fo=6935, routed)        0.553     0.889    design_1_i/cg_fpga_0/inst/cg_axi_vdma_0/U0/AXI_LITE_REG_INTERFACE_I/GEN_AXI_LITE_IF.AXI_LITE_IF_I/s_axi_lite_aclk
    SLICE_X51Y52         FDRE                                         r  design_1_i/cg_fpga_0/inst/cg_axi_vdma_0/U0/AXI_LITE_REG_INTERFACE_I/GEN_AXI_LITE_IF.AXI_LITE_IF_I/GEN_LITE_IS_ASYNC.GEN_ASYNC_LITE_ACCESS.s2mm_ip2axi_rddata_d1_reg[10]/C
  -------------------------------------------------------------------    -------------------
    SLICE_X51Y52         FDRE (Prop_fdre_C_Q)         0.141     1.030 r  design_1_i/cg_fpga_0/inst/cg_axi_vdma_0/U0/AXI_LITE_REG_INTERFACE_I/GEN_AXI_LITE_IF.AXI_LITE_IF_I/GEN_LITE_IS_ASYNC.GEN_ASYNC_LITE_ACCESS.s2mm_ip2axi_rddata_d1_reg[10]/Q
                         net (fo=1, routed)           0.056     1.085    design_1_i/cg_fpga_0/inst/cg_axi_vdma_0/U0/AXI_LITE_REG_INTERFACE_I/GEN_AXI_LITE_IF.AXI_LITE_IF_I/s2mm_ip2axi_rddata_d1[10]
    SLICE_X51Y52         FDRE                                         r  design_1_i/cg_fpga_0/inst/cg_axi_vdma_0/U0/AXI_LITE_REG_INTERFACE_I/GEN_AXI_LITE_IF.AXI_LITE_IF_I/GEN_LITE_IS_ASYNC.GEN_ASYNC_LITE_ACCESS.ip2axi_rddata_captured_s2mm_cdc_tig_reg[10]/D
  -------------------------------------------------------------------    -------------------

                         (clock clk_fpga_0 rise edge)
                                                      0.000     0.000 r  
    PS7_X0Y0             PS7                          0.000     0.000 r  design_1_i/cg_fpga_0/inst/processing_system7_0/inst/PS7_i/FCLKCLK[0]
                         net (fo=1, routed)           0.337     0.337    design_1_i/cg_fpga_0/inst/processing_system7_0/inst/FCLK_CLK_unbuffered[0]
    BUFGCTRL_X0Y17       BUFG (Prop_bufg_I_O)         0.029     0.366 r  design_1_i/cg_fpga_0/inst/processing_system7_0/inst/buffer_fclk_clk_0.FCLK_CLK_0_BUFG/O
                         net (fo=6935, routed)        0.821     1.187    design_1_i/cg_fpga_0/inst/cg_axi_vdma_0/U0/AXI_LITE_REG_INTERFACE_I/GEN_AXI_LITE_IF.AXI_LITE_IF_I/s_axi_lite_aclk
    SLICE_X51Y52         FDRE                                         r  design_1_i/cg_fpga_0/inst/cg_axi_vdma_0/U0/AXI_LITE_REG_INTERFACE_I/GEN_AXI_LITE_IF.AXI_LITE_IF_I/GEN_LITE_IS_ASYNC.GEN_ASYNC_LITE_ACCESS.ip2axi_rddata_captured_s2mm_cdc_tig_reg[10]/C

Slack:                    inf
  Source:                 design_1_i/cg_fpga_0/inst/cg_axi_vdma_0/U0/AXI_LITE_REG_INTERFACE_I/GEN_AXI_LITE_IF.AXI_LITE_IF_I/GEN_LITE_IS_ASYNC.GEN_ASYNC_LITE_ACCESS.mm2s_ip2axi_rddata_d1_reg[8]/C
                            (rising edge-triggered cell FDRE clocked by clk_fpga_0  {rise@0.000ns fall@5.000ns period=10.000ns})
  Destination:            design_1_i/cg_fpga_0/inst/cg_axi_vdma_0/U0/AXI_LITE_REG_INTERFACE_I/GEN_AXI_LITE_IF.AXI_LITE_IF_I/GEN_LITE_IS_ASYNC.GEN_ASYNC_LITE_ACCESS.ip2axi_rddata_captured_mm2s_cdc_tig_reg[8]/D
                            (rising edge-triggered cell FDRE clocked by clk_fpga_0  {rise@0.000ns fall@5.000ns period=10.000ns})
  Path Group:             (none)
  Path Type:              Hold (Min at Fast Process Corner)
  Data Path Delay:        0.197ns  (logic 0.141ns (71.611%)  route 0.056ns (28.389%))
  Logic Levels:           0  
  Clock Path Skew:        0.298ns (DCD - SCD - CPR)
    Destination Clock Delay (DCD):    1.188ns
    Source Clock Delay      (SCD):    0.890ns
    Clock Pessimism Removal (CPR):    -0.000ns
  Clock Uncertainty:      0.154ns  ((TSJ^2 + TIJ^2)^1/2 + DJ) / 2 + PE
    Total System Jitter     (TSJ):    0.071ns
    Total Input Jitter      (TIJ):    0.300ns
    Discrete Jitter          (DJ):    0.000ns
    Phase Error              (PE):    0.000ns
  Timing Exception:       False Path

    Location             Delay type                Incr(ns)  Path(ns)    Netlist Resource(s)
  -------------------------------------------------------------------    -------------------
                         (clock clk_fpga_0 rise edge)
                                                      0.000     0.000 r  
    PS7_X0Y0             PS7                          0.000     0.000 r  design_1_i/cg_fpga_0/inst/processing_system7_0/inst/PS7_i/FCLKCLK[0]
                         net (fo=1, routed)           0.310     0.310    design_1_i/cg_fpga_0/inst/processing_system7_0/inst/FCLK_CLK_unbuffered[0]
    BUFGCTRL_X0Y17       BUFG (Prop_bufg_I_O)         0.026     0.336 r  design_1_i/cg_fpga_0/inst/processing_system7_0/inst/buffer_fclk_clk_0.FCLK_CLK_0_BUFG/O
                         net (fo=6935, routed)        0.554     0.890    design_1_i/cg_fpga_0/inst/cg_axi_vdma_0/U0/AXI_LITE_REG_INTERFACE_I/GEN_AXI_LITE_IF.AXI_LITE_IF_I/s_axi_lite_aclk
    SLICE_X47Y61         FDRE                                         r  design_1_i/cg_fpga_0/inst/cg_axi_vdma_0/U0/AXI_LITE_REG_INTERFACE_I/GEN_AXI_LITE_IF.AXI_LITE_IF_I/GEN_LITE_IS_ASYNC.GEN_ASYNC_LITE_ACCESS.mm2s_ip2axi_rddata_d1_reg[8]/C
  -------------------------------------------------------------------    -------------------
    SLICE_X47Y61         FDRE (Prop_fdre_C_Q)         0.141     1.031 r  design_1_i/cg_fpga_0/inst/cg_axi_vdma_0/U0/AXI_LITE_REG_INTERFACE_I/GEN_AXI_LITE_IF.AXI_LITE_IF_I/GEN_LITE_IS_ASYNC.GEN_ASYNC_LITE_ACCESS.mm2s_ip2axi_rddata_d1_reg[8]/Q
                         net (fo=1, routed)           0.056     1.086    design_1_i/cg_fpga_0/inst/cg_axi_vdma_0/U0/AXI_LITE_REG_INTERFACE_I/GEN_AXI_LITE_IF.AXI_LITE_IF_I/mm2s_ip2axi_rddata_d1[8]
    SLICE_X47Y61         FDRE                                         r  design_1_i/cg_fpga_0/inst/cg_axi_vdma_0/U0/AXI_LITE_REG_INTERFACE_I/GEN_AXI_LITE_IF.AXI_LITE_IF_I/GEN_LITE_IS_ASYNC.GEN_ASYNC_LITE_ACCESS.ip2axi_rddata_captured_mm2s_cdc_tig_reg[8]/D
  -------------------------------------------------------------------    -------------------

                         (clock clk_fpga_0 rise edge)
                                                      0.000     0.000 r  
    PS7_X0Y0             PS7                          0.000     0.000 r  design_1_i/cg_fpga_0/inst/processing_system7_0/inst/PS7_i/FCLKCLK[0]
                         net (fo=1, routed)           0.337     0.337    design_1_i/cg_fpga_0/inst/processing_system7_0/inst/FCLK_CLK_unbuffered[0]
    BUFGCTRL_X0Y17       BUFG (Prop_bufg_I_O)         0.029     0.366 r  design_1_i/cg_fpga_0/inst/processing_system7_0/inst/buffer_fclk_clk_0.FCLK_CLK_0_BUFG/O
                         net (fo=6935, routed)        0.822     1.188    design_1_i/cg_fpga_0/inst/cg_axi_vdma_0/U0/AXI_LITE_REG_INTERFACE_I/GEN_AXI_LITE_IF.AXI_LITE_IF_I/s_axi_lite_aclk
    SLICE_X47Y61         FDRE                                         r  design_1_i/cg_fpga_0/inst/cg_axi_vdma_0/U0/AXI_LITE_REG_INTERFACE_I/GEN_AXI_LITE_IF.AXI_LITE_IF_I/GEN_LITE_IS_ASYNC.GEN_ASYNC_LITE_ACCESS.ip2axi_rddata_captured_mm2s_cdc_tig_reg[8]/C

Slack:                    inf
  Source:                 design_1_i/cg_fpga_0/inst/cg_axi_vdma_0/U0/AXI_LITE_REG_INTERFACE_I/GEN_AXI_LITE_IF.AXI_LITE_IF_I/GEN_LITE_IS_ASYNC.GEN_ASYNC_LITE_ACCESS.mm2s_ip2axi_rddata_d1_reg[30]/C
                            (rising edge-triggered cell FDRE clocked by clk_fpga_0  {rise@0.000ns fall@5.000ns period=10.000ns})
  Destination:            design_1_i/cg_fpga_0/inst/cg_axi_vdma_0/U0/AXI_LITE_REG_INTERFACE_I/GEN_AXI_LITE_IF.AXI_LITE_IF_I/GEN_LITE_IS_ASYNC.GEN_ASYNC_LITE_ACCESS.ip2axi_rddata_captured_mm2s_cdc_tig_reg[30]/D
                            (rising edge-triggered cell FDRE clocked by clk_fpga_0  {rise@0.000ns fall@5.000ns period=10.000ns})
  Path Group:             (none)
  Path Type:              Hold (Min at Fast Process Corner)
  Data Path Delay:        0.220ns  (logic 0.164ns (74.580%)  route 0.056ns (25.420%))
  Logic Levels:           0  
  Clock Path Skew:        0.296ns (DCD - SCD - CPR)
    Destination Clock Delay (DCD):    1.178ns
    Source Clock Delay      (SCD):    0.882ns
    Clock Pessimism Removal (CPR):    -0.000ns
  Clock Uncertainty:      0.154ns  ((TSJ^2 + TIJ^2)^1/2 + DJ) / 2 + PE
    Total System Jitter     (TSJ):    0.071ns
    Total Input Jitter      (TIJ):    0.300ns
    Discrete Jitter          (DJ):    0.000ns
    Phase Error              (PE):    0.000ns
  Timing Exception:       False Path

    Location             Delay type                Incr(ns)  Path(ns)    Netlist Resource(s)
  -------------------------------------------------------------------    -------------------
                         (clock clk_fpga_0 rise edge)
                                                      0.000     0.000 r  
    PS7_X0Y0             PS7                          0.000     0.000 r  design_1_i/cg_fpga_0/inst/processing_system7_0/inst/PS7_i/FCLKCLK[0]
                         net (fo=1, routed)           0.310     0.310    design_1_i/cg_fpga_0/inst/processing_system7_0/inst/FCLK_CLK_unbuffered[0]
    BUFGCTRL_X0Y17       BUFG (Prop_bufg_I_O)         0.026     0.336 r  design_1_i/cg_fpga_0/inst/processing_system7_0/inst/buffer_fclk_clk_0.FCLK_CLK_0_BUFG/O
                         net (fo=6935, routed)        0.546     0.882    design_1_i/cg_fpga_0/inst/cg_axi_vdma_0/U0/AXI_LITE_REG_INTERFACE_I/GEN_AXI_LITE_IF.AXI_LITE_IF_I/s_axi_lite_aclk
    SLICE_X46Y71         FDRE                                         r  design_1_i/cg_fpga_0/inst/cg_axi_vdma_0/U0/AXI_LITE_REG_INTERFACE_I/GEN_AXI_LITE_IF.AXI_LITE_IF_I/GEN_LITE_IS_ASYNC.GEN_ASYNC_LITE_ACCESS.mm2s_ip2axi_rddata_d1_reg[30]/C
  -------------------------------------------------------------------    -------------------
    SLICE_X46Y71         FDRE (Prop_fdre_C_Q)         0.164     1.046 r  design_1_i/cg_fpga_0/inst/cg_axi_vdma_0/U0/AXI_LITE_REG_INTERFACE_I/GEN_AXI_LITE_IF.AXI_LITE_IF_I/GEN_LITE_IS_ASYNC.GEN_ASYNC_LITE_ACCESS.mm2s_ip2axi_rddata_d1_reg[30]/Q
                         net (fo=1, routed)           0.056     1.101    design_1_i/cg_fpga_0/inst/cg_axi_vdma_0/U0/AXI_LITE_REG_INTERFACE_I/GEN_AXI_LITE_IF.AXI_LITE_IF_I/mm2s_ip2axi_rddata_d1[30]
    SLICE_X46Y71         FDRE                                         r  design_1_i/cg_fpga_0/inst/cg_axi_vdma_0/U0/AXI_LITE_REG_INTERFACE_I/GEN_AXI_LITE_IF.AXI_LITE_IF_I/GEN_LITE_IS_ASYNC.GEN_ASYNC_LITE_ACCESS.ip2axi_rddata_captured_mm2s_cdc_tig_reg[30]/D
  -------------------------------------------------------------------    -------------------

                         (clock clk_fpga_0 rise edge)
                                                      0.000     0.000 r  
    PS7_X0Y0             PS7                          0.000     0.000 r  design_1_i/cg_fpga_0/inst/processing_system7_0/inst/PS7_i/FCLKCLK[0]
                         net (fo=1, routed)           0.337     0.337    design_1_i/cg_fpga_0/inst/processing_system7_0/inst/FCLK_CLK_unbuffered[0]
    BUFGCTRL_X0Y17       BUFG (Prop_bufg_I_O)         0.029     0.366 r  design_1_i/cg_fpga_0/inst/processing_system7_0/inst/buffer_fclk_clk_0.FCLK_CLK_0_BUFG/O
                         net (fo=6935, routed)        0.812     1.178    design_1_i/cg_fpga_0/inst/cg_axi_vdma_0/U0/AXI_LITE_REG_INTERFACE_I/GEN_AXI_LITE_IF.AXI_LITE_IF_I/s_axi_lite_aclk
    SLICE_X46Y71         FDRE                                         r  design_1_i/cg_fpga_0/inst/cg_axi_vdma_0/U0/AXI_LITE_REG_INTERFACE_I/GEN_AXI_LITE_IF.AXI_LITE_IF_I/GEN_LITE_IS_ASYNC.GEN_ASYNC_LITE_ACCESS.ip2axi_rddata_captured_mm2s_cdc_tig_reg[30]/C

Slack:                    inf
  Source:                 design_1_i/cg_fpga_0/inst/cg_axi_vdma_0/U0/I_RST_MODULE/GEN_RESET_FOR_S2MM.RESET_I/GEN_MIN_FOR_ASYNC.LITE_IDLE_CDC_I/GENERATE_LEVEL_P_S_CDC.SINGLE_BIT.INPUT_FLOP.REG_PLEVEL_IN_cdc_from/C
                            (rising edge-triggered cell FDRE clocked by clk_fpga_0  {rise@0.000ns fall@5.000ns period=10.000ns})
  Destination:            design_1_i/cg_fpga_0/inst/cg_axi_vdma_0/U0/I_RST_MODULE/GEN_RESET_FOR_S2MM.RESET_I/GEN_MIN_FOR_ASYNC.LITE_IDLE_CDC_I/GENERATE_LEVEL_P_S_CDC.SINGLE_BIT.CROSS_PLEVEL_IN2SCNDRY_IN_cdc_to/D
                            (rising edge-triggered cell FDRE clocked by clk_fpga_0  {rise@0.000ns fall@5.000ns period=10.000ns})
  Path Group:             (none)
  Path Type:              Hold (Min at Fast Process Corner)
  Data Path Delay:        0.213ns  (logic 0.128ns (60.036%)  route 0.085ns (39.964%))
  Logic Levels:           0  
  Clock Path Skew:        0.296ns (DCD - SCD - CPR)
    Destination Clock Delay (DCD):    1.190ns
    Source Clock Delay      (SCD):    0.894ns
    Clock Pessimism Removal (CPR):    -0.000ns
  Clock Uncertainty:      0.154ns  ((TSJ^2 + TIJ^2)^1/2 + DJ) / 2 + PE
    Total System Jitter     (TSJ):    0.071ns
    Total Input Jitter      (TIJ):    0.300ns
    Discrete Jitter          (DJ):    0.000ns
    Phase Error              (PE):    0.000ns
  Timing Exception:       False Path

    Location             Delay type                Incr(ns)  Path(ns)    Netlist Resource(s)
  -------------------------------------------------------------------    -------------------
                         (clock clk_fpga_0 rise edge)
                                                      0.000     0.000 r  
    PS7_X0Y0             PS7                          0.000     0.000 r  design_1_i/cg_fpga_0/inst/processing_system7_0/inst/PS7_i/FCLKCLK[0]
                         net (fo=1, routed)           0.310     0.310    design_1_i/cg_fpga_0/inst/processing_system7_0/inst/FCLK_CLK_unbuffered[0]
    BUFGCTRL_X0Y17       BUFG (Prop_bufg_I_O)         0.026     0.336 r  design_1_i/cg_fpga_0/inst/processing_system7_0/inst/buffer_fclk_clk_0.FCLK_CLK_0_BUFG/O
                         net (fo=6935, routed)        0.558     0.894    design_1_i/cg_fpga_0/inst/cg_axi_vdma_0/U0/I_RST_MODULE/GEN_RESET_FOR_S2MM.RESET_I/GEN_MIN_FOR_ASYNC.LITE_IDLE_CDC_I/s_axi_lite_aclk
    SLICE_X45Y36         FDRE                                         r  design_1_i/cg_fpga_0/inst/cg_axi_vdma_0/U0/I_RST_MODULE/GEN_RESET_FOR_S2MM.RESET_I/GEN_MIN_FOR_ASYNC.LITE_IDLE_CDC_I/GENERATE_LEVEL_P_S_CDC.SINGLE_BIT.INPUT_FLOP.REG_PLEVEL_IN_cdc_from/C
  -------------------------------------------------------------------    -------------------
    SLICE_X45Y36         FDRE (Prop_fdre_C_Q)         0.128     1.022 r  design_1_i/cg_fpga_0/inst/cg_axi_vdma_0/U0/I_RST_MODULE/GEN_RESET_FOR_S2MM.RESET_I/GEN_MIN_FOR_ASYNC.LITE_IDLE_CDC_I/GENERATE_LEVEL_P_S_CDC.SINGLE_BIT.INPUT_FLOP.REG_PLEVEL_IN_cdc_from/Q
                         net (fo=1, routed)           0.085     1.107    design_1_i/cg_fpga_0/inst/cg_axi_vdma_0/U0/I_RST_MODULE/GEN_RESET_FOR_S2MM.RESET_I/GEN_MIN_FOR_ASYNC.LITE_IDLE_CDC_I/Q
    SLICE_X45Y36         FDRE                                         r  design_1_i/cg_fpga_0/inst/cg_axi_vdma_0/U0/I_RST_MODULE/GEN_RESET_FOR_S2MM.RESET_I/GEN_MIN_FOR_ASYNC.LITE_IDLE_CDC_I/GENERATE_LEVEL_P_S_CDC.SINGLE_BIT.CROSS_PLEVEL_IN2SCNDRY_IN_cdc_to/D
  -------------------------------------------------------------------    -------------------

                         (clock clk_fpga_0 rise edge)
                                                      0.000     0.000 r  
    PS7_X0Y0             PS7                          0.000     0.000 r  design_1_i/cg_fpga_0/inst/processing_system7_0/inst/PS7_i/FCLKCLK[0]
                         net (fo=1, routed)           0.337     0.337    design_1_i/cg_fpga_0/inst/processing_system7_0/inst/FCLK_CLK_unbuffered[0]
    BUFGCTRL_X0Y17       BUFG (Prop_bufg_I_O)         0.029     0.366 r  design_1_i/cg_fpga_0/inst/processing_system7_0/inst/buffer_fclk_clk_0.FCLK_CLK_0_BUFG/O
                         net (fo=6935, routed)        0.824     1.190    design_1_i/cg_fpga_0/inst/cg_axi_vdma_0/U0/I_RST_MODULE/GEN_RESET_FOR_S2MM.RESET_I/GEN_MIN_FOR_ASYNC.LITE_IDLE_CDC_I/s_axi_lite_aclk
    SLICE_X45Y36         FDRE                                         r  design_1_i/cg_fpga_0/inst/cg_axi_vdma_0/U0/I_RST_MODULE/GEN_RESET_FOR_S2MM.RESET_I/GEN_MIN_FOR_ASYNC.LITE_IDLE_CDC_I/GENERATE_LEVEL_P_S_CDC.SINGLE_BIT.CROSS_PLEVEL_IN2SCNDRY_IN_cdc_to/C

Slack:                    inf
  Source:                 design_1_i/cg_fpga_0/inst/cg_axi_vdma_0/U0/AXI_LITE_REG_INTERFACE_I/GEN_AXI_LITE_IF.AXI_LITE_IF_I/GEN_LITE_IS_ASYNC.GEN_ASYNC_LITE_ACCESS.s2mm_ip2axi_rddata_d1_reg[19]/C
                            (rising edge-triggered cell FDRE clocked by clk_fpga_0  {rise@0.000ns fall@5.000ns period=10.000ns})
  Destination:            design_1_i/cg_fpga_0/inst/cg_axi_vdma_0/U0/AXI_LITE_REG_INTERFACE_I/GEN_AXI_LITE_IF.AXI_LITE_IF_I/GEN_LITE_IS_ASYNC.GEN_ASYNC_LITE_ACCESS.ip2axi_rddata_captured_s2mm_cdc_tig_reg[19]/D
                            (rising edge-triggered cell FDRE clocked by clk_fpga_0  {rise@0.000ns fall@5.000ns period=10.000ns})
  Path Group:             (none)
  Path Type:              Hold (Min at Fast Process Corner)
  Data Path Delay:        0.220ns  (logic 0.164ns (74.580%)  route 0.056ns (25.420%))
  Logic Levels:           0  
  Clock Path Skew:        0.298ns (DCD - SCD - CPR)
    Destination Clock Delay (DCD):    1.186ns
    Source Clock Delay      (SCD):    0.888ns
    Clock Pessimism Removal (CPR):    -0.000ns
  Clock Uncertainty:      0.154ns  ((TSJ^2 + TIJ^2)^1/2 + DJ) / 2 + PE
    Total System Jitter     (TSJ):    0.071ns
    Total Input Jitter      (TIJ):    0.300ns
    Discrete Jitter          (DJ):    0.000ns
    Phase Error              (PE):    0.000ns
  Timing Exception:       False Path

    Location             Delay type                Incr(ns)  Path(ns)    Netlist Resource(s)
  -------------------------------------------------------------------    -------------------
                         (clock clk_fpga_0 rise edge)
                                                      0.000     0.000 r  
    PS7_X0Y0             PS7                          0.000     0.000 r  design_1_i/cg_fpga_0/inst/processing_system7_0/inst/PS7_i/FCLKCLK[0]
                         net (fo=1, routed)           0.310     0.310    design_1_i/cg_fpga_0/inst/processing_system7_0/inst/FCLK_CLK_unbuffered[0]
    BUFGCTRL_X0Y17       BUFG (Prop_bufg_I_O)         0.026     0.336 r  design_1_i/cg_fpga_0/inst/processing_system7_0/inst/buffer_fclk_clk_0.FCLK_CLK_0_BUFG/O
                         net (fo=6935, routed)        0.552     0.888    design_1_i/cg_fpga_0/inst/cg_axi_vdma_0/U0/AXI_LITE_REG_INTERFACE_I/GEN_AXI_LITE_IF.AXI_LITE_IF_I/s_axi_lite_aclk
    SLICE_X50Y56         FDRE                                         r  design_1_i/cg_fpga_0/inst/cg_axi_vdma_0/U0/AXI_LITE_REG_INTERFACE_I/GEN_AXI_LITE_IF.AXI_LITE_IF_I/GEN_LITE_IS_ASYNC.GEN_ASYNC_LITE_ACCESS.s2mm_ip2axi_rddata_d1_reg[19]/C
  -------------------------------------------------------------------    -------------------
    SLICE_X50Y56         FDRE (Prop_fdre_C_Q)         0.164     1.052 r  design_1_i/cg_fpga_0/inst/cg_axi_vdma_0/U0/AXI_LITE_REG_INTERFACE_I/GEN_AXI_LITE_IF.AXI_LITE_IF_I/GEN_LITE_IS_ASYNC.GEN_ASYNC_LITE_ACCESS.s2mm_ip2axi_rddata_d1_reg[19]/Q
                         net (fo=1, routed)           0.056     1.107    design_1_i/cg_fpga_0/inst/cg_axi_vdma_0/U0/AXI_LITE_REG_INTERFACE_I/GEN_AXI_LITE_IF.AXI_LITE_IF_I/s2mm_ip2axi_rddata_d1[19]
    SLICE_X50Y56         FDRE                                         r  design_1_i/cg_fpga_0/inst/cg_axi_vdma_0/U0/AXI_LITE_REG_INTERFACE_I/GEN_AXI_LITE_IF.AXI_LITE_IF_I/GEN_LITE_IS_ASYNC.GEN_ASYNC_LITE_ACCESS.ip2axi_rddata_captured_s2mm_cdc_tig_reg[19]/D
  -------------------------------------------------------------------    -------------------

                         (clock clk_fpga_0 rise edge)
                                                      0.000     0.000 r  
    PS7_X0Y0             PS7                          0.000     0.000 r  design_1_i/cg_fpga_0/inst/processing_system7_0/inst/PS7_i/FCLKCLK[0]
                         net (fo=1, routed)           0.337     0.337    design_1_i/cg_fpga_0/inst/processing_system7_0/inst/FCLK_CLK_unbuffered[0]
    BUFGCTRL_X0Y17       BUFG (Prop_bufg_I_O)         0.029     0.366 r  design_1_i/cg_fpga_0/inst/processing_system7_0/inst/buffer_fclk_clk_0.FCLK_CLK_0_BUFG/O
                         net (fo=6935, routed)        0.820     1.186    design_1_i/cg_fpga_0/inst/cg_axi_vdma_0/U0/AXI_LITE_REG_INTERFACE_I/GEN_AXI_LITE_IF.AXI_LITE_IF_I/s_axi_lite_aclk
    SLICE_X50Y56         FDRE                                         r  design_1_i/cg_fpga_0/inst/cg_axi_vdma_0/U0/AXI_LITE_REG_INTERFACE_I/GEN_AXI_LITE_IF.AXI_LITE_IF_I/GEN_LITE_IS_ASYNC.GEN_ASYNC_LITE_ACCESS.ip2axi_rddata_captured_s2mm_cdc_tig_reg[19]/C

Slack:                    inf
  Source:                 design_1_i/cg_fpga_0/inst/cg_axi_vdma_0/U0/GEN_SPRT_FOR_S2MM.S2MM_REGISTER_MODULE_I/I_DMA_REGISTER/S2MM_ERR_FOR_IRQ.frm_store_i_reg[3]/C
                            (rising edge-triggered cell FDRE clocked by clk_fpga_0  {rise@0.000ns fall@5.000ns period=10.000ns})
  Destination:            design_1_i/cg_fpga_0/inst/cg_axi_vdma_0/U0/AXI_LITE_REG_INTERFACE_I/GEN_S2MM_LITE_CROSSINGS.GEN_S2MM_CROSSINGS_ASYNC.s2mm_ip2axi_frame_store_cdc_tig_reg[3]/D
                            (rising edge-triggered cell FDRE clocked by clk_fpga_0  {rise@0.000ns fall@5.000ns period=10.000ns})
  Path Group:             (none)
  Path Type:              Hold (Min at Fast Process Corner)
  Data Path Delay:        0.242ns  (logic 0.141ns (58.263%)  route 0.101ns (41.737%))
  Logic Levels:           0  
  Clock Path Skew:        0.298ns (DCD - SCD - CPR)
    Destination Clock Delay (DCD):    1.186ns
    Source Clock Delay      (SCD):    0.888ns
    Clock Pessimism Removal (CPR):    -0.000ns
  Clock Uncertainty:      0.154ns  ((TSJ^2 + TIJ^2)^1/2 + DJ) / 2 + PE
    Total System Jitter     (TSJ):    0.071ns
    Total Input Jitter      (TIJ):    0.300ns
    Discrete Jitter          (DJ):    0.000ns
    Phase Error              (PE):    0.000ns
  Timing Exception:       False Path

    Location             Delay type                Incr(ns)  Path(ns)    Netlist Resource(s)
  -------------------------------------------------------------------    -------------------
                         (clock clk_fpga_0 rise edge)
                                                      0.000     0.000 r  
    PS7_X0Y0             PS7                          0.000     0.000 r  design_1_i/cg_fpga_0/inst/processing_system7_0/inst/PS7_i/FCLKCLK[0]
                         net (fo=1, routed)           0.310     0.310    design_1_i/cg_fpga_0/inst/processing_system7_0/inst/FCLK_CLK_unbuffered[0]
    BUFGCTRL_X0Y17       BUFG (Prop_bufg_I_O)         0.026     0.336 r  design_1_i/cg_fpga_0/inst/processing_system7_0/inst/buffer_fclk_clk_0.FCLK_CLK_0_BUFG/O
                         net (fo=6935, routed)        0.552     0.888    design_1_i/cg_fpga_0/inst/cg_axi_vdma_0/U0/GEN_SPRT_FOR_S2MM.S2MM_REGISTER_MODULE_I/I_DMA_REGISTER/s_axi_lite_aclk
    SLICE_X53Y54         FDRE                                         r  design_1_i/cg_fpga_0/inst/cg_axi_vdma_0/U0/GEN_SPRT_FOR_S2MM.S2MM_REGISTER_MODULE_I/I_DMA_REGISTER/S2MM_ERR_FOR_IRQ.frm_store_i_reg[3]/C
  -------------------------------------------------------------------    -------------------
    SLICE_X53Y54         FDRE (Prop_fdre_C_Q)         0.141     1.029 r  design_1_i/cg_fpga_0/inst/cg_axi_vdma_0/U0/GEN_SPRT_FOR_S2MM.S2MM_REGISTER_MODULE_I/I_DMA_REGISTER/S2MM_ERR_FOR_IRQ.frm_store_i_reg[3]/Q
                         net (fo=1, routed)           0.101     1.130    design_1_i/cg_fpga_0/inst/cg_axi_vdma_0/U0/AXI_LITE_REG_INTERFACE_I/GEN_S2MM_LITE_CROSSINGS.GEN_S2MM_CROSSINGS_ASYNC.s2mm_ip2axi_frame_store_cdc_tig_reg[4]_0[3]
    SLICE_X51Y54         FDRE                                         r  design_1_i/cg_fpga_0/inst/cg_axi_vdma_0/U0/AXI_LITE_REG_INTERFACE_I/GEN_S2MM_LITE_CROSSINGS.GEN_S2MM_CROSSINGS_ASYNC.s2mm_ip2axi_frame_store_cdc_tig_reg[3]/D
  -------------------------------------------------------------------    -------------------

                         (clock clk_fpga_0 rise edge)
                                                      0.000     0.000 r  
    PS7_X0Y0             PS7                          0.000     0.000 r  design_1_i/cg_fpga_0/inst/processing_system7_0/inst/PS7_i/FCLKCLK[0]
                         net (fo=1, routed)           0.337     0.337    design_1_i/cg_fpga_0/inst/processing_system7_0/inst/FCLK_CLK_unbuffered[0]
    BUFGCTRL_X0Y17       BUFG (Prop_bufg_I_O)         0.029     0.366 r  design_1_i/cg_fpga_0/inst/processing_system7_0/inst/buffer_fclk_clk_0.FCLK_CLK_0_BUFG/O
                         net (fo=6935, routed)        0.820     1.186    design_1_i/cg_fpga_0/inst/cg_axi_vdma_0/U0/AXI_LITE_REG_INTERFACE_I/s_axi_lite_aclk
    SLICE_X51Y54         FDRE                                         r  design_1_i/cg_fpga_0/inst/cg_axi_vdma_0/U0/AXI_LITE_REG_INTERFACE_I/GEN_S2MM_LITE_CROSSINGS.GEN_S2MM_CROSSINGS_ASYNC.s2mm_ip2axi_frame_store_cdc_tig_reg[3]/C

Slack:                    inf
  Source:                 design_1_i/cg_fpga_0/inst/cg_axi_vdma_0/U0/GEN_SPRT_FOR_MM2S.MM2S_REGISTER_MODULE_I/ptr_ref_i_reg[1]/C
                            (rising edge-triggered cell FDRE clocked by clk_fpga_0  {rise@0.000ns fall@5.000ns period=10.000ns})
  Destination:            design_1_i/cg_fpga_0/inst/cg_axi_vdma_0/U0/AXI_LITE_REG_INTERFACE_I/GEN_MM2S_LITE_CROSSINGS.GEN_MM2S_CROSSINGS_ASYNC.mm2s_ip2axi_frame_ptr_ref_cdc_tig_reg[1]/D
                            (rising edge-triggered cell FDRE clocked by clk_fpga_0  {rise@0.000ns fall@5.000ns period=10.000ns})
  Path Group:             (none)
  Path Type:              Hold (Min at Fast Process Corner)
  Data Path Delay:        0.250ns  (logic 0.141ns (56.329%)  route 0.109ns (43.671%))
  Logic Levels:           0  
  Clock Path Skew:        0.298ns (DCD - SCD - CPR)
    Destination Clock Delay (DCD):    1.182ns
    Source Clock Delay      (SCD):    0.884ns
    Clock Pessimism Removal (CPR):    -0.000ns
  Clock Uncertainty:      0.154ns  ((TSJ^2 + TIJ^2)^1/2 + DJ) / 2 + PE
    Total System Jitter     (TSJ):    0.071ns
    Total Input Jitter      (TIJ):    0.300ns
    Discrete Jitter          (DJ):    0.000ns
    Phase Error              (PE):    0.000ns
  Timing Exception:       False Path

    Location             Delay type                Incr(ns)  Path(ns)    Netlist Resource(s)
  -------------------------------------------------------------------    -------------------
                         (clock clk_fpga_0 rise edge)
                                                      0.000     0.000 r  
    PS7_X0Y0             PS7                          0.000     0.000 r  design_1_i/cg_fpga_0/inst/processing_system7_0/inst/PS7_i/FCLKCLK[0]
                         net (fo=1, routed)           0.310     0.310    design_1_i/cg_fpga_0/inst/processing_system7_0/inst/FCLK_CLK_unbuffered[0]
    BUFGCTRL_X0Y17       BUFG (Prop_bufg_I_O)         0.026     0.336 r  design_1_i/cg_fpga_0/inst/processing_system7_0/inst/buffer_fclk_clk_0.FCLK_CLK_0_BUFG/O
                         net (fo=6935, routed)        0.548     0.884    design_1_i/cg_fpga_0/inst/cg_axi_vdma_0/U0/GEN_SPRT_FOR_MM2S.MM2S_REGISTER_MODULE_I/s_axi_lite_aclk
    SLICE_X51Y63         FDRE                                         r  design_1_i/cg_fpga_0/inst/cg_axi_vdma_0/U0/GEN_SPRT_FOR_MM2S.MM2S_REGISTER_MODULE_I/ptr_ref_i_reg[1]/C
  -------------------------------------------------------------------    -------------------
    SLICE_X51Y63         FDRE (Prop_fdre_C_Q)         0.141     1.025 r  design_1_i/cg_fpga_0/inst/cg_axi_vdma_0/U0/GEN_SPRT_FOR_MM2S.MM2S_REGISTER_MODULE_I/ptr_ref_i_reg[1]/Q
                         net (fo=2, routed)           0.109     1.134    design_1_i/cg_fpga_0/inst/cg_axi_vdma_0/U0/AXI_LITE_REG_INTERFACE_I/Q[1]
    SLICE_X52Y62         FDRE                                         r  design_1_i/cg_fpga_0/inst/cg_axi_vdma_0/U0/AXI_LITE_REG_INTERFACE_I/GEN_MM2S_LITE_CROSSINGS.GEN_MM2S_CROSSINGS_ASYNC.mm2s_ip2axi_frame_ptr_ref_cdc_tig_reg[1]/D
  -------------------------------------------------------------------    -------------------

                         (clock clk_fpga_0 rise edge)
                                                      0.000     0.000 r  
    PS7_X0Y0             PS7                          0.000     0.000 r  design_1_i/cg_fpga_0/inst/processing_system7_0/inst/PS7_i/FCLKCLK[0]
                         net (fo=1, routed)           0.337     0.337    design_1_i/cg_fpga_0/inst/processing_system7_0/inst/FCLK_CLK_unbuffered[0]
    BUFGCTRL_X0Y17       BUFG (Prop_bufg_I_O)         0.029     0.366 r  design_1_i/cg_fpga_0/inst/processing_system7_0/inst/buffer_fclk_clk_0.FCLK_CLK_0_BUFG/O
                         net (fo=6935, routed)        0.816     1.182    design_1_i/cg_fpga_0/inst/cg_axi_vdma_0/U0/AXI_LITE_REG_INTERFACE_I/s_axi_lite_aclk
    SLICE_X52Y62         FDRE                                         r  design_1_i/cg_fpga_0/inst/cg_axi_vdma_0/U0/AXI_LITE_REG_INTERFACE_I/GEN_MM2S_LITE_CROSSINGS.GEN_MM2S_CROSSINGS_ASYNC.mm2s_ip2axi_frame_ptr_ref_cdc_tig_reg[1]/C

Slack:                    inf
  Source:                 design_1_i/cg_fpga_0/inst/cg_axi_vdma_0/U0/AXI_LITE_REG_INTERFACE_I/GEN_AXI_LITE_IF.AXI_LITE_IF_I/GEN_LITE_IS_ASYNC.GEN_ASYNC_LITE_ACCESS.mm2s_ip2axi_rddata_d1_reg[3]/C
                            (rising edge-triggered cell FDRE clocked by clk_fpga_0  {rise@0.000ns fall@5.000ns period=10.000ns})
  Destination:            design_1_i/cg_fpga_0/inst/cg_axi_vdma_0/U0/AXI_LITE_REG_INTERFACE_I/GEN_AXI_LITE_IF.AXI_LITE_IF_I/GEN_LITE_IS_ASYNC.GEN_ASYNC_LITE_ACCESS.ip2axi_rddata_captured_mm2s_cdc_tig_reg[3]/D
                            (rising edge-triggered cell FDRE clocked by clk_fpga_0  {rise@0.000ns fall@5.000ns period=10.000ns})
  Path Group:             (none)
  Path Type:              Hold (Min at Fast Process Corner)
  Data Path Delay:        0.257ns  (logic 0.141ns (54.828%)  route 0.116ns (45.172%))
  Logic Levels:           0  
  Clock Path Skew:        0.298ns (DCD - SCD - CPR)
    Destination Clock Delay (DCD):    1.184ns
    Source Clock Delay      (SCD):    0.886ns
    Clock Pessimism Removal (CPR):    -0.000ns
  Clock Uncertainty:      0.154ns  ((TSJ^2 + TIJ^2)^1/2 + DJ) / 2 + PE
    Total System Jitter     (TSJ):    0.071ns
    Total Input Jitter      (TIJ):    0.300ns
    Discrete Jitter          (DJ):    0.000ns
    Phase Error              (PE):    0.000ns
  Timing Exception:       False Path

    Location             Delay type                Incr(ns)  Path(ns)    Netlist Resource(s)
  -------------------------------------------------------------------    -------------------
                         (clock clk_fpga_0 rise edge)
                                                      0.000     0.000 r  
    PS7_X0Y0             PS7                          0.000     0.000 r  design_1_i/cg_fpga_0/inst/processing_system7_0/inst/PS7_i/FCLKCLK[0]
                         net (fo=1, routed)           0.310     0.310    design_1_i/cg_fpga_0/inst/processing_system7_0/inst/FCLK_CLK_unbuffered[0]
    BUFGCTRL_X0Y17       BUFG (Prop_bufg_I_O)         0.026     0.336 r  design_1_i/cg_fpga_0/inst/processing_system7_0/inst/buffer_fclk_clk_0.FCLK_CLK_0_BUFG/O
                         net (fo=6935, routed)        0.550     0.886    design_1_i/cg_fpga_0/inst/cg_axi_vdma_0/U0/AXI_LITE_REG_INTERFACE_I/GEN_AXI_LITE_IF.AXI_LITE_IF_I/s_axi_lite_aclk
    SLICE_X51Y60         FDRE                                         r  design_1_i/cg_fpga_0/inst/cg_axi_vdma_0/U0/AXI_LITE_REG_INTERFACE_I/GEN_AXI_LITE_IF.AXI_LITE_IF_I/GEN_LITE_IS_ASYNC.GEN_ASYNC_LITE_ACCESS.mm2s_ip2axi_rddata_d1_reg[3]/C
  -------------------------------------------------------------------    -------------------
    SLICE_X51Y60         FDRE (Prop_fdre_C_Q)         0.141     1.027 r  design_1_i/cg_fpga_0/inst/cg_axi_vdma_0/U0/AXI_LITE_REG_INTERFACE_I/GEN_AXI_LITE_IF.AXI_LITE_IF_I/GEN_LITE_IS_ASYNC.GEN_ASYNC_LITE_ACCESS.mm2s_ip2axi_rddata_d1_reg[3]/Q
                         net (fo=1, routed)           0.116     1.143    design_1_i/cg_fpga_0/inst/cg_axi_vdma_0/U0/AXI_LITE_REG_INTERFACE_I/GEN_AXI_LITE_IF.AXI_LITE_IF_I/mm2s_ip2axi_rddata_d1[3]
    SLICE_X51Y60         FDRE                                         r  design_1_i/cg_fpga_0/inst/cg_axi_vdma_0/U0/AXI_LITE_REG_INTERFACE_I/GEN_AXI_LITE_IF.AXI_LITE_IF_I/GEN_LITE_IS_ASYNC.GEN_ASYNC_LITE_ACCESS.ip2axi_rddata_captured_mm2s_cdc_tig_reg[3]/D
  -------------------------------------------------------------------    -------------------

                         (clock clk_fpga_0 rise edge)
                                                      0.000     0.000 r  
    PS7_X0Y0             PS7                          0.000     0.000 r  design_1_i/cg_fpga_0/inst/processing_system7_0/inst/PS7_i/FCLKCLK[0]
                         net (fo=1, routed)           0.337     0.337    design_1_i/cg_fpga_0/inst/processing_system7_0/inst/FCLK_CLK_unbuffered[0]
    BUFGCTRL_X0Y17       BUFG (Prop_bufg_I_O)         0.029     0.366 r  design_1_i/cg_fpga_0/inst/processing_system7_0/inst/buffer_fclk_clk_0.FCLK_CLK_0_BUFG/O
                         net (fo=6935, routed)        0.818     1.184    design_1_i/cg_fpga_0/inst/cg_axi_vdma_0/U0/AXI_LITE_REG_INTERFACE_I/GEN_AXI_LITE_IF.AXI_LITE_IF_I/s_axi_lite_aclk
    SLICE_X51Y60         FDRE                                         r  design_1_i/cg_fpga_0/inst/cg_axi_vdma_0/U0/AXI_LITE_REG_INTERFACE_I/GEN_AXI_LITE_IF.AXI_LITE_IF_I/GEN_LITE_IS_ASYNC.GEN_ASYNC_LITE_ACCESS.ip2axi_rddata_captured_mm2s_cdc_tig_reg[3]/C





--------------------------------------------------------------------------------------
Path Group:  (none)
From Clock:  
  To Clock:  

Max Delay           387 Endpoints
Min Delay           387 Endpoints
--------------------------------------------------------------------------------------


Max Delay Paths
--------------------------------------------------------------------------------------
Slack:                    inf
  Source:                 design_1_i/controlor/upc_0/inst/q_reg[14]/C
                            (rising edge-triggered cell FDRE)
  Destination:            design_1_i/register_16bit_6/inst/data_reg[15]/D
  Path Group:             (none)
  Path Type:              Max at Slow Process Corner
  Data Path Delay:        15.544ns  (logic 3.493ns (22.472%)  route 12.051ns (77.528%))
  Logic Levels:           14  (FDRE=1 LUT2=2 LUT3=1 LUT4=2 LUT5=2 LUT6=4 MUXF7=2)

    Location             Delay type                Incr(ns)  Path(ns)    Netlist Resource(s)
  -------------------------------------------------------------------    -------------------
    SLICE_X39Y105        FDRE                         0.000     0.000 r  design_1_i/controlor/upc_0/inst/q_reg[14]/C
    SLICE_X39Y105        FDRE (Prop_fdre_C_Q)         0.422     0.422 r  design_1_i/controlor/upc_0/inst/q_reg[14]/Q
                         net (fo=43, routed)          1.564     1.986    design_1_i/controlor/decode_39/decoder_3to8_0/addr[1]
    SLICE_X49Y105        LUT4 (Prop_lut4_I2_O)        0.327     2.313 r  design_1_i/controlor/decode_39/decoder_3to8_0/out[6]_INST_0/O
                         net (fo=16, routed)          1.161     3.474    design_1_i/register_16bit_8/inst/read_en
    SLICE_X52Y104        LUT2 (Prop_lut2_I1_O)        0.357     3.831 r  design_1_i/register_16bit_8/inst/data_out[7]_INST_0/O
                         net (fo=1, routed)           0.975     4.806    design_1_i/bus_mux_16_0/DR[7]
    SLICE_X47Y104        LUT6 (Prop_lut6_I1_O)        0.332     5.138 r  design_1_i/bus_mux_16_0/bus[7]_INST_0_i_2/O
                         net (fo=1, routed)           0.510     5.647    design_1_i/bus_mux_16_0/bus[7]_INST_0_i_2_n_0
    SLICE_X47Y103        LUT6 (Prop_lut6_I0_O)        0.124     5.771 r  design_1_i/bus_mux_16_0/bus[7]_INST_0_i_1/O
                         net (fo=1, routed)           0.867     6.638    design_1_i/bus_mux_16_0/bus[7]_INST_0_i_1_n_0
    SLICE_X46Y103        LUT4 (Prop_lut4_I3_O)        0.124     6.762 r  design_1_i/bus_mux_16_0/bus[7]_INST_0/O
                         net (fo=15, routed)          2.167     8.929    design_1_i/adder/alu_74181_1/inst/b[3]
    SLICE_X51Y110        LUT2 (Prop_lut2_I1_O)        0.150     9.079 r  design_1_i/adder/alu_74181_1/inst/g_INST_0_i_1/O
                         net (fo=2, routed)           0.897     9.976    design_1_i/adder/alu_74181_1/carry_out2[3]
    SLICE_X50Y110        LUT6 (Prop_lut6_I4_O)        0.332    10.308 r  design_1_i/adder/alu_74181_1/g_INST_0/O
                         net (fo=2, routed)           0.829    11.137    design_1_i/adder/carry_lookahead_74182_0/g[1]
    SLICE_X48Y110        LUT5 (Prop_lut5_I2_O)        0.152    11.289 r  design_1_i/adder/carry_lookahead_74182_0/cout[3]_INST_0/O
                         net (fo=16, routed)          1.390    12.679    design_1_i/adder/alu_74181_3/inst/cin
    SLICE_X42Y108        LUT5 (Prop_lut5_I4_O)        0.326    13.005 r  design_1_i/adder/alu_74181_3/inst/f[3]_INST_0_i_27/O
                         net (fo=2, routed)           0.883    13.888    design_1_i/adder/alu_74181_3/inst_n_7
    SLICE_X43Y108        LUT6 (Prop_lut6_I0_O)        0.124    14.012 r  design_1_i/adder/alu_74181_3/f[3]_INST_0_i_13/O
                         net (fo=1, routed)           0.000    14.012    design_1_i/adder/alu_74181_3/f[3]_INST_0_i_13_n_0
    SLICE_X43Y108        MUXF7 (Prop_muxf7_I0_O)      0.212    14.224 r  design_1_i/adder/alu_74181_3/f[3]_INST_0_i_6/O
                         net (fo=1, routed)           0.808    15.033    design_1_i/adder/alu_74181_3/f[3]_INST_0_i_6_n_0
    SLICE_X44Y108        LUT3 (Prop_lut3_I2_O)        0.299    15.332 r  design_1_i/adder/alu_74181_3/f[3]_INST_0_i_1/O
                         net (fo=1, routed)           0.000    15.332    design_1_i/adder/alu_74181_3/f[3]_INST_0_i_1_n_0
    SLICE_X44Y108        MUXF7 (Prop_muxf7_I0_O)      0.212    15.544 r  design_1_i/adder/alu_74181_3/f[3]_INST_0/O
                         net (fo=1, routed)           0.000    15.544    design_1_i/register_16bit_6/inst/data_in[15]
    SLICE_X44Y108        FDCE                                         r  design_1_i/register_16bit_6/inst/data_reg[15]/D
  -------------------------------------------------------------------    -------------------

Slack:                    inf
  Source:                 design_1_i/controlor/upc_0/inst/q_reg[14]/C
                            (rising edge-triggered cell FDRE)
  Destination:            design_1_i/register_16bit_6/inst/data_reg[14]/D
  Path Group:             (none)
  Path Type:              Max at Slow Process Corner
  Data Path Delay:        15.464ns  (logic 3.488ns (22.556%)  route 11.976ns (77.444%))
  Logic Levels:           14  (FDRE=1 LUT2=2 LUT3=1 LUT4=2 LUT5=2 LUT6=4 MUXF7=2)

    Location             Delay type                Incr(ns)  Path(ns)    Netlist Resource(s)
  -------------------------------------------------------------------    -------------------
    SLICE_X39Y105        FDRE                         0.000     0.000 r  design_1_i/controlor/upc_0/inst/q_reg[14]/C
    SLICE_X39Y105        FDRE (Prop_fdre_C_Q)         0.422     0.422 r  design_1_i/controlor/upc_0/inst/q_reg[14]/Q
                         net (fo=43, routed)          1.564     1.986    design_1_i/controlor/decode_39/decoder_3to8_0/addr[1]
    SLICE_X49Y105        LUT4 (Prop_lut4_I2_O)        0.327     2.313 r  design_1_i/controlor/decode_39/decoder_3to8_0/out[6]_INST_0/O
                         net (fo=16, routed)          1.161     3.474    design_1_i/register_16bit_8/inst/read_en
    SLICE_X52Y104        LUT2 (Prop_lut2_I1_O)        0.357     3.831 r  design_1_i/register_16bit_8/inst/data_out[7]_INST_0/O
                         net (fo=1, routed)           0.975     4.806    design_1_i/bus_mux_16_0/DR[7]
    SLICE_X47Y104        LUT6 (Prop_lut6_I1_O)        0.332     5.138 r  design_1_i/bus_mux_16_0/bus[7]_INST_0_i_2/O
                         net (fo=1, routed)           0.510     5.647    design_1_i/bus_mux_16_0/bus[7]_INST_0_i_2_n_0
    SLICE_X47Y103        LUT6 (Prop_lut6_I0_O)        0.124     5.771 r  design_1_i/bus_mux_16_0/bus[7]_INST_0_i_1/O
                         net (fo=1, routed)           0.867     6.638    design_1_i/bus_mux_16_0/bus[7]_INST_0_i_1_n_0
    SLICE_X46Y103        LUT4 (Prop_lut4_I3_O)        0.124     6.762 r  design_1_i/bus_mux_16_0/bus[7]_INST_0/O
                         net (fo=15, routed)          2.167     8.929    design_1_i/adder/alu_74181_1/inst/b[3]
    SLICE_X51Y110        LUT2 (Prop_lut2_I1_O)        0.150     9.079 r  design_1_i/adder/alu_74181_1/inst/g_INST_0_i_1/O
                         net (fo=2, routed)           0.897     9.976    design_1_i/adder/alu_74181_1/carry_out2[3]
    SLICE_X50Y110        LUT6 (Prop_lut6_I4_O)        0.332    10.308 r  design_1_i/adder/alu_74181_1/g_INST_0/O
                         net (fo=2, routed)           0.829    11.137    design_1_i/adder/carry_lookahead_74182_0/g[1]
    SLICE_X48Y110        LUT5 (Prop_lut5_I2_O)        0.152    11.289 r  design_1_i/adder/carry_lookahead_74182_0/cout[3]_INST_0/O
                         net (fo=16, routed)          1.390    12.679    design_1_i/adder/alu_74181_3/inst/cin
    SLICE_X42Y108        LUT5 (Prop_lut5_I4_O)        0.326    13.005 r  design_1_i/adder/alu_74181_3/inst/f[3]_INST_0_i_27/O
                         net (fo=2, routed)           0.670    13.675    design_1_i/adder/alu_74181_3/inst_n_7
    SLICE_X42Y108        LUT6 (Prop_lut6_I0_O)        0.124    13.799 r  design_1_i/adder/alu_74181_3/f[2]_INST_0_i_13/O
                         net (fo=1, routed)           0.000    13.799    design_1_i/adder/alu_74181_3/f[2]_INST_0_i_13_n_0
    SLICE_X42Y108        MUXF7 (Prop_muxf7_I0_O)      0.209    14.008 r  design_1_i/adder/alu_74181_3/f[2]_INST_0_i_6/O
                         net (fo=1, routed)           0.947    14.955    design_1_i/adder/alu_74181_3/f[2]_INST_0_i_6_n_0
    SLICE_X41Y108        LUT3 (Prop_lut3_I2_O)        0.297    15.252 r  design_1_i/adder/alu_74181_3/f[2]_INST_0_i_1/O
                         net (fo=1, routed)           0.000    15.252    design_1_i/adder/alu_74181_3/f[2]_INST_0_i_1_n_0
    SLICE_X41Y108        MUXF7 (Prop_muxf7_I0_O)      0.212    15.464 r  design_1_i/adder/alu_74181_3/f[2]_INST_0/O
                         net (fo=1, routed)           0.000    15.464    design_1_i/register_16bit_6/inst/data_in[14]
    SLICE_X41Y108        FDCE                                         r  design_1_i/register_16bit_6/inst/data_reg[14]/D
  -------------------------------------------------------------------    -------------------

Slack:                    inf
  Source:                 design_1_i/controlor/upc_0/inst/q_reg[14]/C
                            (rising edge-triggered cell FDRE)
  Destination:            design_1_i/register_16bit_6/inst/data_reg[11]/D
  Path Group:             (none)
  Path Type:              Max at Slow Process Corner
  Data Path Delay:        14.626ns  (logic 3.287ns (22.473%)  route 11.339ns (77.527%))
  Logic Levels:           14  (FDRE=1 LUT2=2 LUT3=2 LUT4=2 LUT5=1 LUT6=4 MUXF7=2)

    Location             Delay type                Incr(ns)  Path(ns)    Netlist Resource(s)
  -------------------------------------------------------------------    -------------------
    SLICE_X39Y105        FDRE                         0.000     0.000 r  design_1_i/controlor/upc_0/inst/q_reg[14]/C
    SLICE_X39Y105        FDRE (Prop_fdre_C_Q)         0.422     0.422 r  design_1_i/controlor/upc_0/inst/q_reg[14]/Q
                         net (fo=43, routed)          1.564     1.986    design_1_i/controlor/decode_39/decoder_3to8_0/addr[1]
    SLICE_X49Y105        LUT4 (Prop_lut4_I2_O)        0.327     2.313 r  design_1_i/controlor/decode_39/decoder_3to8_0/out[6]_INST_0/O
                         net (fo=16, routed)          1.161     3.474    design_1_i/register_16bit_8/inst/read_en
    SLICE_X52Y104        LUT2 (Prop_lut2_I1_O)        0.357     3.831 r  design_1_i/register_16bit_8/inst/data_out[7]_INST_0/O
                         net (fo=1, routed)           0.975     4.806    design_1_i/bus_mux_16_0/DR[7]
    SLICE_X47Y104        LUT6 (Prop_lut6_I1_O)        0.332     5.138 r  design_1_i/bus_mux_16_0/bus[7]_INST_0_i_2/O
                         net (fo=1, routed)           0.510     5.647    design_1_i/bus_mux_16_0/bus[7]_INST_0_i_2_n_0
    SLICE_X47Y103        LUT6 (Prop_lut6_I0_O)        0.124     5.771 r  design_1_i/bus_mux_16_0/bus[7]_INST_0_i_1/O
                         net (fo=1, routed)           0.867     6.638    design_1_i/bus_mux_16_0/bus[7]_INST_0_i_1_n_0
    SLICE_X46Y103        LUT4 (Prop_lut4_I3_O)        0.124     6.762 r  design_1_i/bus_mux_16_0/bus[7]_INST_0/O
                         net (fo=15, routed)          2.167     8.929    design_1_i/adder/alu_74181_1/inst/b[3]
    SLICE_X51Y110        LUT2 (Prop_lut2_I1_O)        0.150     9.079 r  design_1_i/adder/alu_74181_1/inst/g_INST_0_i_1/O
                         net (fo=2, routed)           0.897     9.976    design_1_i/adder/alu_74181_1/carry_out2[3]
    SLICE_X50Y110        LUT6 (Prop_lut6_I4_O)        0.332    10.308 r  design_1_i/adder/alu_74181_1/g_INST_0/O
                         net (fo=2, routed)           0.829    11.137    design_1_i/adder/carry_lookahead_74182_0/g[1]
    SLICE_X48Y110        LUT3 (Prop_lut3_I0_O)        0.124    11.261 r  design_1_i/adder/carry_lookahead_74182_0/cout[2]_INST_0/O
                         net (fo=16, routed)          1.187    12.448    design_1_i/adder/alu_74181_2/inst/cin
    SLICE_X46Y112        LUT5 (Prop_lut5_I4_O)        0.124    12.572 r  design_1_i/adder/alu_74181_2/inst/f[3]_INST_0_i_27/O
                         net (fo=2, routed)           0.744    13.316    design_1_i/adder/alu_74181_2/inst_n_7
    SLICE_X46Y111        LUT6 (Prop_lut6_I0_O)        0.124    13.440 r  design_1_i/adder/alu_74181_2/f[3]_INST_0_i_13/O
                         net (fo=1, routed)           0.000    13.440    design_1_i/adder/alu_74181_2/f[3]_INST_0_i_13_n_0
    SLICE_X46Y111        MUXF7 (Prop_muxf7_I0_O)      0.209    13.649 r  design_1_i/adder/alu_74181_2/f[3]_INST_0_i_6/O
                         net (fo=1, routed)           0.440    14.088    design_1_i/adder/alu_74181_2/f[3]_INST_0_i_6_n_0
    SLICE_X46Y110        LUT3 (Prop_lut3_I2_O)        0.297    14.385 r  design_1_i/adder/alu_74181_2/f[3]_INST_0_i_1/O
                         net (fo=1, routed)           0.000    14.385    design_1_i/adder/alu_74181_2/f[3]_INST_0_i_1_n_0
    SLICE_X46Y110        MUXF7 (Prop_muxf7_I0_O)      0.241    14.626 r  design_1_i/adder/alu_74181_2/f[3]_INST_0/O
                         net (fo=1, routed)           0.000    14.626    design_1_i/register_16bit_6/inst/data_in[11]
    SLICE_X46Y110        FDCE                                         r  design_1_i/register_16bit_6/inst/data_reg[11]/D
  -------------------------------------------------------------------    -------------------

Slack:                    inf
  Source:                 design_1_i/controlor/upc_0/inst/q_reg[14]/C
                            (rising edge-triggered cell FDRE)
  Destination:            design_1_i/register_16bit_6/inst/data_reg[10]/D
  Path Group:             (none)
  Path Type:              Max at Slow Process Corner
  Data Path Delay:        14.589ns  (logic 3.255ns (22.312%)  route 11.334ns (77.688%))
  Logic Levels:           14  (FDRE=1 LUT2=2 LUT3=2 LUT4=2 LUT5=1 LUT6=4 MUXF7=2)

    Location             Delay type                Incr(ns)  Path(ns)    Netlist Resource(s)
  -------------------------------------------------------------------    -------------------
    SLICE_X39Y105        FDRE                         0.000     0.000 r  design_1_i/controlor/upc_0/inst/q_reg[14]/C
    SLICE_X39Y105        FDRE (Prop_fdre_C_Q)         0.422     0.422 r  design_1_i/controlor/upc_0/inst/q_reg[14]/Q
                         net (fo=43, routed)          1.564     1.986    design_1_i/controlor/decode_39/decoder_3to8_0/addr[1]
    SLICE_X49Y105        LUT4 (Prop_lut4_I2_O)        0.327     2.313 r  design_1_i/controlor/decode_39/decoder_3to8_0/out[6]_INST_0/O
                         net (fo=16, routed)          1.161     3.474    design_1_i/register_16bit_8/inst/read_en
    SLICE_X52Y104        LUT2 (Prop_lut2_I1_O)        0.357     3.831 r  design_1_i/register_16bit_8/inst/data_out[7]_INST_0/O
                         net (fo=1, routed)           0.975     4.806    design_1_i/bus_mux_16_0/DR[7]
    SLICE_X47Y104        LUT6 (Prop_lut6_I1_O)        0.332     5.138 r  design_1_i/bus_mux_16_0/bus[7]_INST_0_i_2/O
                         net (fo=1, routed)           0.510     5.647    design_1_i/bus_mux_16_0/bus[7]_INST_0_i_2_n_0
    SLICE_X47Y103        LUT6 (Prop_lut6_I0_O)        0.124     5.771 r  design_1_i/bus_mux_16_0/bus[7]_INST_0_i_1/O
                         net (fo=1, routed)           0.867     6.638    design_1_i/bus_mux_16_0/bus[7]_INST_0_i_1_n_0
    SLICE_X46Y103        LUT4 (Prop_lut4_I3_O)        0.124     6.762 r  design_1_i/bus_mux_16_0/bus[7]_INST_0/O
                         net (fo=15, routed)          2.167     8.929    design_1_i/adder/alu_74181_1/inst/b[3]
    SLICE_X51Y110        LUT2 (Prop_lut2_I1_O)        0.150     9.079 r  design_1_i/adder/alu_74181_1/inst/g_INST_0_i_1/O
                         net (fo=2, routed)           0.897     9.976    design_1_i/adder/alu_74181_1/carry_out2[3]
    SLICE_X50Y110        LUT6 (Prop_lut6_I4_O)        0.332    10.308 r  design_1_i/adder/alu_74181_1/g_INST_0/O
                         net (fo=2, routed)           0.829    11.137    design_1_i/adder/carry_lookahead_74182_0/g[1]
    SLICE_X48Y110        LUT3 (Prop_lut3_I0_O)        0.124    11.261 r  design_1_i/adder/carry_lookahead_74182_0/cout[2]_INST_0/O
                         net (fo=16, routed)          1.187    12.448    design_1_i/adder/alu_74181_2/inst/cin
    SLICE_X46Y112        LUT5 (Prop_lut5_I4_O)        0.124    12.572 r  design_1_i/adder/alu_74181_2/inst/f[3]_INST_0_i_27/O
                         net (fo=2, routed)           0.682    13.254    design_1_i/adder/alu_74181_2/inst_n_7
    SLICE_X46Y112        LUT6 (Prop_lut6_I0_O)        0.124    13.378 r  design_1_i/adder/alu_74181_2/f[2]_INST_0_i_13/O
                         net (fo=1, routed)           0.000    13.378    design_1_i/adder/alu_74181_2/f[2]_INST_0_i_13_n_0
    SLICE_X46Y112        MUXF7 (Prop_muxf7_I0_O)      0.209    13.587 r  design_1_i/adder/alu_74181_2/f[2]_INST_0_i_6/O
                         net (fo=1, routed)           0.496    14.083    design_1_i/adder/alu_74181_2/f[2]_INST_0_i_6_n_0
    SLICE_X46Y110        LUT3 (Prop_lut3_I2_O)        0.297    14.380 r  design_1_i/adder/alu_74181_2/f[2]_INST_0_i_1/O
                         net (fo=1, routed)           0.000    14.380    design_1_i/adder/alu_74181_2/f[2]_INST_0_i_1_n_0
    SLICE_X46Y110        MUXF7 (Prop_muxf7_I0_O)      0.209    14.589 r  design_1_i/adder/alu_74181_2/f[2]_INST_0/O
                         net (fo=1, routed)           0.000    14.589    design_1_i/register_16bit_6/inst/data_in[10]
    SLICE_X46Y110        FDCE                                         r  design_1_i/register_16bit_6/inst/data_reg[10]/D
  -------------------------------------------------------------------    -------------------

Slack:                    inf
  Source:                 design_1_i/controlor/upc_0/inst/q_reg[14]/C
                            (rising edge-triggered cell FDRE)
  Destination:            design_1_i/register_16bit_6/inst/data_reg[13]/D
  Path Group:             (none)
  Path Type:              Max at Slow Process Corner
  Data Path Delay:        13.996ns  (logic 3.390ns (24.220%)  route 10.606ns (75.780%))
  Logic Levels:           13  (FDRE=1 LUT2=2 LUT3=1 LUT4=2 LUT5=1 LUT6=4 MUXF7=2)

    Location             Delay type                Incr(ns)  Path(ns)    Netlist Resource(s)
  -------------------------------------------------------------------    -------------------
    SLICE_X39Y105        FDRE                         0.000     0.000 r  design_1_i/controlor/upc_0/inst/q_reg[14]/C
    SLICE_X39Y105        FDRE (Prop_fdre_C_Q)         0.422     0.422 r  design_1_i/controlor/upc_0/inst/q_reg[14]/Q
                         net (fo=43, routed)          1.564     1.986    design_1_i/controlor/decode_39/decoder_3to8_0/addr[1]
    SLICE_X49Y105        LUT4 (Prop_lut4_I2_O)        0.327     2.313 r  design_1_i/controlor/decode_39/decoder_3to8_0/out[6]_INST_0/O
                         net (fo=16, routed)          1.161     3.474    design_1_i/register_16bit_8/inst/read_en
    SLICE_X52Y104        LUT2 (Prop_lut2_I1_O)        0.357     3.831 r  design_1_i/register_16bit_8/inst/data_out[7]_INST_0/O
                         net (fo=1, routed)           0.975     4.806    design_1_i/bus_mux_16_0/DR[7]
    SLICE_X47Y104        LUT6 (Prop_lut6_I1_O)        0.332     5.138 r  design_1_i/bus_mux_16_0/bus[7]_INST_0_i_2/O
                         net (fo=1, routed)           0.510     5.647    design_1_i/bus_mux_16_0/bus[7]_INST_0_i_2_n_0
    SLICE_X47Y103        LUT6 (Prop_lut6_I0_O)        0.124     5.771 r  design_1_i/bus_mux_16_0/bus[7]_INST_0_i_1/O
                         net (fo=1, routed)           0.867     6.638    design_1_i/bus_mux_16_0/bus[7]_INST_0_i_1_n_0
    SLICE_X46Y103        LUT4 (Prop_lut4_I3_O)        0.124     6.762 r  design_1_i/bus_mux_16_0/bus[7]_INST_0/O
                         net (fo=15, routed)          2.167     8.929    design_1_i/adder/alu_74181_1/inst/b[3]
    SLICE_X51Y110        LUT2 (Prop_lut2_I1_O)        0.150     9.079 r  design_1_i/adder/alu_74181_1/inst/g_INST_0_i_1/O
                         net (fo=2, routed)           0.897     9.976    design_1_i/adder/alu_74181_1/carry_out2[3]
    SLICE_X50Y110        LUT6 (Prop_lut6_I4_O)        0.332    10.308 r  design_1_i/adder/alu_74181_1/g_INST_0/O
                         net (fo=2, routed)           0.829    11.137    design_1_i/adder/carry_lookahead_74182_0/g[1]
    SLICE_X48Y110        LUT5 (Prop_lut5_I2_O)        0.152    11.289 r  design_1_i/adder/carry_lookahead_74182_0/cout[3]_INST_0/O
                         net (fo=16, routed)          0.977    12.265    design_1_i/adder/alu_74181_3/cin
    SLICE_X42Y109        LUT6 (Prop_lut6_I4_O)        0.326    12.591 r  design_1_i/adder/alu_74181_3/f[1]_INST_0_i_13/O
                         net (fo=1, routed)           0.000    12.591    design_1_i/adder/alu_74181_3/f[1]_INST_0_i_13_n_0
    SLICE_X42Y109        MUXF7 (Prop_muxf7_I0_O)      0.209    12.800 r  design_1_i/adder/alu_74181_3/f[1]_INST_0_i_6/O
                         net (fo=1, routed)           0.661    13.461    design_1_i/adder/alu_74181_3/f[1]_INST_0_i_6_n_0
    SLICE_X43Y109        LUT3 (Prop_lut3_I2_O)        0.297    13.758 r  design_1_i/adder/alu_74181_3/f[1]_INST_0_i_1/O
                         net (fo=1, routed)           0.000    13.758    design_1_i/adder/alu_74181_3/f[1]_INST_0_i_1_n_0
    SLICE_X43Y109        MUXF7 (Prop_muxf7_I0_O)      0.238    13.996 r  design_1_i/adder/alu_74181_3/f[1]_INST_0/O
                         net (fo=1, routed)           0.000    13.996    design_1_i/register_16bit_6/inst/data_in[13]
    SLICE_X43Y109        FDCE                                         r  design_1_i/register_16bit_6/inst/data_reg[13]/D
  -------------------------------------------------------------------    -------------------

Slack:                    inf
  Source:                 design_1_i/controlor/upc_0/inst/q_reg[14]/C
                            (rising edge-triggered cell FDRE)
  Destination:            design_1_i/register_16bit_6/inst/data_reg[12]/D
  Path Group:             (none)
  Path Type:              Max at Slow Process Corner
  Data Path Delay:        13.759ns  (logic 3.002ns (21.818%)  route 10.757ns (78.182%))
  Logic Levels:           11  (FDRE=1 LUT2=2 LUT3=1 LUT4=3 LUT5=1 LUT6=3)

    Location             Delay type                Incr(ns)  Path(ns)    Netlist Resource(s)
  -------------------------------------------------------------------    -------------------
    SLICE_X39Y105        FDRE                         0.000     0.000 r  design_1_i/controlor/upc_0/inst/q_reg[14]/C
    SLICE_X39Y105        FDRE (Prop_fdre_C_Q)         0.422     0.422 r  design_1_i/controlor/upc_0/inst/q_reg[14]/Q
                         net (fo=43, routed)          1.564     1.986    design_1_i/controlor/decode_39/decoder_3to8_0/addr[1]
    SLICE_X49Y105        LUT4 (Prop_lut4_I2_O)        0.327     2.313 r  design_1_i/controlor/decode_39/decoder_3to8_0/out[6]_INST_0/O
                         net (fo=16, routed)          1.161     3.474    design_1_i/register_16bit_8/inst/read_en
    SLICE_X52Y104        LUT2 (Prop_lut2_I1_O)        0.357     3.831 r  design_1_i/register_16bit_8/inst/data_out[7]_INST_0/O
                         net (fo=1, routed)           0.975     4.806    design_1_i/bus_mux_16_0/DR[7]
    SLICE_X47Y104        LUT6 (Prop_lut6_I1_O)        0.332     5.138 r  design_1_i/bus_mux_16_0/bus[7]_INST_0_i_2/O
                         net (fo=1, routed)           0.510     5.647    design_1_i/bus_mux_16_0/bus[7]_INST_0_i_2_n_0
    SLICE_X47Y103        LUT6 (Prop_lut6_I0_O)        0.124     5.771 r  design_1_i/bus_mux_16_0/bus[7]_INST_0_i_1/O
                         net (fo=1, routed)           0.867     6.638    design_1_i/bus_mux_16_0/bus[7]_INST_0_i_1_n_0
    SLICE_X46Y103        LUT4 (Prop_lut4_I3_O)        0.124     6.762 r  design_1_i/bus_mux_16_0/bus[7]_INST_0/O
                         net (fo=15, routed)          2.167     8.929    design_1_i/adder/alu_74181_1/inst/b[3]
    SLICE_X51Y110        LUT2 (Prop_lut2_I1_O)        0.150     9.079 r  design_1_i/adder/alu_74181_1/inst/g_INST_0_i_1/O
                         net (fo=2, routed)           0.897     9.976    design_1_i/adder/alu_74181_1/carry_out2[3]
    SLICE_X50Y110        LUT6 (Prop_lut6_I4_O)        0.332    10.308 r  design_1_i/adder/alu_74181_1/g_INST_0/O
                         net (fo=2, routed)           0.829    11.137    design_1_i/adder/carry_lookahead_74182_0/g[1]
    SLICE_X48Y110        LUT5 (Prop_lut5_I2_O)        0.152    11.289 r  design_1_i/adder/carry_lookahead_74182_0/cout[3]_INST_0/O
                         net (fo=16, routed)          1.151    12.440    design_1_i/adder/alu_74181_3/cin
    SLICE_X43Y108        LUT4 (Prop_lut4_I2_O)        0.355    12.795 r  design_1_i/adder/alu_74181_3/f[0]_INST_0_i_2/O
                         net (fo=1, routed)           0.638    13.432    design_1_i/adder/alu_74181_3/f[0]_INST_0_i_2_n_0
    SLICE_X43Y107        LUT3 (Prop_lut3_I0_O)        0.327    13.759 r  design_1_i/adder/alu_74181_3/f[0]_INST_0/O
                         net (fo=1, routed)           0.000    13.759    design_1_i/register_16bit_6/inst/data_in[12]
    SLICE_X43Y107        FDCE                                         r  design_1_i/register_16bit_6/inst/data_reg[12]/D
  -------------------------------------------------------------------    -------------------

Slack:                    inf
  Source:                 design_1_i/controlor/upc_0/inst/q_reg[14]/C
                            (rising edge-triggered cell FDRE)
  Destination:            design_1_i/register_16bit_6/inst/data_reg[9]/D
  Path Group:             (none)
  Path Type:              Max at Slow Process Corner
  Data Path Delay:        13.588ns  (logic 3.165ns (23.292%)  route 10.423ns (76.707%))
  Logic Levels:           13  (FDRE=1 LUT2=2 LUT3=2 LUT4=2 LUT6=4 MUXF7=2)

    Location             Delay type                Incr(ns)  Path(ns)    Netlist Resource(s)
  -------------------------------------------------------------------    -------------------
    SLICE_X39Y105        FDRE                         0.000     0.000 r  design_1_i/controlor/upc_0/inst/q_reg[14]/C
    SLICE_X39Y105        FDRE (Prop_fdre_C_Q)         0.422     0.422 r  design_1_i/controlor/upc_0/inst/q_reg[14]/Q
                         net (fo=43, routed)          1.564     1.986    design_1_i/controlor/decode_39/decoder_3to8_0/addr[1]
    SLICE_X49Y105        LUT4 (Prop_lut4_I2_O)        0.327     2.313 r  design_1_i/controlor/decode_39/decoder_3to8_0/out[6]_INST_0/O
                         net (fo=16, routed)          1.161     3.474    design_1_i/register_16bit_8/inst/read_en
    SLICE_X52Y104        LUT2 (Prop_lut2_I1_O)        0.357     3.831 r  design_1_i/register_16bit_8/inst/data_out[7]_INST_0/O
                         net (fo=1, routed)           0.975     4.806    design_1_i/bus_mux_16_0/DR[7]
    SLICE_X47Y104        LUT6 (Prop_lut6_I1_O)        0.332     5.138 r  design_1_i/bus_mux_16_0/bus[7]_INST_0_i_2/O
                         net (fo=1, routed)           0.510     5.647    design_1_i/bus_mux_16_0/bus[7]_INST_0_i_2_n_0
    SLICE_X47Y103        LUT6 (Prop_lut6_I0_O)        0.124     5.771 r  design_1_i/bus_mux_16_0/bus[7]_INST_0_i_1/O
                         net (fo=1, routed)           0.867     6.638    design_1_i/bus_mux_16_0/bus[7]_INST_0_i_1_n_0
    SLICE_X46Y103        LUT4 (Prop_lut4_I3_O)        0.124     6.762 r  design_1_i/bus_mux_16_0/bus[7]_INST_0/O
                         net (fo=15, routed)          2.167     8.929    design_1_i/adder/alu_74181_1/inst/b[3]
    SLICE_X51Y110        LUT2 (Prop_lut2_I1_O)        0.150     9.079 r  design_1_i/adder/alu_74181_1/inst/g_INST_0_i_1/O
                         net (fo=2, routed)           0.897     9.976    design_1_i/adder/alu_74181_1/carry_out2[3]
    SLICE_X50Y110        LUT6 (Prop_lut6_I4_O)        0.332    10.308 r  design_1_i/adder/alu_74181_1/g_INST_0/O
                         net (fo=2, routed)           0.829    11.137    design_1_i/adder/carry_lookahead_74182_0/g[1]
    SLICE_X48Y110        LUT3 (Prop_lut3_I0_O)        0.124    11.261 r  design_1_i/adder/carry_lookahead_74182_0/cout[2]_INST_0/O
                         net (fo=16, routed)          1.018    12.279    design_1_i/adder/alu_74181_2/cin
    SLICE_X47Y111        LUT6 (Prop_lut6_I4_O)        0.124    12.403 r  design_1_i/adder/alu_74181_2/f[1]_INST_0_i_13/O
                         net (fo=1, routed)           0.000    12.403    design_1_i/adder/alu_74181_2/f[1]_INST_0_i_13_n_0
    SLICE_X47Y111        MUXF7 (Prop_muxf7_I0_O)      0.212    12.615 r  design_1_i/adder/alu_74181_2/f[1]_INST_0_i_6/O
                         net (fo=1, routed)           0.436    13.051    design_1_i/adder/alu_74181_2/f[1]_INST_0_i_6_n_0
    SLICE_X47Y111        LUT3 (Prop_lut3_I2_O)        0.299    13.350 r  design_1_i/adder/alu_74181_2/f[1]_INST_0_i_1/O
                         net (fo=1, routed)           0.000    13.350    design_1_i/adder/alu_74181_2/f[1]_INST_0_i_1_n_0
    SLICE_X47Y111        MUXF7 (Prop_muxf7_I0_O)      0.238    13.588 r  design_1_i/adder/alu_74181_2/f[1]_INST_0/O
                         net (fo=1, routed)           0.000    13.588    design_1_i/register_16bit_6/inst/data_in[9]
    SLICE_X47Y111        FDCE                                         r  design_1_i/register_16bit_6/inst/data_reg[9]/D
  -------------------------------------------------------------------    -------------------

Slack:                    inf
  Source:                 design_1_i/controlor/upc_0/inst/q_reg[14]/C
                            (rising edge-triggered cell FDRE)
  Destination:            design_1_i/register_16bit_6/inst/data_reg[8]/D
  Path Group:             (none)
  Path Type:              Max at Slow Process Corner
  Data Path Delay:        13.226ns  (logic 2.776ns (20.989%)  route 10.450ns (79.011%))
  Logic Levels:           11  (FDRE=1 LUT2=2 LUT3=2 LUT4=3 LUT6=3)

    Location             Delay type                Incr(ns)  Path(ns)    Netlist Resource(s)
  -------------------------------------------------------------------    -------------------
    SLICE_X39Y105        FDRE                         0.000     0.000 r  design_1_i/controlor/upc_0/inst/q_reg[14]/C
    SLICE_X39Y105        FDRE (Prop_fdre_C_Q)         0.422     0.422 r  design_1_i/controlor/upc_0/inst/q_reg[14]/Q
                         net (fo=43, routed)          1.564     1.986    design_1_i/controlor/decode_39/decoder_3to8_0/addr[1]
    SLICE_X49Y105        LUT4 (Prop_lut4_I2_O)        0.327     2.313 r  design_1_i/controlor/decode_39/decoder_3to8_0/out[6]_INST_0/O
                         net (fo=16, routed)          1.161     3.474    design_1_i/register_16bit_8/inst/read_en
    SLICE_X52Y104        LUT2 (Prop_lut2_I1_O)        0.357     3.831 r  design_1_i/register_16bit_8/inst/data_out[7]_INST_0/O
                         net (fo=1, routed)           0.975     4.806    design_1_i/bus_mux_16_0/DR[7]
    SLICE_X47Y104        LUT6 (Prop_lut6_I1_O)        0.332     5.138 r  design_1_i/bus_mux_16_0/bus[7]_INST_0_i_2/O
                         net (fo=1, routed)           0.510     5.647    design_1_i/bus_mux_16_0/bus[7]_INST_0_i_2_n_0
    SLICE_X47Y103        LUT6 (Prop_lut6_I0_O)        0.124     5.771 r  design_1_i/bus_mux_16_0/bus[7]_INST_0_i_1/O
                         net (fo=1, routed)           0.867     6.638    design_1_i/bus_mux_16_0/bus[7]_INST_0_i_1_n_0
    SLICE_X46Y103        LUT4 (Prop_lut4_I3_O)        0.124     6.762 r  design_1_i/bus_mux_16_0/bus[7]_INST_0/O
                         net (fo=15, routed)          2.167     8.929    design_1_i/adder/alu_74181_1/inst/b[3]
    SLICE_X51Y110        LUT2 (Prop_lut2_I1_O)        0.150     9.079 r  design_1_i/adder/alu_74181_1/inst/g_INST_0_i_1/O
                         net (fo=2, routed)           0.897     9.976    design_1_i/adder/alu_74181_1/carry_out2[3]
    SLICE_X50Y110        LUT6 (Prop_lut6_I4_O)        0.332    10.308 r  design_1_i/adder/alu_74181_1/g_INST_0/O
                         net (fo=2, routed)           0.829    11.137    design_1_i/adder/carry_lookahead_74182_0/g[1]
    SLICE_X48Y110        LUT3 (Prop_lut3_I0_O)        0.124    11.261 r  design_1_i/adder/carry_lookahead_74182_0/cout[2]_INST_0/O
                         net (fo=16, routed)          0.813    12.074    design_1_i/adder/alu_74181_2/cin
    SLICE_X45Y111        LUT4 (Prop_lut4_I2_O)        0.152    12.226 r  design_1_i/adder/alu_74181_2/f[0]_INST_0_i_2/O
                         net (fo=1, routed)           0.669    12.894    design_1_i/adder/alu_74181_2/f[0]_INST_0_i_2_n_0
    SLICE_X45Y111        LUT3 (Prop_lut3_I0_O)        0.332    13.226 r  design_1_i/adder/alu_74181_2/f[0]_INST_0/O
                         net (fo=1, routed)           0.000    13.226    design_1_i/register_16bit_6/inst/data_in[8]
    SLICE_X45Y111        FDCE                                         r  design_1_i/register_16bit_6/inst/data_reg[8]/D
  -------------------------------------------------------------------    -------------------

Slack:                    inf
  Source:                 design_1_i/controlor/upc_0/inst/q_reg[13]/C
                            (rising edge-triggered cell FDRE)
  Destination:            design_1_i/register_16bit_6/inst/data_reg[6]/D
  Path Group:             (none)
  Path Type:              Max at Slow Process Corner
  Data Path Delay:        11.993ns  (logic 2.594ns (21.629%)  route 9.399ns (78.371%))
  Logic Levels:           13  (FDRE=1 LUT2=2 LUT3=1 LUT4=2 LUT5=1 LUT6=4 MUXF7=2)

    Location             Delay type                Incr(ns)  Path(ns)    Netlist Resource(s)
  -------------------------------------------------------------------    -------------------
    SLICE_X36Y104        FDRE                         0.000     0.000 r  design_1_i/controlor/upc_0/inst/q_reg[13]/C
    SLICE_X36Y104        FDRE (Prop_fdre_C_Q)         0.524     0.524 r  design_1_i/controlor/upc_0/inst/q_reg[13]/Q
                         net (fo=42, routed)          2.118     2.642    design_1_i/controlor/decode_39/decoder_3to8_0/addr[0]
    SLICE_X43Y105        LUT4 (Prop_lut4_I2_O)        0.124     2.766 r  design_1_i/controlor/decode_39/decoder_3to8_0/out[7]_INST_0/O
                         net (fo=8, routed)           0.469     3.235    design_1_i/pc/register_16bit_0/inst/read_en
    SLICE_X44Y106        LUT2 (Prop_lut2_I1_O)        0.124     3.359 r  design_1_i/pc/register_16bit_0/inst/data_out[2]_INST_0/O
                         net (fo=1, routed)           0.951     4.310    design_1_i/bus_mux_16_0/PC[2]
    SLICE_X49Y104        LUT6 (Prop_lut6_I0_O)        0.124     4.434 r  design_1_i/bus_mux_16_0/bus[2]_INST_0_i_2/O
                         net (fo=1, routed)           0.642     5.077    design_1_i/bus_mux_16_0/bus[2]_INST_0_i_2_n_0
    SLICE_X48Y103        LUT6 (Prop_lut6_I0_O)        0.124     5.201 r  design_1_i/bus_mux_16_0/bus[2]_INST_0_i_1/O
                         net (fo=1, routed)           0.817     6.018    design_1_i/bus_mux_16_0/bus[2]_INST_0_i_1_n_0
    SLICE_X48Y102        LUT4 (Prop_lut4_I3_O)        0.152     6.170 r  design_1_i/bus_mux_16_0/bus[2]_INST_0/O
                         net (fo=16, routed)          1.341     7.511    design_1_i/adder/alu_74181_0/inst/b[2]
    SLICE_X50Y106        LUT2 (Prop_lut2_I1_O)        0.332     7.843 r  design_1_i/adder/alu_74181_0/inst/g_INST_0_i_2/O
                         net (fo=2, routed)           0.648     8.491    design_1_i/adder/alu_74181_0/carry_out2[2]
    SLICE_X51Y107        LUT6 (Prop_lut6_I5_O)        0.124     8.615 r  design_1_i/adder/alu_74181_0/g_INST_0/O
                         net (fo=18, routed)          0.870     9.486    design_1_i/adder/alu_74181_1/inst/cin
    SLICE_X50Y109        LUT5 (Prop_lut5_I4_O)        0.124     9.610 r  design_1_i/adder/alu_74181_1/inst/f[3]_INST_0_i_27/O
                         net (fo=2, routed)           0.682    10.292    design_1_i/adder/alu_74181_1/inst_n_7
    SLICE_X50Y109        LUT6 (Prop_lut6_I0_O)        0.124    10.416 r  design_1_i/adder/alu_74181_1/f[2]_INST_0_i_13/O
                         net (fo=1, routed)           0.000    10.416    design_1_i/adder/alu_74181_1/f[2]_INST_0_i_13_n_0
    SLICE_X50Y109        MUXF7 (Prop_muxf7_I0_O)      0.209    10.625 r  design_1_i/adder/alu_74181_1/f[2]_INST_0_i_6/O
                         net (fo=1, routed)           0.859    11.484    design_1_i/adder/alu_74181_1/f[2]_INST_0_i_6_n_0
    SLICE_X51Y109        LUT3 (Prop_lut3_I2_O)        0.297    11.781 r  design_1_i/adder/alu_74181_1/f[2]_INST_0_i_1/O
                         net (fo=1, routed)           0.000    11.781    design_1_i/adder/alu_74181_1/f[2]_INST_0_i_1_n_0
    SLICE_X51Y109        MUXF7 (Prop_muxf7_I0_O)      0.212    11.993 r  design_1_i/adder/alu_74181_1/f[2]_INST_0/O
                         net (fo=1, routed)           0.000    11.993    design_1_i/register_16bit_6/inst/data_in[6]
    SLICE_X51Y109        FDCE                                         r  design_1_i/register_16bit_6/inst/data_reg[6]/D
  -------------------------------------------------------------------    -------------------

Slack:                    inf
  Source:                 design_1_i/controlor/upc_0/inst/q_reg[13]/C
                            (rising edge-triggered cell FDRE)
  Destination:            design_1_i/register_16bit_6/inst/data_reg[7]/D
  Path Group:             (none)
  Path Type:              Max at Slow Process Corner
  Data Path Delay:        11.871ns  (logic 2.596ns (21.869%)  route 9.275ns (78.131%))
  Logic Levels:           13  (FDRE=1 LUT2=2 LUT3=1 LUT4=3 LUT6=4 MUXF7=2)

    Location             Delay type                Incr(ns)  Path(ns)    Netlist Resource(s)
  -------------------------------------------------------------------    -------------------
    SLICE_X36Y104        FDRE                         0.000     0.000 r  design_1_i/controlor/upc_0/inst/q_reg[13]/C
    SLICE_X36Y104        FDRE (Prop_fdre_C_Q)         0.524     0.524 r  design_1_i/controlor/upc_0/inst/q_reg[13]/Q
                         net (fo=42, routed)          2.118     2.642    design_1_i/controlor/decode_39/decoder_3to8_0/addr[0]
    SLICE_X43Y105        LUT4 (Prop_lut4_I2_O)        0.124     2.766 r  design_1_i/controlor/decode_39/decoder_3to8_0/out[7]_INST_0/O
                         net (fo=8, routed)           0.469     3.235    design_1_i/pc/register_16bit_0/inst/read_en
    SLICE_X44Y106        LUT2 (Prop_lut2_I1_O)        0.124     3.359 r  design_1_i/pc/register_16bit_0/inst/data_out[2]_INST_0/O
                         net (fo=1, routed)           0.951     4.310    design_1_i/bus_mux_16_0/PC[2]
    SLICE_X49Y104        LUT6 (Prop_lut6_I0_O)        0.124     4.434 r  design_1_i/bus_mux_16_0/bus[2]_INST_0_i_2/O
                         net (fo=1, routed)           0.642     5.077    design_1_i/bus_mux_16_0/bus[2]_INST_0_i_2_n_0
    SLICE_X48Y103        LUT6 (Prop_lut6_I0_O)        0.124     5.201 r  design_1_i/bus_mux_16_0/bus[2]_INST_0_i_1/O
                         net (fo=1, routed)           0.817     6.018    design_1_i/bus_mux_16_0/bus[2]_INST_0_i_1_n_0
    SLICE_X48Y102        LUT4 (Prop_lut4_I3_O)        0.152     6.170 r  design_1_i/bus_mux_16_0/bus[2]_INST_0/O
                         net (fo=16, routed)          1.341     7.511    design_1_i/adder/alu_74181_0/inst/b[2]
    SLICE_X50Y106        LUT2 (Prop_lut2_I1_O)        0.332     7.843 r  design_1_i/adder/alu_74181_0/inst/g_INST_0_i_2/O
                         net (fo=2, routed)           0.648     8.491    design_1_i/adder/alu_74181_0/carry_out2[2]
    SLICE_X51Y107        LUT6 (Prop_lut6_I5_O)        0.124     8.615 r  design_1_i/adder/alu_74181_0/g_INST_0/O
                         net (fo=18, routed)          1.081     9.697    design_1_i/adder/alu_74181_1/inst/cin
    SLICE_X52Y110        LUT4 (Prop_lut4_I1_O)        0.124     9.821 r  design_1_i/adder/alu_74181_1/inst/f[3]_INST_0_i_29/O
                         net (fo=1, routed)           0.564    10.385    design_1_i/adder/alu_74181_1/inst_n_9
    SLICE_X51Y110        LUT6 (Prop_lut6_I4_O)        0.124    10.509 r  design_1_i/adder/alu_74181_1/f[3]_INST_0_i_13/O
                         net (fo=1, routed)           0.000    10.509    design_1_i/adder/alu_74181_1/f[3]_INST_0_i_13_n_0
    SLICE_X51Y110        MUXF7 (Prop_muxf7_I0_O)      0.212    10.721 r  design_1_i/adder/alu_74181_1/f[3]_INST_0_i_6/O
                         net (fo=1, routed)           0.642    11.363    design_1_i/adder/alu_74181_1/f[3]_INST_0_i_6_n_0
    SLICE_X50Y110        LUT3 (Prop_lut3_I2_O)        0.299    11.662 r  design_1_i/adder/alu_74181_1/f[3]_INST_0_i_1/O
                         net (fo=1, routed)           0.000    11.662    design_1_i/adder/alu_74181_1/f[3]_INST_0_i_1_n_0
    SLICE_X50Y110        MUXF7 (Prop_muxf7_I0_O)      0.209    11.871 r  design_1_i/adder/alu_74181_1/f[3]_INST_0/O
                         net (fo=1, routed)           0.000    11.871    design_1_i/register_16bit_6/inst/data_in[7]
    SLICE_X50Y110        FDCE                                         r  design_1_i/register_16bit_6/inst/data_reg[7]/D
  -------------------------------------------------------------------    -------------------





Min Delay Paths
--------------------------------------------------------------------------------------
Slack:                    inf
  Source:                 design_1_i/controlor/rom_1kx23_0/inst/data_out_reg[14]/C
                            (rising edge-triggered cell FDRE)
  Destination:            design_1_i/controlor/upc_0/inst/q_reg[14]/D
  Path Group:             (none)
  Path Type:              Min at Fast Process Corner
  Data Path Delay:        0.202ns  (logic 0.146ns (72.314%)  route 0.056ns (27.686%))
  Logic Levels:           1  (FDRE=1)

    Location             Delay type                Incr(ns)  Path(ns)    Netlist Resource(s)
  -------------------------------------------------------------------    -------------------
    SLICE_X39Y105        FDRE                         0.000     0.000 r  design_1_i/controlor/rom_1kx23_0/inst/data_out_reg[14]/C
    SLICE_X39Y105        FDRE (Prop_fdre_C_Q)         0.146     0.146 r  design_1_i/controlor/rom_1kx23_0/inst/data_out_reg[14]/Q
                         net (fo=1, routed)           0.056     0.202    design_1_i/controlor/upc_0/inst/i[14]
    SLICE_X39Y105        FDRE                                         r  design_1_i/controlor/upc_0/inst/q_reg[14]/D
  -------------------------------------------------------------------    -------------------

Slack:                    inf
  Source:                 design_1_i/controlor/rom_1kx23_0/inst/data_out_reg[2]/C
                            (rising edge-triggered cell FDRE)
  Destination:            design_1_i/controlor/upc_0/inst/q_reg[2]/D
  Path Group:             (none)
  Path Type:              Min at Fast Process Corner
  Data Path Delay:        0.202ns  (logic 0.146ns (72.314%)  route 0.056ns (27.686%))
  Logic Levels:           1  (FDRE=1)

    Location             Delay type                Incr(ns)  Path(ns)    Netlist Resource(s)
  -------------------------------------------------------------------    -------------------
    SLICE_X39Y106        FDRE                         0.000     0.000 r  design_1_i/controlor/rom_1kx23_0/inst/data_out_reg[2]/C
    SLICE_X39Y106        FDRE (Prop_fdre_C_Q)         0.146     0.146 r  design_1_i/controlor/rom_1kx23_0/inst/data_out_reg[2]/Q
                         net (fo=1, routed)           0.056     0.202    design_1_i/controlor/upc_0/inst/i[2]
    SLICE_X39Y106        FDRE                                         r  design_1_i/controlor/upc_0/inst/q_reg[2]/D
  -------------------------------------------------------------------    -------------------

Slack:                    inf
  Source:                 design_1_i/controlor/rom_1kx23_0/inst/data_out_reg[3]/C
                            (rising edge-triggered cell FDRE)
  Destination:            design_1_i/controlor/upc_0/inst/q_reg[3]/D
  Path Group:             (none)
  Path Type:              Min at Fast Process Corner
  Data Path Delay:        0.202ns  (logic 0.146ns (72.314%)  route 0.056ns (27.686%))
  Logic Levels:           1  (FDRE=1)

    Location             Delay type                Incr(ns)  Path(ns)    Netlist Resource(s)
  -------------------------------------------------------------------    -------------------
    SLICE_X39Y105        FDRE                         0.000     0.000 r  design_1_i/controlor/rom_1kx23_0/inst/data_out_reg[3]/C
    SLICE_X39Y105        FDRE (Prop_fdre_C_Q)         0.146     0.146 r  design_1_i/controlor/rom_1kx23_0/inst/data_out_reg[3]/Q
                         net (fo=1, routed)           0.056     0.202    design_1_i/controlor/upc_0/inst/i[3]
    SLICE_X39Y105        FDRE                                         r  design_1_i/controlor/upc_0/inst/q_reg[3]/D
  -------------------------------------------------------------------    -------------------

Slack:                    inf
  Source:                 design_1_i/controlor/rom_1kx23_0/inst/data_out_reg[1]/C
                            (rising edge-triggered cell FDRE)
  Destination:            design_1_i/controlor/upc_0/inst/q_reg[1]/D
  Path Group:             (none)
  Path Type:              Min at Fast Process Corner
  Data Path Delay:        0.270ns  (logic 0.151ns (55.872%)  route 0.119ns (44.128%))
  Logic Levels:           1  (FDRE=1)

    Location             Delay type                Incr(ns)  Path(ns)    Netlist Resource(s)
  -------------------------------------------------------------------    -------------------
    SLICE_X36Y104        FDRE                         0.000     0.000 r  design_1_i/controlor/rom_1kx23_0/inst/data_out_reg[1]/C
    SLICE_X36Y104        FDRE (Prop_fdre_C_Q)         0.151     0.151 r  design_1_i/controlor/rom_1kx23_0/inst/data_out_reg[1]/Q
                         net (fo=1, routed)           0.119     0.270    design_1_i/controlor/upc_0/inst/i[1]
    SLICE_X36Y104        FDRE                                         r  design_1_i/controlor/upc_0/inst/q_reg[1]/D
  -------------------------------------------------------------------    -------------------

Slack:                    inf
  Source:                 design_1_i/controlor/rom_1kx23_0/inst/data_out_reg[9]/C
                            (rising edge-triggered cell FDRE)
  Destination:            design_1_i/controlor/upc_0/inst/q_reg[9]/D
  Path Group:             (none)
  Path Type:              Min at Fast Process Corner
  Data Path Delay:        0.270ns  (logic 0.151ns (55.872%)  route 0.119ns (44.128%))
  Logic Levels:           1  (FDRE=1)

    Location             Delay type                Incr(ns)  Path(ns)    Netlist Resource(s)
  -------------------------------------------------------------------    -------------------
    SLICE_X36Y107        FDRE                         0.000     0.000 r  design_1_i/controlor/rom_1kx23_0/inst/data_out_reg[9]/C
    SLICE_X36Y107        FDRE (Prop_fdre_C_Q)         0.151     0.151 r  design_1_i/controlor/rom_1kx23_0/inst/data_out_reg[9]/Q
                         net (fo=1, routed)           0.119     0.270    design_1_i/controlor/upc_0/inst/i[9]
    SLICE_X36Y107        FDRE                                         r  design_1_i/controlor/upc_0/inst/q_reg[9]/D
  -------------------------------------------------------------------    -------------------

Slack:                    inf
  Source:                 design_1_i/pc/ic_74161_0/inst/q_reg[2]/C
                            (rising edge-triggered cell FDCE)
  Destination:            design_1_i/pc/register_16bit_0/inst/data_reg[2]/D
  Path Group:             (none)
  Path Type:              Min at Fast Process Corner
  Data Path Delay:        0.275ns  (logic 0.146ns (53.091%)  route 0.129ns (46.909%))
  Logic Levels:           1  (FDCE=1)

    Location             Delay type                Incr(ns)  Path(ns)    Netlist Resource(s)
  -------------------------------------------------------------------    -------------------
    SLICE_X40Y105        FDCE                         0.000     0.000 r  design_1_i/pc/ic_74161_0/inst/q_reg[2]/C
    SLICE_X40Y105        FDCE (Prop_fdce_C_Q)         0.146     0.146 r  design_1_i/pc/ic_74161_0/inst/q_reg[2]/Q
                         net (fo=4, routed)           0.129     0.275    design_1_i/pc/register_16bit_0/inst/data_in[2]
    SLICE_X41Y106        FDCE                                         r  design_1_i/pc/register_16bit_0/inst/data_reg[2]/D
  -------------------------------------------------------------------    -------------------

Slack:                    inf
  Source:                 design_1_i/pc/ic_74161_0/inst/q_reg[3]/C
                            (rising edge-triggered cell FDCE)
  Destination:            design_1_i/pc/register_16bit_0/inst/data_reg[3]/D
  Path Group:             (none)
  Path Type:              Min at Fast Process Corner
  Data Path Delay:        0.277ns  (logic 0.146ns (52.664%)  route 0.131ns (47.336%))
  Logic Levels:           1  (FDCE=1)

    Location             Delay type                Incr(ns)  Path(ns)    Netlist Resource(s)
  -------------------------------------------------------------------    -------------------
    SLICE_X40Y105        FDCE                         0.000     0.000 r  design_1_i/pc/ic_74161_0/inst/q_reg[3]/C
    SLICE_X40Y105        FDCE (Prop_fdce_C_Q)         0.146     0.146 r  design_1_i/pc/ic_74161_0/inst/q_reg[3]/Q
                         net (fo=3, routed)           0.131     0.277    design_1_i/pc/register_16bit_0/inst/data_in[3]
    SLICE_X41Y106        FDCE                                         r  design_1_i/pc/register_16bit_0/inst/data_reg[3]/D
  -------------------------------------------------------------------    -------------------

Slack:                    inf
  Source:                 design_1_i/controlor/rom_1kx23_0/inst/data_out_reg[11]/C
                            (rising edge-triggered cell FDRE)
  Destination:            design_1_i/controlor/upc_0/inst/q_reg[11]/D
  Path Group:             (none)
  Path Type:              Min at Fast Process Corner
  Data Path Delay:        0.283ns  (logic 0.167ns (58.976%)  route 0.116ns (41.024%))
  Logic Levels:           1  (FDRE=1)

    Location             Delay type                Incr(ns)  Path(ns)    Netlist Resource(s)
  -------------------------------------------------------------------    -------------------
    SLICE_X36Y107        FDRE                         0.000     0.000 r  design_1_i/controlor/rom_1kx23_0/inst/data_out_reg[11]/C
    SLICE_X36Y107        FDRE (Prop_fdre_C_Q)         0.167     0.167 r  design_1_i/controlor/rom_1kx23_0/inst/data_out_reg[11]/Q
                         net (fo=1, routed)           0.116     0.283    design_1_i/controlor/upc_0/inst/i[11]
    SLICE_X36Y107        FDRE                                         r  design_1_i/controlor/upc_0/inst/q_reg[11]/D
  -------------------------------------------------------------------    -------------------

Slack:                    inf
  Source:                 design_1_i/controlor/rom_1kx23_0/inst/data_out_reg[13]/C
                            (rising edge-triggered cell FDRE)
  Destination:            design_1_i/controlor/upc_0/inst/q_reg[13]/D
  Path Group:             (none)
  Path Type:              Min at Fast Process Corner
  Data Path Delay:        0.283ns  (logic 0.167ns (58.976%)  route 0.116ns (41.024%))
  Logic Levels:           1  (FDRE=1)

    Location             Delay type                Incr(ns)  Path(ns)    Netlist Resource(s)
  -------------------------------------------------------------------    -------------------
    SLICE_X36Y104        FDRE                         0.000     0.000 r  design_1_i/controlor/rom_1kx23_0/inst/data_out_reg[13]/C
    SLICE_X36Y104        FDRE (Prop_fdre_C_Q)         0.167     0.167 r  design_1_i/controlor/rom_1kx23_0/inst/data_out_reg[13]/Q
                         net (fo=1, routed)           0.116     0.283    design_1_i/controlor/upc_0/inst/i[13]
    SLICE_X36Y104        FDRE                                         r  design_1_i/controlor/upc_0/inst/q_reg[13]/D
  -------------------------------------------------------------------    -------------------

Slack:                    inf
  Source:                 design_1_i/pc/ic_74161_1/inst/q_reg[0]/C
                            (rising edge-triggered cell FDCE)
  Destination:            design_1_i/pc/register_16bit_0/inst/data_reg[4]/D
  Path Group:             (none)
  Path Type:              Min at Fast Process Corner
  Data Path Delay:        0.294ns  (logic 0.146ns (49.673%)  route 0.148ns (50.327%))
  Logic Levels:           1  (FDCE=1)

    Location             Delay type                Incr(ns)  Path(ns)    Netlist Resource(s)
  -------------------------------------------------------------------    -------------------
    SLICE_X40Y107        FDCE                         0.000     0.000 r  design_1_i/pc/ic_74161_1/inst/q_reg[0]/C
    SLICE_X40Y107        FDCE (Prop_fdce_C_Q)         0.146     0.146 r  design_1_i/pc/ic_74161_1/inst/q_reg[0]/Q
                         net (fo=5, routed)           0.148     0.294    design_1_i/pc/register_16bit_0/inst/data_in[4]
    SLICE_X41Y106        FDCE                                         r  design_1_i/pc/register_16bit_0/inst/data_reg[4]/D
  -------------------------------------------------------------------    -------------------





--------------------------------------------------------------------------------------
Path Group:  (none)
From Clock:  clk_fpga_0
  To Clock:  

Max Delay           430 Endpoints
Min Delay           430 Endpoints
--------------------------------------------------------------------------------------


Max Delay Paths
--------------------------------------------------------------------------------------
Slack:                    inf
  Source:                 design_1_i/cg_fpga_0/inst/cg_fpga_axi_gpio_o2/U0/gpio_core_1/Dual.gpio_Data_Out_reg[19]/C
                            (rising edge-triggered cell FDRE clocked by clk_fpga_0  {rise@0.000ns fall@5.000ns period=10.000ns})
  Destination:            design_1_i/register_16bit_6/inst/data_reg[15]/D
  Path Group:             (none)
  Path Type:              Max at Slow Process Corner
  Data Path Delay:        17.846ns  (logic 3.453ns (19.349%)  route 14.393ns (80.651%))
  Logic Levels:           14  (BUFG=1 LUT2=2 LUT3=1 LUT4=2 LUT5=2 LUT6=4 MUXF7=2)
  Clock Uncertainty:      0.152ns  ((TSJ^2 + TIJ^2)^1/2 + DJ) / 2 + PE
    Total System Jitter     (TSJ):    0.050ns
    Total Input Jitter      (TIJ):    0.300ns
    Discrete Jitter          (DJ):    0.000ns
    Phase Error              (PE):    0.000ns

    Location             Delay type                Incr(ns)  Path(ns)    Netlist Resource(s)
  -------------------------------------------------------------------    -------------------
                         (clock clk_fpga_0 rise edge)
                                                      0.000     0.000 r  
    PS7_X0Y0             PS7                          0.000     0.000 r  design_1_i/cg_fpga_0/inst/processing_system7_0/inst/PS7_i/FCLKCLK[0]
                         net (fo=1, routed)           1.193     1.193    design_1_i/cg_fpga_0/inst/processing_system7_0/inst/FCLK_CLK_unbuffered[0]
    BUFGCTRL_X0Y17       BUFG (Prop_bufg_I_O)         0.101     1.294 r  design_1_i/cg_fpga_0/inst/processing_system7_0/inst/buffer_fclk_clk_0.FCLK_CLK_0_BUFG/O
                         net (fo=6935, routed)        1.631     2.925    design_1_i/cg_fpga_0/inst/cg_fpga_axi_gpio_o2/U0/gpio_core_1/s_axi_aclk
    SLICE_X43Y74         FDRE                                         r  design_1_i/cg_fpga_0/inst/cg_fpga_axi_gpio_o2/U0/gpio_core_1/Dual.gpio_Data_Out_reg[19]/C
  -------------------------------------------------------------------    -------------------
    SLICE_X43Y74         FDRE (Prop_fdre_C_Q)         0.456     3.381 f  design_1_i/cg_fpga_0/inst/cg_fpga_axi_gpio_o2/U0/gpio_core_1/Dual.gpio_Data_Out_reg[19]/Q
                         net (fo=1, routed)           1.400     4.781    design_1_i/cg_fpga_0/inst/cg_fpga_axi_gpio_o2/U0/gpio_core_1/gpio_io_o[9]
    BUFGCTRL_X0Y16       BUFG (Prop_bufg_I_O)         0.101     4.882 f  design_1_i/cg_fpga_0/inst/cg_fpga_axi_gpio_o2/U0/gpio_core_1/gpio_io_o[9]_BUFG_inst/O
                         net (fo=208, routed)         2.506     7.388    design_1_i/controlor/decode_39/decoder_3to8_0/enable
    SLICE_X49Y105        LUT4 (Prop_lut4_I0_O)        0.152     7.540 r  design_1_i/controlor/decode_39/decoder_3to8_0/out[6]_INST_0/O
                         net (fo=16, routed)          1.161     8.701    design_1_i/register_16bit_8/inst/read_en
    SLICE_X52Y104        LUT2 (Prop_lut2_I1_O)        0.357     9.058 r  design_1_i/register_16bit_8/inst/data_out[7]_INST_0/O
                         net (fo=1, routed)           0.975    10.033    design_1_i/bus_mux_16_0/DR[7]
    SLICE_X47Y104        LUT6 (Prop_lut6_I1_O)        0.332    10.365 r  design_1_i/bus_mux_16_0/bus[7]_INST_0_i_2/O
                         net (fo=1, routed)           0.510    10.874    design_1_i/bus_mux_16_0/bus[7]_INST_0_i_2_n_0
    SLICE_X47Y103        LUT6 (Prop_lut6_I0_O)        0.124    10.998 r  design_1_i/bus_mux_16_0/bus[7]_INST_0_i_1/O
                         net (fo=1, routed)           0.867    11.865    design_1_i/bus_mux_16_0/bus[7]_INST_0_i_1_n_0
    SLICE_X46Y103        LUT4 (Prop_lut4_I3_O)        0.124    11.989 r  design_1_i/bus_mux_16_0/bus[7]_INST_0/O
                         net (fo=15, routed)          2.167    14.156    design_1_i/adder/alu_74181_1/inst/b[3]
    SLICE_X51Y110        LUT2 (Prop_lut2_I1_O)        0.150    14.306 r  design_1_i/adder/alu_74181_1/inst/g_INST_0_i_1/O
                         net (fo=2, routed)           0.897    15.203    design_1_i/adder/alu_74181_1/carry_out2[3]
    SLICE_X50Y110        LUT6 (Prop_lut6_I4_O)        0.332    15.535 r  design_1_i/adder/alu_74181_1/g_INST_0/O
                         net (fo=2, routed)           0.829    16.364    design_1_i/adder/carry_lookahead_74182_0/g[1]
    SLICE_X48Y110        LUT5 (Prop_lut5_I2_O)        0.152    16.516 r  design_1_i/adder/carry_lookahead_74182_0/cout[3]_INST_0/O
                         net (fo=16, routed)          1.390    17.906    design_1_i/adder/alu_74181_3/inst/cin
    SLICE_X42Y108        LUT5 (Prop_lut5_I4_O)        0.326    18.232 r  design_1_i/adder/alu_74181_3/inst/f[3]_INST_0_i_27/O
                         net (fo=2, routed)           0.883    19.115    design_1_i/adder/alu_74181_3/inst_n_7
    SLICE_X43Y108        LUT6 (Prop_lut6_I0_O)        0.124    19.239 r  design_1_i/adder/alu_74181_3/f[3]_INST_0_i_13/O
                         net (fo=1, routed)           0.000    19.239    design_1_i/adder/alu_74181_3/f[3]_INST_0_i_13_n_0
    SLICE_X43Y108        MUXF7 (Prop_muxf7_I0_O)      0.212    19.451 r  design_1_i/adder/alu_74181_3/f[3]_INST_0_i_6/O
                         net (fo=1, routed)           0.808    20.260    design_1_i/adder/alu_74181_3/f[3]_INST_0_i_6_n_0
    SLICE_X44Y108        LUT3 (Prop_lut3_I2_O)        0.299    20.559 r  design_1_i/adder/alu_74181_3/f[3]_INST_0_i_1/O
                         net (fo=1, routed)           0.000    20.559    design_1_i/adder/alu_74181_3/f[3]_INST_0_i_1_n_0
    SLICE_X44Y108        MUXF7 (Prop_muxf7_I0_O)      0.212    20.771 r  design_1_i/adder/alu_74181_3/f[3]_INST_0/O
                         net (fo=1, routed)           0.000    20.771    design_1_i/register_16bit_6/inst/data_in[15]
    SLICE_X44Y108        FDCE                                         r  design_1_i/register_16bit_6/inst/data_reg[15]/D
  -------------------------------------------------------------------    -------------------

Slack:                    inf
  Source:                 design_1_i/cg_fpga_0/inst/cg_fpga_axi_gpio_o2/U0/gpio_core_1/Dual.gpio_Data_Out_reg[19]/C
                            (rising edge-triggered cell FDRE clocked by clk_fpga_0  {rise@0.000ns fall@5.000ns period=10.000ns})
  Destination:            design_1_i/register_16bit_6/inst/data_reg[14]/D
  Path Group:             (none)
  Path Type:              Max at Slow Process Corner
  Data Path Delay:        17.766ns  (logic 3.448ns (19.408%)  route 14.318ns (80.592%))
  Logic Levels:           14  (BUFG=1 LUT2=2 LUT3=1 LUT4=2 LUT5=2 LUT6=4 MUXF7=2)
  Clock Uncertainty:      0.152ns  ((TSJ^2 + TIJ^2)^1/2 + DJ) / 2 + PE
    Total System Jitter     (TSJ):    0.050ns
    Total Input Jitter      (TIJ):    0.300ns
    Discrete Jitter          (DJ):    0.000ns
    Phase Error              (PE):    0.000ns

    Location             Delay type                Incr(ns)  Path(ns)    Netlist Resource(s)
  -------------------------------------------------------------------    -------------------
                         (clock clk_fpga_0 rise edge)
                                                      0.000     0.000 r  
    PS7_X0Y0             PS7                          0.000     0.000 r  design_1_i/cg_fpga_0/inst/processing_system7_0/inst/PS7_i/FCLKCLK[0]
                         net (fo=1, routed)           1.193     1.193    design_1_i/cg_fpga_0/inst/processing_system7_0/inst/FCLK_CLK_unbuffered[0]
    BUFGCTRL_X0Y17       BUFG (Prop_bufg_I_O)         0.101     1.294 r  design_1_i/cg_fpga_0/inst/processing_system7_0/inst/buffer_fclk_clk_0.FCLK_CLK_0_BUFG/O
                         net (fo=6935, routed)        1.631     2.925    design_1_i/cg_fpga_0/inst/cg_fpga_axi_gpio_o2/U0/gpio_core_1/s_axi_aclk
    SLICE_X43Y74         FDRE                                         r  design_1_i/cg_fpga_0/inst/cg_fpga_axi_gpio_o2/U0/gpio_core_1/Dual.gpio_Data_Out_reg[19]/C
  -------------------------------------------------------------------    -------------------
    SLICE_X43Y74         FDRE (Prop_fdre_C_Q)         0.456     3.381 f  design_1_i/cg_fpga_0/inst/cg_fpga_axi_gpio_o2/U0/gpio_core_1/Dual.gpio_Data_Out_reg[19]/Q
                         net (fo=1, routed)           1.400     4.781    design_1_i/cg_fpga_0/inst/cg_fpga_axi_gpio_o2/U0/gpio_core_1/gpio_io_o[9]
    BUFGCTRL_X0Y16       BUFG (Prop_bufg_I_O)         0.101     4.882 f  design_1_i/cg_fpga_0/inst/cg_fpga_axi_gpio_o2/U0/gpio_core_1/gpio_io_o[9]_BUFG_inst/O
                         net (fo=208, routed)         2.506     7.388    design_1_i/controlor/decode_39/decoder_3to8_0/enable
    SLICE_X49Y105        LUT4 (Prop_lut4_I0_O)        0.152     7.540 r  design_1_i/controlor/decode_39/decoder_3to8_0/out[6]_INST_0/O
                         net (fo=16, routed)          1.161     8.701    design_1_i/register_16bit_8/inst/read_en
    SLICE_X52Y104        LUT2 (Prop_lut2_I1_O)        0.357     9.058 r  design_1_i/register_16bit_8/inst/data_out[7]_INST_0/O
                         net (fo=1, routed)           0.975    10.033    design_1_i/bus_mux_16_0/DR[7]
    SLICE_X47Y104        LUT6 (Prop_lut6_I1_O)        0.332    10.365 r  design_1_i/bus_mux_16_0/bus[7]_INST_0_i_2/O
                         net (fo=1, routed)           0.510    10.874    design_1_i/bus_mux_16_0/bus[7]_INST_0_i_2_n_0
    SLICE_X47Y103        LUT6 (Prop_lut6_I0_O)        0.124    10.998 r  design_1_i/bus_mux_16_0/bus[7]_INST_0_i_1/O
                         net (fo=1, routed)           0.867    11.865    design_1_i/bus_mux_16_0/bus[7]_INST_0_i_1_n_0
    SLICE_X46Y103        LUT4 (Prop_lut4_I3_O)        0.124    11.989 r  design_1_i/bus_mux_16_0/bus[7]_INST_0/O
                         net (fo=15, routed)          2.167    14.156    design_1_i/adder/alu_74181_1/inst/b[3]
    SLICE_X51Y110        LUT2 (Prop_lut2_I1_O)        0.150    14.306 r  design_1_i/adder/alu_74181_1/inst/g_INST_0_i_1/O
                         net (fo=2, routed)           0.897    15.203    design_1_i/adder/alu_74181_1/carry_out2[3]
    SLICE_X50Y110        LUT6 (Prop_lut6_I4_O)        0.332    15.535 r  design_1_i/adder/alu_74181_1/g_INST_0/O
                         net (fo=2, routed)           0.829    16.364    design_1_i/adder/carry_lookahead_74182_0/g[1]
    SLICE_X48Y110        LUT5 (Prop_lut5_I2_O)        0.152    16.516 r  design_1_i/adder/carry_lookahead_74182_0/cout[3]_INST_0/O
                         net (fo=16, routed)          1.390    17.906    design_1_i/adder/alu_74181_3/inst/cin
    SLICE_X42Y108        LUT5 (Prop_lut5_I4_O)        0.326    18.232 r  design_1_i/adder/alu_74181_3/inst/f[3]_INST_0_i_27/O
                         net (fo=2, routed)           0.670    18.902    design_1_i/adder/alu_74181_3/inst_n_7
    SLICE_X42Y108        LUT6 (Prop_lut6_I0_O)        0.124    19.026 r  design_1_i/adder/alu_74181_3/f[2]_INST_0_i_13/O
                         net (fo=1, routed)           0.000    19.026    design_1_i/adder/alu_74181_3/f[2]_INST_0_i_13_n_0
    SLICE_X42Y108        MUXF7 (Prop_muxf7_I0_O)      0.209    19.235 r  design_1_i/adder/alu_74181_3/f[2]_INST_0_i_6/O
                         net (fo=1, routed)           0.947    20.182    design_1_i/adder/alu_74181_3/f[2]_INST_0_i_6_n_0
    SLICE_X41Y108        LUT3 (Prop_lut3_I2_O)        0.297    20.479 r  design_1_i/adder/alu_74181_3/f[2]_INST_0_i_1/O
                         net (fo=1, routed)           0.000    20.479    design_1_i/adder/alu_74181_3/f[2]_INST_0_i_1_n_0
    SLICE_X41Y108        MUXF7 (Prop_muxf7_I0_O)      0.212    20.691 r  design_1_i/adder/alu_74181_3/f[2]_INST_0/O
                         net (fo=1, routed)           0.000    20.691    design_1_i/register_16bit_6/inst/data_in[14]
    SLICE_X41Y108        FDCE                                         r  design_1_i/register_16bit_6/inst/data_reg[14]/D
  -------------------------------------------------------------------    -------------------

Slack:                    inf
  Source:                 design_1_i/cg_fpga_0/inst/cg_fpga_axi_gpio_o2/U0/gpio_core_1/Dual.gpio_Data_Out_reg[19]/C
                            (rising edge-triggered cell FDRE clocked by clk_fpga_0  {rise@0.000ns fall@5.000ns period=10.000ns})
  Destination:            design_1_i/register_16bit_6/inst/data_reg[11]/D
  Path Group:             (none)
  Path Type:              Max at Slow Process Corner
  Data Path Delay:        16.928ns  (logic 3.247ns (19.181%)  route 13.681ns (80.819%))
  Logic Levels:           14  (BUFG=1 LUT2=2 LUT3=2 LUT4=2 LUT5=1 LUT6=4 MUXF7=2)
  Clock Uncertainty:      0.152ns  ((TSJ^2 + TIJ^2)^1/2 + DJ) / 2 + PE
    Total System Jitter     (TSJ):    0.050ns
    Total Input Jitter      (TIJ):    0.300ns
    Discrete Jitter          (DJ):    0.000ns
    Phase Error              (PE):    0.000ns

    Location             Delay type                Incr(ns)  Path(ns)    Netlist Resource(s)
  -------------------------------------------------------------------    -------------------
                         (clock clk_fpga_0 rise edge)
                                                      0.000     0.000 r  
    PS7_X0Y0             PS7                          0.000     0.000 r  design_1_i/cg_fpga_0/inst/processing_system7_0/inst/PS7_i/FCLKCLK[0]
                         net (fo=1, routed)           1.193     1.193    design_1_i/cg_fpga_0/inst/processing_system7_0/inst/FCLK_CLK_unbuffered[0]
    BUFGCTRL_X0Y17       BUFG (Prop_bufg_I_O)         0.101     1.294 r  design_1_i/cg_fpga_0/inst/processing_system7_0/inst/buffer_fclk_clk_0.FCLK_CLK_0_BUFG/O
                         net (fo=6935, routed)        1.631     2.925    design_1_i/cg_fpga_0/inst/cg_fpga_axi_gpio_o2/U0/gpio_core_1/s_axi_aclk
    SLICE_X43Y74         FDRE                                         r  design_1_i/cg_fpga_0/inst/cg_fpga_axi_gpio_o2/U0/gpio_core_1/Dual.gpio_Data_Out_reg[19]/C
  -------------------------------------------------------------------    -------------------
    SLICE_X43Y74         FDRE (Prop_fdre_C_Q)         0.456     3.381 f  design_1_i/cg_fpga_0/inst/cg_fpga_axi_gpio_o2/U0/gpio_core_1/Dual.gpio_Data_Out_reg[19]/Q
                         net (fo=1, routed)           1.400     4.781    design_1_i/cg_fpga_0/inst/cg_fpga_axi_gpio_o2/U0/gpio_core_1/gpio_io_o[9]
    BUFGCTRL_X0Y16       BUFG (Prop_bufg_I_O)         0.101     4.882 f  design_1_i/cg_fpga_0/inst/cg_fpga_axi_gpio_o2/U0/gpio_core_1/gpio_io_o[9]_BUFG_inst/O
                         net (fo=208, routed)         2.506     7.388    design_1_i/controlor/decode_39/decoder_3to8_0/enable
    SLICE_X49Y105        LUT4 (Prop_lut4_I0_O)        0.152     7.540 r  design_1_i/controlor/decode_39/decoder_3to8_0/out[6]_INST_0/O
                         net (fo=16, routed)          1.161     8.701    design_1_i/register_16bit_8/inst/read_en
    SLICE_X52Y104        LUT2 (Prop_lut2_I1_O)        0.357     9.058 r  design_1_i/register_16bit_8/inst/data_out[7]_INST_0/O
                         net (fo=1, routed)           0.975    10.033    design_1_i/bus_mux_16_0/DR[7]
    SLICE_X47Y104        LUT6 (Prop_lut6_I1_O)        0.332    10.365 r  design_1_i/bus_mux_16_0/bus[7]_INST_0_i_2/O
                         net (fo=1, routed)           0.510    10.874    design_1_i/bus_mux_16_0/bus[7]_INST_0_i_2_n_0
    SLICE_X47Y103        LUT6 (Prop_lut6_I0_O)        0.124    10.998 r  design_1_i/bus_mux_16_0/bus[7]_INST_0_i_1/O
                         net (fo=1, routed)           0.867    11.865    design_1_i/bus_mux_16_0/bus[7]_INST_0_i_1_n_0
    SLICE_X46Y103        LUT4 (Prop_lut4_I3_O)        0.124    11.989 r  design_1_i/bus_mux_16_0/bus[7]_INST_0/O
                         net (fo=15, routed)          2.167    14.156    design_1_i/adder/alu_74181_1/inst/b[3]
    SLICE_X51Y110        LUT2 (Prop_lut2_I1_O)        0.150    14.306 r  design_1_i/adder/alu_74181_1/inst/g_INST_0_i_1/O
                         net (fo=2, routed)           0.897    15.203    design_1_i/adder/alu_74181_1/carry_out2[3]
    SLICE_X50Y110        LUT6 (Prop_lut6_I4_O)        0.332    15.535 r  design_1_i/adder/alu_74181_1/g_INST_0/O
                         net (fo=2, routed)           0.829    16.364    design_1_i/adder/carry_lookahead_74182_0/g[1]
    SLICE_X48Y110        LUT3 (Prop_lut3_I0_O)        0.124    16.488 r  design_1_i/adder/carry_lookahead_74182_0/cout[2]_INST_0/O
                         net (fo=16, routed)          1.187    17.675    design_1_i/adder/alu_74181_2/inst/cin
    SLICE_X46Y112        LUT5 (Prop_lut5_I4_O)        0.124    17.799 r  design_1_i/adder/alu_74181_2/inst/f[3]_INST_0_i_27/O
                         net (fo=2, routed)           0.744    18.543    design_1_i/adder/alu_74181_2/inst_n_7
    SLICE_X46Y111        LUT6 (Prop_lut6_I0_O)        0.124    18.667 r  design_1_i/adder/alu_74181_2/f[3]_INST_0_i_13/O
                         net (fo=1, routed)           0.000    18.667    design_1_i/adder/alu_74181_2/f[3]_INST_0_i_13_n_0
    SLICE_X46Y111        MUXF7 (Prop_muxf7_I0_O)      0.209    18.876 r  design_1_i/adder/alu_74181_2/f[3]_INST_0_i_6/O
                         net (fo=1, routed)           0.440    19.315    design_1_i/adder/alu_74181_2/f[3]_INST_0_i_6_n_0
    SLICE_X46Y110        LUT3 (Prop_lut3_I2_O)        0.297    19.612 r  design_1_i/adder/alu_74181_2/f[3]_INST_0_i_1/O
                         net (fo=1, routed)           0.000    19.612    design_1_i/adder/alu_74181_2/f[3]_INST_0_i_1_n_0
    SLICE_X46Y110        MUXF7 (Prop_muxf7_I0_O)      0.241    19.853 r  design_1_i/adder/alu_74181_2/f[3]_INST_0/O
                         net (fo=1, routed)           0.000    19.853    design_1_i/register_16bit_6/inst/data_in[11]
    SLICE_X46Y110        FDCE                                         r  design_1_i/register_16bit_6/inst/data_reg[11]/D
  -------------------------------------------------------------------    -------------------

Slack:                    inf
  Source:                 design_1_i/cg_fpga_0/inst/cg_fpga_axi_gpio_o2/U0/gpio_core_1/Dual.gpio_Data_Out_reg[19]/C
                            (rising edge-triggered cell FDRE clocked by clk_fpga_0  {rise@0.000ns fall@5.000ns period=10.000ns})
  Destination:            design_1_i/register_16bit_6/inst/data_reg[10]/D
  Path Group:             (none)
  Path Type:              Max at Slow Process Corner
  Data Path Delay:        16.891ns  (logic 3.215ns (19.034%)  route 13.676ns (80.966%))
  Logic Levels:           14  (BUFG=1 LUT2=2 LUT3=2 LUT4=2 LUT5=1 LUT6=4 MUXF7=2)
  Clock Uncertainty:      0.152ns  ((TSJ^2 + TIJ^2)^1/2 + DJ) / 2 + PE
    Total System Jitter     (TSJ):    0.050ns
    Total Input Jitter      (TIJ):    0.300ns
    Discrete Jitter          (DJ):    0.000ns
    Phase Error              (PE):    0.000ns

    Location             Delay type                Incr(ns)  Path(ns)    Netlist Resource(s)
  -------------------------------------------------------------------    -------------------
                         (clock clk_fpga_0 rise edge)
                                                      0.000     0.000 r  
    PS7_X0Y0             PS7                          0.000     0.000 r  design_1_i/cg_fpga_0/inst/processing_system7_0/inst/PS7_i/FCLKCLK[0]
                         net (fo=1, routed)           1.193     1.193    design_1_i/cg_fpga_0/inst/processing_system7_0/inst/FCLK_CLK_unbuffered[0]
    BUFGCTRL_X0Y17       BUFG (Prop_bufg_I_O)         0.101     1.294 r  design_1_i/cg_fpga_0/inst/processing_system7_0/inst/buffer_fclk_clk_0.FCLK_CLK_0_BUFG/O
                         net (fo=6935, routed)        1.631     2.925    design_1_i/cg_fpga_0/inst/cg_fpga_axi_gpio_o2/U0/gpio_core_1/s_axi_aclk
    SLICE_X43Y74         FDRE                                         r  design_1_i/cg_fpga_0/inst/cg_fpga_axi_gpio_o2/U0/gpio_core_1/Dual.gpio_Data_Out_reg[19]/C
  -------------------------------------------------------------------    -------------------
    SLICE_X43Y74         FDRE (Prop_fdre_C_Q)         0.456     3.381 f  design_1_i/cg_fpga_0/inst/cg_fpga_axi_gpio_o2/U0/gpio_core_1/Dual.gpio_Data_Out_reg[19]/Q
                         net (fo=1, routed)           1.400     4.781    design_1_i/cg_fpga_0/inst/cg_fpga_axi_gpio_o2/U0/gpio_core_1/gpio_io_o[9]
    BUFGCTRL_X0Y16       BUFG (Prop_bufg_I_O)         0.101     4.882 f  design_1_i/cg_fpga_0/inst/cg_fpga_axi_gpio_o2/U0/gpio_core_1/gpio_io_o[9]_BUFG_inst/O
                         net (fo=208, routed)         2.506     7.388    design_1_i/controlor/decode_39/decoder_3to8_0/enable
    SLICE_X49Y105        LUT4 (Prop_lut4_I0_O)        0.152     7.540 r  design_1_i/controlor/decode_39/decoder_3to8_0/out[6]_INST_0/O
                         net (fo=16, routed)          1.161     8.701    design_1_i/register_16bit_8/inst/read_en
    SLICE_X52Y104        LUT2 (Prop_lut2_I1_O)        0.357     9.058 r  design_1_i/register_16bit_8/inst/data_out[7]_INST_0/O
                         net (fo=1, routed)           0.975    10.033    design_1_i/bus_mux_16_0/DR[7]
    SLICE_X47Y104        LUT6 (Prop_lut6_I1_O)        0.332    10.365 r  design_1_i/bus_mux_16_0/bus[7]_INST_0_i_2/O
                         net (fo=1, routed)           0.510    10.874    design_1_i/bus_mux_16_0/bus[7]_INST_0_i_2_n_0
    SLICE_X47Y103        LUT6 (Prop_lut6_I0_O)        0.124    10.998 r  design_1_i/bus_mux_16_0/bus[7]_INST_0_i_1/O
                         net (fo=1, routed)           0.867    11.865    design_1_i/bus_mux_16_0/bus[7]_INST_0_i_1_n_0
    SLICE_X46Y103        LUT4 (Prop_lut4_I3_O)        0.124    11.989 r  design_1_i/bus_mux_16_0/bus[7]_INST_0/O
                         net (fo=15, routed)          2.167    14.156    design_1_i/adder/alu_74181_1/inst/b[3]
    SLICE_X51Y110        LUT2 (Prop_lut2_I1_O)        0.150    14.306 r  design_1_i/adder/alu_74181_1/inst/g_INST_0_i_1/O
                         net (fo=2, routed)           0.897    15.203    design_1_i/adder/alu_74181_1/carry_out2[3]
    SLICE_X50Y110        LUT6 (Prop_lut6_I4_O)        0.332    15.535 r  design_1_i/adder/alu_74181_1/g_INST_0/O
                         net (fo=2, routed)           0.829    16.364    design_1_i/adder/carry_lookahead_74182_0/g[1]
    SLICE_X48Y110        LUT3 (Prop_lut3_I0_O)        0.124    16.488 r  design_1_i/adder/carry_lookahead_74182_0/cout[2]_INST_0/O
                         net (fo=16, routed)          1.187    17.675    design_1_i/adder/alu_74181_2/inst/cin
    SLICE_X46Y112        LUT5 (Prop_lut5_I4_O)        0.124    17.799 r  design_1_i/adder/alu_74181_2/inst/f[3]_INST_0_i_27/O
                         net (fo=2, routed)           0.682    18.481    design_1_i/adder/alu_74181_2/inst_n_7
    SLICE_X46Y112        LUT6 (Prop_lut6_I0_O)        0.124    18.605 r  design_1_i/adder/alu_74181_2/f[2]_INST_0_i_13/O
                         net (fo=1, routed)           0.000    18.605    design_1_i/adder/alu_74181_2/f[2]_INST_0_i_13_n_0
    SLICE_X46Y112        MUXF7 (Prop_muxf7_I0_O)      0.209    18.814 r  design_1_i/adder/alu_74181_2/f[2]_INST_0_i_6/O
                         net (fo=1, routed)           0.496    19.310    design_1_i/adder/alu_74181_2/f[2]_INST_0_i_6_n_0
    SLICE_X46Y110        LUT3 (Prop_lut3_I2_O)        0.297    19.607 r  design_1_i/adder/alu_74181_2/f[2]_INST_0_i_1/O
                         net (fo=1, routed)           0.000    19.607    design_1_i/adder/alu_74181_2/f[2]_INST_0_i_1_n_0
    SLICE_X46Y110        MUXF7 (Prop_muxf7_I0_O)      0.209    19.816 r  design_1_i/adder/alu_74181_2/f[2]_INST_0/O
                         net (fo=1, routed)           0.000    19.816    design_1_i/register_16bit_6/inst/data_in[10]
    SLICE_X46Y110        FDCE                                         r  design_1_i/register_16bit_6/inst/data_reg[10]/D
  -------------------------------------------------------------------    -------------------

Slack:                    inf
  Source:                 design_1_i/cg_fpga_0/inst/cg_fpga_axi_gpio_o2/U0/gpio_core_1/Dual.gpio_Data_Out_reg[19]/C
                            (rising edge-triggered cell FDRE clocked by clk_fpga_0  {rise@0.000ns fall@5.000ns period=10.000ns})
  Destination:            design_1_i/register_16bit_6/inst/data_reg[13]/D
  Path Group:             (none)
  Path Type:              Max at Slow Process Corner
  Data Path Delay:        16.299ns  (logic 3.350ns (20.554%)  route 12.949ns (79.446%))
  Logic Levels:           13  (BUFG=1 LUT2=2 LUT3=1 LUT4=2 LUT5=1 LUT6=4 MUXF7=2)
  Clock Uncertainty:      0.152ns  ((TSJ^2 + TIJ^2)^1/2 + DJ) / 2 + PE
    Total System Jitter     (TSJ):    0.050ns
    Total Input Jitter      (TIJ):    0.300ns
    Discrete Jitter          (DJ):    0.000ns
    Phase Error              (PE):    0.000ns

    Location             Delay type                Incr(ns)  Path(ns)    Netlist Resource(s)
  -------------------------------------------------------------------    -------------------
                         (clock clk_fpga_0 rise edge)
                                                      0.000     0.000 r  
    PS7_X0Y0             PS7                          0.000     0.000 r  design_1_i/cg_fpga_0/inst/processing_system7_0/inst/PS7_i/FCLKCLK[0]
                         net (fo=1, routed)           1.193     1.193    design_1_i/cg_fpga_0/inst/processing_system7_0/inst/FCLK_CLK_unbuffered[0]
    BUFGCTRL_X0Y17       BUFG (Prop_bufg_I_O)         0.101     1.294 r  design_1_i/cg_fpga_0/inst/processing_system7_0/inst/buffer_fclk_clk_0.FCLK_CLK_0_BUFG/O
                         net (fo=6935, routed)        1.631     2.925    design_1_i/cg_fpga_0/inst/cg_fpga_axi_gpio_o2/U0/gpio_core_1/s_axi_aclk
    SLICE_X43Y74         FDRE                                         r  design_1_i/cg_fpga_0/inst/cg_fpga_axi_gpio_o2/U0/gpio_core_1/Dual.gpio_Data_Out_reg[19]/C
  -------------------------------------------------------------------    -------------------
    SLICE_X43Y74         FDRE (Prop_fdre_C_Q)         0.456     3.381 f  design_1_i/cg_fpga_0/inst/cg_fpga_axi_gpio_o2/U0/gpio_core_1/Dual.gpio_Data_Out_reg[19]/Q
                         net (fo=1, routed)           1.400     4.781    design_1_i/cg_fpga_0/inst/cg_fpga_axi_gpio_o2/U0/gpio_core_1/gpio_io_o[9]
    BUFGCTRL_X0Y16       BUFG (Prop_bufg_I_O)         0.101     4.882 f  design_1_i/cg_fpga_0/inst/cg_fpga_axi_gpio_o2/U0/gpio_core_1/gpio_io_o[9]_BUFG_inst/O
                         net (fo=208, routed)         2.506     7.388    design_1_i/controlor/decode_39/decoder_3to8_0/enable
    SLICE_X49Y105        LUT4 (Prop_lut4_I0_O)        0.152     7.540 r  design_1_i/controlor/decode_39/decoder_3to8_0/out[6]_INST_0/O
                         net (fo=16, routed)          1.161     8.701    design_1_i/register_16bit_8/inst/read_en
    SLICE_X52Y104        LUT2 (Prop_lut2_I1_O)        0.357     9.058 r  design_1_i/register_16bit_8/inst/data_out[7]_INST_0/O
                         net (fo=1, routed)           0.975    10.033    design_1_i/bus_mux_16_0/DR[7]
    SLICE_X47Y104        LUT6 (Prop_lut6_I1_O)        0.332    10.365 r  design_1_i/bus_mux_16_0/bus[7]_INST_0_i_2/O
                         net (fo=1, routed)           0.510    10.874    design_1_i/bus_mux_16_0/bus[7]_INST_0_i_2_n_0
    SLICE_X47Y103        LUT6 (Prop_lut6_I0_O)        0.124    10.998 r  design_1_i/bus_mux_16_0/bus[7]_INST_0_i_1/O
                         net (fo=1, routed)           0.867    11.865    design_1_i/bus_mux_16_0/bus[7]_INST_0_i_1_n_0
    SLICE_X46Y103        LUT4 (Prop_lut4_I3_O)        0.124    11.989 r  design_1_i/bus_mux_16_0/bus[7]_INST_0/O
                         net (fo=15, routed)          2.167    14.156    design_1_i/adder/alu_74181_1/inst/b[3]
    SLICE_X51Y110        LUT2 (Prop_lut2_I1_O)        0.150    14.306 r  design_1_i/adder/alu_74181_1/inst/g_INST_0_i_1/O
                         net (fo=2, routed)           0.897    15.203    design_1_i/adder/alu_74181_1/carry_out2[3]
    SLICE_X50Y110        LUT6 (Prop_lut6_I4_O)        0.332    15.535 r  design_1_i/adder/alu_74181_1/g_INST_0/O
                         net (fo=2, routed)           0.829    16.364    design_1_i/adder/carry_lookahead_74182_0/g[1]
    SLICE_X48Y110        LUT5 (Prop_lut5_I2_O)        0.152    16.516 r  design_1_i/adder/carry_lookahead_74182_0/cout[3]_INST_0/O
                         net (fo=16, routed)          0.977    17.492    design_1_i/adder/alu_74181_3/cin
    SLICE_X42Y109        LUT6 (Prop_lut6_I4_O)        0.326    17.818 r  design_1_i/adder/alu_74181_3/f[1]_INST_0_i_13/O
                         net (fo=1, routed)           0.000    17.818    design_1_i/adder/alu_74181_3/f[1]_INST_0_i_13_n_0
    SLICE_X42Y109        MUXF7 (Prop_muxf7_I0_O)      0.209    18.027 r  design_1_i/adder/alu_74181_3/f[1]_INST_0_i_6/O
                         net (fo=1, routed)           0.661    18.689    design_1_i/adder/alu_74181_3/f[1]_INST_0_i_6_n_0
    SLICE_X43Y109        LUT3 (Prop_lut3_I2_O)        0.297    18.986 r  design_1_i/adder/alu_74181_3/f[1]_INST_0_i_1/O
                         net (fo=1, routed)           0.000    18.986    design_1_i/adder/alu_74181_3/f[1]_INST_0_i_1_n_0
    SLICE_X43Y109        MUXF7 (Prop_muxf7_I0_O)      0.238    19.224 r  design_1_i/adder/alu_74181_3/f[1]_INST_0/O
                         net (fo=1, routed)           0.000    19.224    design_1_i/register_16bit_6/inst/data_in[13]
    SLICE_X43Y109        FDCE                                         r  design_1_i/register_16bit_6/inst/data_reg[13]/D
  -------------------------------------------------------------------    -------------------

Slack:                    inf
  Source:                 design_1_i/cg_fpga_0/inst/cg_fpga_axi_gpio_o2/U0/gpio_core_1/Dual.gpio_Data_Out_reg[19]/C
                            (rising edge-triggered cell FDRE clocked by clk_fpga_0  {rise@0.000ns fall@5.000ns period=10.000ns})
  Destination:            design_1_i/register_16bit_6/inst/data_reg[12]/D
  Path Group:             (none)
  Path Type:              Max at Slow Process Corner
  Data Path Delay:        16.061ns  (logic 2.962ns (18.442%)  route 13.099ns (81.558%))
  Logic Levels:           11  (BUFG=1 LUT2=2 LUT3=1 LUT4=3 LUT5=1 LUT6=3)
  Clock Uncertainty:      0.152ns  ((TSJ^2 + TIJ^2)^1/2 + DJ) / 2 + PE
    Total System Jitter     (TSJ):    0.050ns
    Total Input Jitter      (TIJ):    0.300ns
    Discrete Jitter          (DJ):    0.000ns
    Phase Error              (PE):    0.000ns

    Location             Delay type                Incr(ns)  Path(ns)    Netlist Resource(s)
  -------------------------------------------------------------------    -------------------
                         (clock clk_fpga_0 rise edge)
                                                      0.000     0.000 r  
    PS7_X0Y0             PS7                          0.000     0.000 r  design_1_i/cg_fpga_0/inst/processing_system7_0/inst/PS7_i/FCLKCLK[0]
                         net (fo=1, routed)           1.193     1.193    design_1_i/cg_fpga_0/inst/processing_system7_0/inst/FCLK_CLK_unbuffered[0]
    BUFGCTRL_X0Y17       BUFG (Prop_bufg_I_O)         0.101     1.294 r  design_1_i/cg_fpga_0/inst/processing_system7_0/inst/buffer_fclk_clk_0.FCLK_CLK_0_BUFG/O
                         net (fo=6935, routed)        1.631     2.925    design_1_i/cg_fpga_0/inst/cg_fpga_axi_gpio_o2/U0/gpio_core_1/s_axi_aclk
    SLICE_X43Y74         FDRE                                         r  design_1_i/cg_fpga_0/inst/cg_fpga_axi_gpio_o2/U0/gpio_core_1/Dual.gpio_Data_Out_reg[19]/C
  -------------------------------------------------------------------    -------------------
    SLICE_X43Y74         FDRE (Prop_fdre_C_Q)         0.456     3.381 f  design_1_i/cg_fpga_0/inst/cg_fpga_axi_gpio_o2/U0/gpio_core_1/Dual.gpio_Data_Out_reg[19]/Q
                         net (fo=1, routed)           1.400     4.781    design_1_i/cg_fpga_0/inst/cg_fpga_axi_gpio_o2/U0/gpio_core_1/gpio_io_o[9]
    BUFGCTRL_X0Y16       BUFG (Prop_bufg_I_O)         0.101     4.882 f  design_1_i/cg_fpga_0/inst/cg_fpga_axi_gpio_o2/U0/gpio_core_1/gpio_io_o[9]_BUFG_inst/O
                         net (fo=208, routed)         2.506     7.388    design_1_i/controlor/decode_39/decoder_3to8_0/enable
    SLICE_X49Y105        LUT4 (Prop_lut4_I0_O)        0.152     7.540 r  design_1_i/controlor/decode_39/decoder_3to8_0/out[6]_INST_0/O
                         net (fo=16, routed)          1.161     8.701    design_1_i/register_16bit_8/inst/read_en
    SLICE_X52Y104        LUT2 (Prop_lut2_I1_O)        0.357     9.058 r  design_1_i/register_16bit_8/inst/data_out[7]_INST_0/O
                         net (fo=1, routed)           0.975    10.033    design_1_i/bus_mux_16_0/DR[7]
    SLICE_X47Y104        LUT6 (Prop_lut6_I1_O)        0.332    10.365 r  design_1_i/bus_mux_16_0/bus[7]_INST_0_i_2/O
                         net (fo=1, routed)           0.510    10.874    design_1_i/bus_mux_16_0/bus[7]_INST_0_i_2_n_0
    SLICE_X47Y103        LUT6 (Prop_lut6_I0_O)        0.124    10.998 r  design_1_i/bus_mux_16_0/bus[7]_INST_0_i_1/O
                         net (fo=1, routed)           0.867    11.865    design_1_i/bus_mux_16_0/bus[7]_INST_0_i_1_n_0
    SLICE_X46Y103        LUT4 (Prop_lut4_I3_O)        0.124    11.989 r  design_1_i/bus_mux_16_0/bus[7]_INST_0/O
                         net (fo=15, routed)          2.167    14.156    design_1_i/adder/alu_74181_1/inst/b[3]
    SLICE_X51Y110        LUT2 (Prop_lut2_I1_O)        0.150    14.306 r  design_1_i/adder/alu_74181_1/inst/g_INST_0_i_1/O
                         net (fo=2, routed)           0.897    15.203    design_1_i/adder/alu_74181_1/carry_out2[3]
    SLICE_X50Y110        LUT6 (Prop_lut6_I4_O)        0.332    15.535 r  design_1_i/adder/alu_74181_1/g_INST_0/O
                         net (fo=2, routed)           0.829    16.364    design_1_i/adder/carry_lookahead_74182_0/g[1]
    SLICE_X48Y110        LUT5 (Prop_lut5_I2_O)        0.152    16.516 r  design_1_i/adder/carry_lookahead_74182_0/cout[3]_INST_0/O
                         net (fo=16, routed)          1.151    17.667    design_1_i/adder/alu_74181_3/cin
    SLICE_X43Y108        LUT4 (Prop_lut4_I2_O)        0.355    18.022 r  design_1_i/adder/alu_74181_3/f[0]_INST_0_i_2/O
                         net (fo=1, routed)           0.638    18.659    design_1_i/adder/alu_74181_3/f[0]_INST_0_i_2_n_0
    SLICE_X43Y107        LUT3 (Prop_lut3_I0_O)        0.327    18.986 r  design_1_i/adder/alu_74181_3/f[0]_INST_0/O
                         net (fo=1, routed)           0.000    18.986    design_1_i/register_16bit_6/inst/data_in[12]
    SLICE_X43Y107        FDCE                                         r  design_1_i/register_16bit_6/inst/data_reg[12]/D
  -------------------------------------------------------------------    -------------------

Slack:                    inf
  Source:                 design_1_i/cg_fpga_0/inst/cg_fpga_axi_gpio_o2/U0/gpio_core_1/Dual.gpio_Data_Out_reg[19]/C
                            (rising edge-triggered cell FDRE clocked by clk_fpga_0  {rise@0.000ns fall@5.000ns period=10.000ns})
  Destination:            design_1_i/register_16bit_6/inst/data_reg[9]/D
  Path Group:             (none)
  Path Type:              Max at Slow Process Corner
  Data Path Delay:        15.890ns  (logic 3.125ns (19.666%)  route 12.765ns (80.334%))
  Logic Levels:           13  (BUFG=1 LUT2=2 LUT3=2 LUT4=2 LUT6=4 MUXF7=2)
  Clock Uncertainty:      0.152ns  ((TSJ^2 + TIJ^2)^1/2 + DJ) / 2 + PE
    Total System Jitter     (TSJ):    0.050ns
    Total Input Jitter      (TIJ):    0.300ns
    Discrete Jitter          (DJ):    0.000ns
    Phase Error              (PE):    0.000ns

    Location             Delay type                Incr(ns)  Path(ns)    Netlist Resource(s)
  -------------------------------------------------------------------    -------------------
                         (clock clk_fpga_0 rise edge)
                                                      0.000     0.000 r  
    PS7_X0Y0             PS7                          0.000     0.000 r  design_1_i/cg_fpga_0/inst/processing_system7_0/inst/PS7_i/FCLKCLK[0]
                         net (fo=1, routed)           1.193     1.193    design_1_i/cg_fpga_0/inst/processing_system7_0/inst/FCLK_CLK_unbuffered[0]
    BUFGCTRL_X0Y17       BUFG (Prop_bufg_I_O)         0.101     1.294 r  design_1_i/cg_fpga_0/inst/processing_system7_0/inst/buffer_fclk_clk_0.FCLK_CLK_0_BUFG/O
                         net (fo=6935, routed)        1.631     2.925    design_1_i/cg_fpga_0/inst/cg_fpga_axi_gpio_o2/U0/gpio_core_1/s_axi_aclk
    SLICE_X43Y74         FDRE                                         r  design_1_i/cg_fpga_0/inst/cg_fpga_axi_gpio_o2/U0/gpio_core_1/Dual.gpio_Data_Out_reg[19]/C
  -------------------------------------------------------------------    -------------------
    SLICE_X43Y74         FDRE (Prop_fdre_C_Q)         0.456     3.381 f  design_1_i/cg_fpga_0/inst/cg_fpga_axi_gpio_o2/U0/gpio_core_1/Dual.gpio_Data_Out_reg[19]/Q
                         net (fo=1, routed)           1.400     4.781    design_1_i/cg_fpga_0/inst/cg_fpga_axi_gpio_o2/U0/gpio_core_1/gpio_io_o[9]
    BUFGCTRL_X0Y16       BUFG (Prop_bufg_I_O)         0.101     4.882 f  design_1_i/cg_fpga_0/inst/cg_fpga_axi_gpio_o2/U0/gpio_core_1/gpio_io_o[9]_BUFG_inst/O
                         net (fo=208, routed)         2.506     7.388    design_1_i/controlor/decode_39/decoder_3to8_0/enable
    SLICE_X49Y105        LUT4 (Prop_lut4_I0_O)        0.152     7.540 r  design_1_i/controlor/decode_39/decoder_3to8_0/out[6]_INST_0/O
                         net (fo=16, routed)          1.161     8.701    design_1_i/register_16bit_8/inst/read_en
    SLICE_X52Y104        LUT2 (Prop_lut2_I1_O)        0.357     9.058 r  design_1_i/register_16bit_8/inst/data_out[7]_INST_0/O
                         net (fo=1, routed)           0.975    10.033    design_1_i/bus_mux_16_0/DR[7]
    SLICE_X47Y104        LUT6 (Prop_lut6_I1_O)        0.332    10.365 r  design_1_i/bus_mux_16_0/bus[7]_INST_0_i_2/O
                         net (fo=1, routed)           0.510    10.874    design_1_i/bus_mux_16_0/bus[7]_INST_0_i_2_n_0
    SLICE_X47Y103        LUT6 (Prop_lut6_I0_O)        0.124    10.998 r  design_1_i/bus_mux_16_0/bus[7]_INST_0_i_1/O
                         net (fo=1, routed)           0.867    11.865    design_1_i/bus_mux_16_0/bus[7]_INST_0_i_1_n_0
    SLICE_X46Y103        LUT4 (Prop_lut4_I3_O)        0.124    11.989 r  design_1_i/bus_mux_16_0/bus[7]_INST_0/O
                         net (fo=15, routed)          2.167    14.156    design_1_i/adder/alu_74181_1/inst/b[3]
    SLICE_X51Y110        LUT2 (Prop_lut2_I1_O)        0.150    14.306 r  design_1_i/adder/alu_74181_1/inst/g_INST_0_i_1/O
                         net (fo=2, routed)           0.897    15.203    design_1_i/adder/alu_74181_1/carry_out2[3]
    SLICE_X50Y110        LUT6 (Prop_lut6_I4_O)        0.332    15.535 r  design_1_i/adder/alu_74181_1/g_INST_0/O
                         net (fo=2, routed)           0.829    16.364    design_1_i/adder/carry_lookahead_74182_0/g[1]
    SLICE_X48Y110        LUT3 (Prop_lut3_I0_O)        0.124    16.488 r  design_1_i/adder/carry_lookahead_74182_0/cout[2]_INST_0/O
                         net (fo=16, routed)          1.018    17.506    design_1_i/adder/alu_74181_2/cin
    SLICE_X47Y111        LUT6 (Prop_lut6_I4_O)        0.124    17.630 r  design_1_i/adder/alu_74181_2/f[1]_INST_0_i_13/O
                         net (fo=1, routed)           0.000    17.630    design_1_i/adder/alu_74181_2/f[1]_INST_0_i_13_n_0
    SLICE_X47Y111        MUXF7 (Prop_muxf7_I0_O)      0.212    17.842 r  design_1_i/adder/alu_74181_2/f[1]_INST_0_i_6/O
                         net (fo=1, routed)           0.436    18.278    design_1_i/adder/alu_74181_2/f[1]_INST_0_i_6_n_0
    SLICE_X47Y111        LUT3 (Prop_lut3_I2_O)        0.299    18.577 r  design_1_i/adder/alu_74181_2/f[1]_INST_0_i_1/O
                         net (fo=1, routed)           0.000    18.577    design_1_i/adder/alu_74181_2/f[1]_INST_0_i_1_n_0
    SLICE_X47Y111        MUXF7 (Prop_muxf7_I0_O)      0.238    18.815 r  design_1_i/adder/alu_74181_2/f[1]_INST_0/O
                         net (fo=1, routed)           0.000    18.815    design_1_i/register_16bit_6/inst/data_in[9]
    SLICE_X47Y111        FDCE                                         r  design_1_i/register_16bit_6/inst/data_reg[9]/D
  -------------------------------------------------------------------    -------------------

Slack:                    inf
  Source:                 design_1_i/cg_fpga_0/inst/cg_fpga_axi_gpio_o2/U0/gpio_core_1/Dual.gpio_Data_Out_reg[19]/C
                            (rising edge-triggered cell FDRE clocked by clk_fpga_0  {rise@0.000ns fall@5.000ns period=10.000ns})
  Destination:            design_1_i/register_16bit_6/inst/data_reg[8]/D
  Path Group:             (none)
  Path Type:              Max at Slow Process Corner
  Data Path Delay:        15.528ns  (logic 2.736ns (17.620%)  route 12.792ns (82.380%))
  Logic Levels:           11  (BUFG=1 LUT2=2 LUT3=2 LUT4=3 LUT6=3)
  Clock Uncertainty:      0.152ns  ((TSJ^2 + TIJ^2)^1/2 + DJ) / 2 + PE
    Total System Jitter     (TSJ):    0.050ns
    Total Input Jitter      (TIJ):    0.300ns
    Discrete Jitter          (DJ):    0.000ns
    Phase Error              (PE):    0.000ns

    Location             Delay type                Incr(ns)  Path(ns)    Netlist Resource(s)
  -------------------------------------------------------------------    -------------------
                         (clock clk_fpga_0 rise edge)
                                                      0.000     0.000 r  
    PS7_X0Y0             PS7                          0.000     0.000 r  design_1_i/cg_fpga_0/inst/processing_system7_0/inst/PS7_i/FCLKCLK[0]
                         net (fo=1, routed)           1.193     1.193    design_1_i/cg_fpga_0/inst/processing_system7_0/inst/FCLK_CLK_unbuffered[0]
    BUFGCTRL_X0Y17       BUFG (Prop_bufg_I_O)         0.101     1.294 r  design_1_i/cg_fpga_0/inst/processing_system7_0/inst/buffer_fclk_clk_0.FCLK_CLK_0_BUFG/O
                         net (fo=6935, routed)        1.631     2.925    design_1_i/cg_fpga_0/inst/cg_fpga_axi_gpio_o2/U0/gpio_core_1/s_axi_aclk
    SLICE_X43Y74         FDRE                                         r  design_1_i/cg_fpga_0/inst/cg_fpga_axi_gpio_o2/U0/gpio_core_1/Dual.gpio_Data_Out_reg[19]/C
  -------------------------------------------------------------------    -------------------
    SLICE_X43Y74         FDRE (Prop_fdre_C_Q)         0.456     3.381 f  design_1_i/cg_fpga_0/inst/cg_fpga_axi_gpio_o2/U0/gpio_core_1/Dual.gpio_Data_Out_reg[19]/Q
                         net (fo=1, routed)           1.400     4.781    design_1_i/cg_fpga_0/inst/cg_fpga_axi_gpio_o2/U0/gpio_core_1/gpio_io_o[9]
    BUFGCTRL_X0Y16       BUFG (Prop_bufg_I_O)         0.101     4.882 f  design_1_i/cg_fpga_0/inst/cg_fpga_axi_gpio_o2/U0/gpio_core_1/gpio_io_o[9]_BUFG_inst/O
                         net (fo=208, routed)         2.506     7.388    design_1_i/controlor/decode_39/decoder_3to8_0/enable
    SLICE_X49Y105        LUT4 (Prop_lut4_I0_O)        0.152     7.540 r  design_1_i/controlor/decode_39/decoder_3to8_0/out[6]_INST_0/O
                         net (fo=16, routed)          1.161     8.701    design_1_i/register_16bit_8/inst/read_en
    SLICE_X52Y104        LUT2 (Prop_lut2_I1_O)        0.357     9.058 r  design_1_i/register_16bit_8/inst/data_out[7]_INST_0/O
                         net (fo=1, routed)           0.975    10.033    design_1_i/bus_mux_16_0/DR[7]
    SLICE_X47Y104        LUT6 (Prop_lut6_I1_O)        0.332    10.365 r  design_1_i/bus_mux_16_0/bus[7]_INST_0_i_2/O
                         net (fo=1, routed)           0.510    10.874    design_1_i/bus_mux_16_0/bus[7]_INST_0_i_2_n_0
    SLICE_X47Y103        LUT6 (Prop_lut6_I0_O)        0.124    10.998 r  design_1_i/bus_mux_16_0/bus[7]_INST_0_i_1/O
                         net (fo=1, routed)           0.867    11.865    design_1_i/bus_mux_16_0/bus[7]_INST_0_i_1_n_0
    SLICE_X46Y103        LUT4 (Prop_lut4_I3_O)        0.124    11.989 r  design_1_i/bus_mux_16_0/bus[7]_INST_0/O
                         net (fo=15, routed)          2.167    14.156    design_1_i/adder/alu_74181_1/inst/b[3]
    SLICE_X51Y110        LUT2 (Prop_lut2_I1_O)        0.150    14.306 r  design_1_i/adder/alu_74181_1/inst/g_INST_0_i_1/O
                         net (fo=2, routed)           0.897    15.203    design_1_i/adder/alu_74181_1/carry_out2[3]
    SLICE_X50Y110        LUT6 (Prop_lut6_I4_O)        0.332    15.535 r  design_1_i/adder/alu_74181_1/g_INST_0/O
                         net (fo=2, routed)           0.829    16.364    design_1_i/adder/carry_lookahead_74182_0/g[1]
    SLICE_X48Y110        LUT3 (Prop_lut3_I0_O)        0.124    16.488 r  design_1_i/adder/carry_lookahead_74182_0/cout[2]_INST_0/O
                         net (fo=16, routed)          0.813    17.301    design_1_i/adder/alu_74181_2/cin
    SLICE_X45Y111        LUT4 (Prop_lut4_I2_O)        0.152    17.453 r  design_1_i/adder/alu_74181_2/f[0]_INST_0_i_2/O
                         net (fo=1, routed)           0.669    18.121    design_1_i/adder/alu_74181_2/f[0]_INST_0_i_2_n_0
    SLICE_X45Y111        LUT3 (Prop_lut3_I0_O)        0.332    18.453 r  design_1_i/adder/alu_74181_2/f[0]_INST_0/O
                         net (fo=1, routed)           0.000    18.453    design_1_i/register_16bit_6/inst/data_in[8]
    SLICE_X45Y111        FDCE                                         r  design_1_i/register_16bit_6/inst/data_reg[8]/D
  -------------------------------------------------------------------    -------------------

Slack:                    inf
  Source:                 design_1_i/cg_fpga_0/inst/cg_fpga_axi_gpio_o2/U0/gpio_core_1/Dual.gpio_Data_Out_reg[19]/C
                            (rising edge-triggered cell FDRE clocked by clk_fpga_0  {rise@0.000ns fall@5.000ns period=10.000ns})
  Destination:            design_1_i/register_16bit_6/inst/data_reg[6]/D
  Path Group:             (none)
  Path Type:              Max at Slow Process Corner
  Data Path Delay:        14.256ns  (logic 2.857ns (20.041%)  route 11.399ns (79.959%))
  Logic Levels:           13  (BUFG=1 LUT2=2 LUT3=1 LUT4=2 LUT5=1 LUT6=4 MUXF7=2)
  Clock Uncertainty:      0.152ns  ((TSJ^2 + TIJ^2)^1/2 + DJ) / 2 + PE
    Total System Jitter     (TSJ):    0.050ns
    Total Input Jitter      (TIJ):    0.300ns
    Discrete Jitter          (DJ):    0.000ns
    Phase Error              (PE):    0.000ns

    Location             Delay type                Incr(ns)  Path(ns)    Netlist Resource(s)
  -------------------------------------------------------------------    -------------------
                         (clock clk_fpga_0 rise edge)
                                                      0.000     0.000 r  
    PS7_X0Y0             PS7                          0.000     0.000 r  design_1_i/cg_fpga_0/inst/processing_system7_0/inst/PS7_i/FCLKCLK[0]
                         net (fo=1, routed)           1.193     1.193    design_1_i/cg_fpga_0/inst/processing_system7_0/inst/FCLK_CLK_unbuffered[0]
    BUFGCTRL_X0Y17       BUFG (Prop_bufg_I_O)         0.101     1.294 r  design_1_i/cg_fpga_0/inst/processing_system7_0/inst/buffer_fclk_clk_0.FCLK_CLK_0_BUFG/O
                         net (fo=6935, routed)        1.631     2.925    design_1_i/cg_fpga_0/inst/cg_fpga_axi_gpio_o2/U0/gpio_core_1/s_axi_aclk
    SLICE_X43Y74         FDRE                                         r  design_1_i/cg_fpga_0/inst/cg_fpga_axi_gpio_o2/U0/gpio_core_1/Dual.gpio_Data_Out_reg[19]/C
  -------------------------------------------------------------------    -------------------
    SLICE_X43Y74         FDRE (Prop_fdre_C_Q)         0.456     3.381 f  design_1_i/cg_fpga_0/inst/cg_fpga_axi_gpio_o2/U0/gpio_core_1/Dual.gpio_Data_Out_reg[19]/Q
                         net (fo=1, routed)           1.400     4.781    design_1_i/cg_fpga_0/inst/cg_fpga_axi_gpio_o2/U0/gpio_core_1/gpio_io_o[9]
    BUFGCTRL_X0Y16       BUFG (Prop_bufg_I_O)         0.101     4.882 f  design_1_i/cg_fpga_0/inst/cg_fpga_axi_gpio_o2/U0/gpio_core_1/gpio_io_o[9]_BUFG_inst/O
                         net (fo=208, routed)         2.702     7.584    design_1_i/controlor/decode_39/decoder_3to8_0/enable
    SLICE_X48Y104        LUT4 (Prop_lut4_I0_O)        0.152     7.736 r  design_1_i/controlor/decode_39/decoder_3to8_0/out[4]_INST_0/O
                         net (fo=16, routed)          0.835     8.571    design_1_i/register_16bit_3/inst/read_en
    SLICE_X47Y104        LUT2 (Prop_lut2_I1_O)        0.326     8.897 r  design_1_i/register_16bit_3/inst/data_out[2]_INST_0/O
                         net (fo=1, routed)           0.601     9.498    design_1_i/bus_mux_16_0/R2[2]
    SLICE_X49Y104        LUT6 (Prop_lut6_I5_O)        0.124     9.622 r  design_1_i/bus_mux_16_0/bus[2]_INST_0_i_2/O
                         net (fo=1, routed)           0.642    10.264    design_1_i/bus_mux_16_0/bus[2]_INST_0_i_2_n_0
    SLICE_X48Y103        LUT6 (Prop_lut6_I0_O)        0.124    10.388 r  design_1_i/bus_mux_16_0/bus[2]_INST_0_i_1/O
                         net (fo=1, routed)           0.817    11.206    design_1_i/bus_mux_16_0/bus[2]_INST_0_i_1_n_0
    SLICE_X48Y102        LUT4 (Prop_lut4_I3_O)        0.152    11.358 r  design_1_i/bus_mux_16_0/bus[2]_INST_0/O
                         net (fo=16, routed)          1.341    12.699    design_1_i/adder/alu_74181_0/inst/b[2]
    SLICE_X50Y106        LUT2 (Prop_lut2_I1_O)        0.332    13.031 r  design_1_i/adder/alu_74181_0/inst/g_INST_0_i_2/O
                         net (fo=2, routed)           0.648    13.679    design_1_i/adder/alu_74181_0/carry_out2[2]
    SLICE_X51Y107        LUT6 (Prop_lut6_I5_O)        0.124    13.803 r  design_1_i/adder/alu_74181_0/g_INST_0/O
                         net (fo=18, routed)          0.870    14.673    design_1_i/adder/alu_74181_1/inst/cin
    SLICE_X50Y109        LUT5 (Prop_lut5_I4_O)        0.124    14.797 r  design_1_i/adder/alu_74181_1/inst/f[3]_INST_0_i_27/O
                         net (fo=2, routed)           0.682    15.479    design_1_i/adder/alu_74181_1/inst_n_7
    SLICE_X50Y109        LUT6 (Prop_lut6_I0_O)        0.124    15.603 r  design_1_i/adder/alu_74181_1/f[2]_INST_0_i_13/O
                         net (fo=1, routed)           0.000    15.603    design_1_i/adder/alu_74181_1/f[2]_INST_0_i_13_n_0
    SLICE_X50Y109        MUXF7 (Prop_muxf7_I0_O)      0.209    15.812 r  design_1_i/adder/alu_74181_1/f[2]_INST_0_i_6/O
                         net (fo=1, routed)           0.859    16.672    design_1_i/adder/alu_74181_1/f[2]_INST_0_i_6_n_0
    SLICE_X51Y109        LUT3 (Prop_lut3_I2_O)        0.297    16.969 r  design_1_i/adder/alu_74181_1/f[2]_INST_0_i_1/O
                         net (fo=1, routed)           0.000    16.969    design_1_i/adder/alu_74181_1/f[2]_INST_0_i_1_n_0
    SLICE_X51Y109        MUXF7 (Prop_muxf7_I0_O)      0.212    17.181 r  design_1_i/adder/alu_74181_1/f[2]_INST_0/O
                         net (fo=1, routed)           0.000    17.181    design_1_i/register_16bit_6/inst/data_in[6]
    SLICE_X51Y109        FDCE                                         r  design_1_i/register_16bit_6/inst/data_reg[6]/D
  -------------------------------------------------------------------    -------------------

Slack:                    inf
  Source:                 design_1_i/cg_fpga_0/inst/cg_fpga_axi_gpio_o2/U0/gpio_core_1/Dual.gpio_Data_Out_reg[19]/C
                            (rising edge-triggered cell FDRE clocked by clk_fpga_0  {rise@0.000ns fall@5.000ns period=10.000ns})
  Destination:            design_1_i/register_16bit_6/inst/data_reg[7]/D
  Path Group:             (none)
  Path Type:              Max at Slow Process Corner
  Data Path Delay:        14.133ns  (logic 2.859ns (20.229%)  route 11.274ns (79.771%))
  Logic Levels:           13  (BUFG=1 LUT2=2 LUT3=1 LUT4=3 LUT6=4 MUXF7=2)
  Clock Uncertainty:      0.152ns  ((TSJ^2 + TIJ^2)^1/2 + DJ) / 2 + PE
    Total System Jitter     (TSJ):    0.050ns
    Total Input Jitter      (TIJ):    0.300ns
    Discrete Jitter          (DJ):    0.000ns
    Phase Error              (PE):    0.000ns

    Location             Delay type                Incr(ns)  Path(ns)    Netlist Resource(s)
  -------------------------------------------------------------------    -------------------
                         (clock clk_fpga_0 rise edge)
                                                      0.000     0.000 r  
    PS7_X0Y0             PS7                          0.000     0.000 r  design_1_i/cg_fpga_0/inst/processing_system7_0/inst/PS7_i/FCLKCLK[0]
                         net (fo=1, routed)           1.193     1.193    design_1_i/cg_fpga_0/inst/processing_system7_0/inst/FCLK_CLK_unbuffered[0]
    BUFGCTRL_X0Y17       BUFG (Prop_bufg_I_O)         0.101     1.294 r  design_1_i/cg_fpga_0/inst/processing_system7_0/inst/buffer_fclk_clk_0.FCLK_CLK_0_BUFG/O
                         net (fo=6935, routed)        1.631     2.925    design_1_i/cg_fpga_0/inst/cg_fpga_axi_gpio_o2/U0/gpio_core_1/s_axi_aclk
    SLICE_X43Y74         FDRE                                         r  design_1_i/cg_fpga_0/inst/cg_fpga_axi_gpio_o2/U0/gpio_core_1/Dual.gpio_Data_Out_reg[19]/C
  -------------------------------------------------------------------    -------------------
    SLICE_X43Y74         FDRE (Prop_fdre_C_Q)         0.456     3.381 f  design_1_i/cg_fpga_0/inst/cg_fpga_axi_gpio_o2/U0/gpio_core_1/Dual.gpio_Data_Out_reg[19]/Q
                         net (fo=1, routed)           1.400     4.781    design_1_i/cg_fpga_0/inst/cg_fpga_axi_gpio_o2/U0/gpio_core_1/gpio_io_o[9]
    BUFGCTRL_X0Y16       BUFG (Prop_bufg_I_O)         0.101     4.882 f  design_1_i/cg_fpga_0/inst/cg_fpga_axi_gpio_o2/U0/gpio_core_1/gpio_io_o[9]_BUFG_inst/O
                         net (fo=208, routed)         2.702     7.584    design_1_i/controlor/decode_39/decoder_3to8_0/enable
    SLICE_X48Y104        LUT4 (Prop_lut4_I0_O)        0.152     7.736 r  design_1_i/controlor/decode_39/decoder_3to8_0/out[4]_INST_0/O
                         net (fo=16, routed)          0.835     8.571    design_1_i/register_16bit_3/inst/read_en
    SLICE_X47Y104        LUT2 (Prop_lut2_I1_O)        0.326     8.897 r  design_1_i/register_16bit_3/inst/data_out[2]_INST_0/O
                         net (fo=1, routed)           0.601     9.498    design_1_i/bus_mux_16_0/R2[2]
    SLICE_X49Y104        LUT6 (Prop_lut6_I5_O)        0.124     9.622 r  design_1_i/bus_mux_16_0/bus[2]_INST_0_i_2/O
                         net (fo=1, routed)           0.642    10.264    design_1_i/bus_mux_16_0/bus[2]_INST_0_i_2_n_0
    SLICE_X48Y103        LUT6 (Prop_lut6_I0_O)        0.124    10.388 r  design_1_i/bus_mux_16_0/bus[2]_INST_0_i_1/O
                         net (fo=1, routed)           0.817    11.206    design_1_i/bus_mux_16_0/bus[2]_INST_0_i_1_n_0
    SLICE_X48Y102        LUT4 (Prop_lut4_I3_O)        0.152    11.358 r  design_1_i/bus_mux_16_0/bus[2]_INST_0/O
                         net (fo=16, routed)          1.341    12.699    design_1_i/adder/alu_74181_0/inst/b[2]
    SLICE_X50Y106        LUT2 (Prop_lut2_I1_O)        0.332    13.031 r  design_1_i/adder/alu_74181_0/inst/g_INST_0_i_2/O
                         net (fo=2, routed)           0.648    13.679    design_1_i/adder/alu_74181_0/carry_out2[2]
    SLICE_X51Y107        LUT6 (Prop_lut6_I5_O)        0.124    13.803 r  design_1_i/adder/alu_74181_0/g_INST_0/O
                         net (fo=18, routed)          1.081    14.884    design_1_i/adder/alu_74181_1/inst/cin
    SLICE_X52Y110        LUT4 (Prop_lut4_I1_O)        0.124    15.008 r  design_1_i/adder/alu_74181_1/inst/f[3]_INST_0_i_29/O
                         net (fo=1, routed)           0.564    15.573    design_1_i/adder/alu_74181_1/inst_n_9
    SLICE_X51Y110        LUT6 (Prop_lut6_I4_O)        0.124    15.697 r  design_1_i/adder/alu_74181_1/f[3]_INST_0_i_13/O
                         net (fo=1, routed)           0.000    15.697    design_1_i/adder/alu_74181_1/f[3]_INST_0_i_13_n_0
    SLICE_X51Y110        MUXF7 (Prop_muxf7_I0_O)      0.212    15.909 r  design_1_i/adder/alu_74181_1/f[3]_INST_0_i_6/O
                         net (fo=1, routed)           0.642    16.550    design_1_i/adder/alu_74181_1/f[3]_INST_0_i_6_n_0
    SLICE_X50Y110        LUT3 (Prop_lut3_I2_O)        0.299    16.849 r  design_1_i/adder/alu_74181_1/f[3]_INST_0_i_1/O
                         net (fo=1, routed)           0.000    16.849    design_1_i/adder/alu_74181_1/f[3]_INST_0_i_1_n_0
    SLICE_X50Y110        MUXF7 (Prop_muxf7_I0_O)      0.209    17.058 r  design_1_i/adder/alu_74181_1/f[3]_INST_0/O
                         net (fo=1, routed)           0.000    17.058    design_1_i/register_16bit_6/inst/data_in[7]
    SLICE_X50Y110        FDCE                                         r  design_1_i/register_16bit_6/inst/data_reg[7]/D
  -------------------------------------------------------------------    -------------------





Min Delay Paths
--------------------------------------------------------------------------------------
Slack:                    inf
  Source:                 design_1_i/cg_fpga_0/inst/cg_fpga_axi_gpio_o2/U0/gpio_core_1/Dual.gpio_Data_Out_reg[22]/C
                            (rising edge-triggered cell FDRE clocked by clk_fpga_0  {rise@0.000ns fall@5.000ns period=10.000ns})
  Destination:            design_1_i/controlor/cnt/ic_74161_1/inst/q_reg[0]/CLR
  Path Group:             (none)
  Path Type:              Min at Fast Process Corner
  Data Path Delay:        0.941ns  (logic 0.210ns (22.318%)  route 0.731ns (77.682%))
  Logic Levels:           1  (LUT1=1)
  Clock Uncertainty:      0.152ns  ((TSJ^2 + TIJ^2)^1/2 + DJ) / 2 + PE
    Total System Jitter     (TSJ):    0.050ns
    Total Input Jitter      (TIJ):    0.300ns
    Discrete Jitter          (DJ):    0.000ns
    Phase Error              (PE):    0.000ns

    Location             Delay type                Incr(ns)  Path(ns)    Netlist Resource(s)
  -------------------------------------------------------------------    -------------------
                         (clock clk_fpga_0 rise edge)
                                                      0.000     0.000 r  
    PS7_X0Y0             PS7                          0.000     0.000 r  design_1_i/cg_fpga_0/inst/processing_system7_0/inst/PS7_i/FCLKCLK[0]
                         net (fo=1, routed)           0.310     0.310    design_1_i/cg_fpga_0/inst/processing_system7_0/inst/FCLK_CLK_unbuffered[0]
    BUFGCTRL_X0Y17       BUFG (Prop_bufg_I_O)         0.026     0.336 r  design_1_i/cg_fpga_0/inst/processing_system7_0/inst/buffer_fclk_clk_0.FCLK_CLK_0_BUFG/O
                         net (fo=6935, routed)        0.550     0.886    design_1_i/cg_fpga_0/inst/cg_fpga_axi_gpio_o2/U0/gpio_core_1/s_axi_aclk
    SLICE_X38Y82         FDRE                                         r  design_1_i/cg_fpga_0/inst/cg_fpga_axi_gpio_o2/U0/gpio_core_1/Dual.gpio_Data_Out_reg[22]/C
  -------------------------------------------------------------------    -------------------
    SLICE_X38Y82         FDRE (Prop_fdre_C_Q)         0.164     1.050 r  design_1_i/cg_fpga_0/inst/cg_fpga_axi_gpio_o2/U0/gpio_core_1/Dual.gpio_Data_Out_reg[22]/Q
                         net (fo=15, routed)          0.546     1.596    design_1_i/controlor/cnt/ic_74161_1/inst/CR
    SLICE_X38Y104        LUT1 (Prop_lut1_I0_O)        0.046     1.642 f  design_1_i/controlor/cnt/ic_74161_1/inst/q[3]_i_3/O
                         net (fo=4, routed)           0.185     1.827    design_1_i/controlor/cnt/ic_74161_1/inst/q[3]_i_3_n_0
    SLICE_X38Y106        FDCE                                         f  design_1_i/controlor/cnt/ic_74161_1/inst/q_reg[0]/CLR
  -------------------------------------------------------------------    -------------------

Slack:                    inf
  Source:                 design_1_i/cg_fpga_0/inst/cg_fpga_axi_gpio_o2/U0/gpio_core_1/Dual.gpio_Data_Out_reg[22]/C
                            (rising edge-triggered cell FDRE clocked by clk_fpga_0  {rise@0.000ns fall@5.000ns period=10.000ns})
  Destination:            design_1_i/controlor/cnt/ic_74161_1/inst/q_reg[1]/CLR
  Path Group:             (none)
  Path Type:              Min at Fast Process Corner
  Data Path Delay:        0.941ns  (logic 0.210ns (22.318%)  route 0.731ns (77.682%))
  Logic Levels:           1  (LUT1=1)
  Clock Uncertainty:      0.152ns  ((TSJ^2 + TIJ^2)^1/2 + DJ) / 2 + PE
    Total System Jitter     (TSJ):    0.050ns
    Total Input Jitter      (TIJ):    0.300ns
    Discrete Jitter          (DJ):    0.000ns
    Phase Error              (PE):    0.000ns

    Location             Delay type                Incr(ns)  Path(ns)    Netlist Resource(s)
  -------------------------------------------------------------------    -------------------
                         (clock clk_fpga_0 rise edge)
                                                      0.000     0.000 r  
    PS7_X0Y0             PS7                          0.000     0.000 r  design_1_i/cg_fpga_0/inst/processing_system7_0/inst/PS7_i/FCLKCLK[0]
                         net (fo=1, routed)           0.310     0.310    design_1_i/cg_fpga_0/inst/processing_system7_0/inst/FCLK_CLK_unbuffered[0]
    BUFGCTRL_X0Y17       BUFG (Prop_bufg_I_O)         0.026     0.336 r  design_1_i/cg_fpga_0/inst/processing_system7_0/inst/buffer_fclk_clk_0.FCLK_CLK_0_BUFG/O
                         net (fo=6935, routed)        0.550     0.886    design_1_i/cg_fpga_0/inst/cg_fpga_axi_gpio_o2/U0/gpio_core_1/s_axi_aclk
    SLICE_X38Y82         FDRE                                         r  design_1_i/cg_fpga_0/inst/cg_fpga_axi_gpio_o2/U0/gpio_core_1/Dual.gpio_Data_Out_reg[22]/C
  -------------------------------------------------------------------    -------------------
    SLICE_X38Y82         FDRE (Prop_fdre_C_Q)         0.164     1.050 r  design_1_i/cg_fpga_0/inst/cg_fpga_axi_gpio_o2/U0/gpio_core_1/Dual.gpio_Data_Out_reg[22]/Q
                         net (fo=15, routed)          0.546     1.596    design_1_i/controlor/cnt/ic_74161_1/inst/CR
    SLICE_X38Y104        LUT1 (Prop_lut1_I0_O)        0.046     1.642 f  design_1_i/controlor/cnt/ic_74161_1/inst/q[3]_i_3/O
                         net (fo=4, routed)           0.185     1.827    design_1_i/controlor/cnt/ic_74161_1/inst/q[3]_i_3_n_0
    SLICE_X38Y106        FDCE                                         f  design_1_i/controlor/cnt/ic_74161_1/inst/q_reg[1]/CLR
  -------------------------------------------------------------------    -------------------

Slack:                    inf
  Source:                 design_1_i/cg_fpga_0/inst/cg_fpga_axi_gpio_o2/U0/gpio_core_1/Dual.gpio_Data_Out_reg[22]/C
                            (rising edge-triggered cell FDRE clocked by clk_fpga_0  {rise@0.000ns fall@5.000ns period=10.000ns})
  Destination:            design_1_i/register_16bit_2/inst/data_reg[0]/CLR
  Path Group:             (none)
  Path Type:              Min at Fast Process Corner
  Data Path Delay:        1.031ns  (logic 0.207ns (20.078%)  route 0.824ns (79.922%))
  Logic Levels:           1  (LUT1=1)
  Clock Uncertainty:      0.152ns  ((TSJ^2 + TIJ^2)^1/2 + DJ) / 2 + PE
    Total System Jitter     (TSJ):    0.050ns
    Total Input Jitter      (TIJ):    0.300ns
    Discrete Jitter          (DJ):    0.000ns
    Phase Error              (PE):    0.000ns

    Location             Delay type                Incr(ns)  Path(ns)    Netlist Resource(s)
  -------------------------------------------------------------------    -------------------
                         (clock clk_fpga_0 rise edge)
                                                      0.000     0.000 r  
    PS7_X0Y0             PS7                          0.000     0.000 r  design_1_i/cg_fpga_0/inst/processing_system7_0/inst/PS7_i/FCLKCLK[0]
                         net (fo=1, routed)           0.310     0.310    design_1_i/cg_fpga_0/inst/processing_system7_0/inst/FCLK_CLK_unbuffered[0]
    BUFGCTRL_X0Y17       BUFG (Prop_bufg_I_O)         0.026     0.336 r  design_1_i/cg_fpga_0/inst/processing_system7_0/inst/buffer_fclk_clk_0.FCLK_CLK_0_BUFG/O
                         net (fo=6935, routed)        0.550     0.886    design_1_i/cg_fpga_0/inst/cg_fpga_axi_gpio_o2/U0/gpio_core_1/s_axi_aclk
    SLICE_X38Y82         FDRE                                         r  design_1_i/cg_fpga_0/inst/cg_fpga_axi_gpio_o2/U0/gpio_core_1/Dual.gpio_Data_Out_reg[22]/C
  -------------------------------------------------------------------    -------------------
    SLICE_X38Y82         FDRE (Prop_fdre_C_Q)         0.164     1.050 r  design_1_i/cg_fpga_0/inst/cg_fpga_axi_gpio_o2/U0/gpio_core_1/Dual.gpio_Data_Out_reg[22]/Q
                         net (fo=15, routed)          0.685     1.735    design_1_i/register_16bit_2/inst/reset
    SLICE_X47Y102        LUT1 (Prop_lut1_I0_O)        0.043     1.778 f  design_1_i/register_16bit_2/inst/data[15]_i_1/O
                         net (fo=16, routed)          0.139     1.917    design_1_i/register_16bit_2/inst/data[15]_i_1_n_0
    SLICE_X46Y102        FDCE                                         f  design_1_i/register_16bit_2/inst/data_reg[0]/CLR
  -------------------------------------------------------------------    -------------------

Slack:                    inf
  Source:                 design_1_i/cg_fpga_0/inst/cg_fpga_axi_gpio_o2/U0/gpio_core_1/Dual.gpio_Data_Out_reg[22]/C
                            (rising edge-triggered cell FDRE clocked by clk_fpga_0  {rise@0.000ns fall@5.000ns period=10.000ns})
  Destination:            design_1_i/register_16bit_2/inst/data_reg[1]/CLR
  Path Group:             (none)
  Path Type:              Min at Fast Process Corner
  Data Path Delay:        1.031ns  (logic 0.207ns (20.078%)  route 0.824ns (79.922%))
  Logic Levels:           1  (LUT1=1)
  Clock Uncertainty:      0.152ns  ((TSJ^2 + TIJ^2)^1/2 + DJ) / 2 + PE
    Total System Jitter     (TSJ):    0.050ns
    Total Input Jitter      (TIJ):    0.300ns
    Discrete Jitter          (DJ):    0.000ns
    Phase Error              (PE):    0.000ns

    Location             Delay type                Incr(ns)  Path(ns)    Netlist Resource(s)
  -------------------------------------------------------------------    -------------------
                         (clock clk_fpga_0 rise edge)
                                                      0.000     0.000 r  
    PS7_X0Y0             PS7                          0.000     0.000 r  design_1_i/cg_fpga_0/inst/processing_system7_0/inst/PS7_i/FCLKCLK[0]
                         net (fo=1, routed)           0.310     0.310    design_1_i/cg_fpga_0/inst/processing_system7_0/inst/FCLK_CLK_unbuffered[0]
    BUFGCTRL_X0Y17       BUFG (Prop_bufg_I_O)         0.026     0.336 r  design_1_i/cg_fpga_0/inst/processing_system7_0/inst/buffer_fclk_clk_0.FCLK_CLK_0_BUFG/O
                         net (fo=6935, routed)        0.550     0.886    design_1_i/cg_fpga_0/inst/cg_fpga_axi_gpio_o2/U0/gpio_core_1/s_axi_aclk
    SLICE_X38Y82         FDRE                                         r  design_1_i/cg_fpga_0/inst/cg_fpga_axi_gpio_o2/U0/gpio_core_1/Dual.gpio_Data_Out_reg[22]/C
  -------------------------------------------------------------------    -------------------
    SLICE_X38Y82         FDRE (Prop_fdre_C_Q)         0.164     1.050 r  design_1_i/cg_fpga_0/inst/cg_fpga_axi_gpio_o2/U0/gpio_core_1/Dual.gpio_Data_Out_reg[22]/Q
                         net (fo=15, routed)          0.685     1.735    design_1_i/register_16bit_2/inst/reset
    SLICE_X47Y102        LUT1 (Prop_lut1_I0_O)        0.043     1.778 f  design_1_i/register_16bit_2/inst/data[15]_i_1/O
                         net (fo=16, routed)          0.139     1.917    design_1_i/register_16bit_2/inst/data[15]_i_1_n_0
    SLICE_X46Y102        FDCE                                         f  design_1_i/register_16bit_2/inst/data_reg[1]/CLR
  -------------------------------------------------------------------    -------------------

Slack:                    inf
  Source:                 design_1_i/cg_fpga_0/inst/cg_fpga_axi_gpio_o2/U0/gpio_core_1/Dual.gpio_Data_Out_reg[22]/C
                            (rising edge-triggered cell FDRE clocked by clk_fpga_0  {rise@0.000ns fall@5.000ns period=10.000ns})
  Destination:            design_1_i/controlor/cnt/ic_74161_1/inst/q_reg[2]/CLR
  Path Group:             (none)
  Path Type:              Min at Fast Process Corner
  Data Path Delay:        1.040ns  (logic 0.210ns (20.184%)  route 0.830ns (79.816%))
  Logic Levels:           1  (LUT1=1)
  Clock Uncertainty:      0.152ns  ((TSJ^2 + TIJ^2)^1/2 + DJ) / 2 + PE
    Total System Jitter     (TSJ):    0.050ns
    Total Input Jitter      (TIJ):    0.300ns
    Discrete Jitter          (DJ):    0.000ns
    Phase Error              (PE):    0.000ns

    Location             Delay type                Incr(ns)  Path(ns)    Netlist Resource(s)
  -------------------------------------------------------------------    -------------------
                         (clock clk_fpga_0 rise edge)
                                                      0.000     0.000 r  
    PS7_X0Y0             PS7                          0.000     0.000 r  design_1_i/cg_fpga_0/inst/processing_system7_0/inst/PS7_i/FCLKCLK[0]
                         net (fo=1, routed)           0.310     0.310    design_1_i/cg_fpga_0/inst/processing_system7_0/inst/FCLK_CLK_unbuffered[0]
    BUFGCTRL_X0Y17       BUFG (Prop_bufg_I_O)         0.026     0.336 r  design_1_i/cg_fpga_0/inst/processing_system7_0/inst/buffer_fclk_clk_0.FCLK_CLK_0_BUFG/O
                         net (fo=6935, routed)        0.550     0.886    design_1_i/cg_fpga_0/inst/cg_fpga_axi_gpio_o2/U0/gpio_core_1/s_axi_aclk
    SLICE_X38Y82         FDRE                                         r  design_1_i/cg_fpga_0/inst/cg_fpga_axi_gpio_o2/U0/gpio_core_1/Dual.gpio_Data_Out_reg[22]/C
  -------------------------------------------------------------------    -------------------
    SLICE_X38Y82         FDRE (Prop_fdre_C_Q)         0.164     1.050 r  design_1_i/cg_fpga_0/inst/cg_fpga_axi_gpio_o2/U0/gpio_core_1/Dual.gpio_Data_Out_reg[22]/Q
                         net (fo=15, routed)          0.546     1.596    design_1_i/controlor/cnt/ic_74161_1/inst/CR
    SLICE_X38Y104        LUT1 (Prop_lut1_I0_O)        0.046     1.642 f  design_1_i/controlor/cnt/ic_74161_1/inst/q[3]_i_3/O
                         net (fo=4, routed)           0.284     1.926    design_1_i/controlor/cnt/ic_74161_1/inst/q[3]_i_3_n_0
    SLICE_X36Y106        FDCE                                         f  design_1_i/controlor/cnt/ic_74161_1/inst/q_reg[2]/CLR
  -------------------------------------------------------------------    -------------------

Slack:                    inf
  Source:                 design_1_i/cg_fpga_0/inst/cg_fpga_axi_gpio_o2/U0/gpio_core_1/Dual.gpio_Data_Out_reg[22]/C
                            (rising edge-triggered cell FDRE clocked by clk_fpga_0  {rise@0.000ns fall@5.000ns period=10.000ns})
  Destination:            design_1_i/controlor/cnt/ic_74161_1/inst/q_reg[3]/CLR
  Path Group:             (none)
  Path Type:              Min at Fast Process Corner
  Data Path Delay:        1.040ns  (logic 0.210ns (20.184%)  route 0.830ns (79.816%))
  Logic Levels:           1  (LUT1=1)
  Clock Uncertainty:      0.152ns  ((TSJ^2 + TIJ^2)^1/2 + DJ) / 2 + PE
    Total System Jitter     (TSJ):    0.050ns
    Total Input Jitter      (TIJ):    0.300ns
    Discrete Jitter          (DJ):    0.000ns
    Phase Error              (PE):    0.000ns

    Location             Delay type                Incr(ns)  Path(ns)    Netlist Resource(s)
  -------------------------------------------------------------------    -------------------
                         (clock clk_fpga_0 rise edge)
                                                      0.000     0.000 r  
    PS7_X0Y0             PS7                          0.000     0.000 r  design_1_i/cg_fpga_0/inst/processing_system7_0/inst/PS7_i/FCLKCLK[0]
                         net (fo=1, routed)           0.310     0.310    design_1_i/cg_fpga_0/inst/processing_system7_0/inst/FCLK_CLK_unbuffered[0]
    BUFGCTRL_X0Y17       BUFG (Prop_bufg_I_O)         0.026     0.336 r  design_1_i/cg_fpga_0/inst/processing_system7_0/inst/buffer_fclk_clk_0.FCLK_CLK_0_BUFG/O
                         net (fo=6935, routed)        0.550     0.886    design_1_i/cg_fpga_0/inst/cg_fpga_axi_gpio_o2/U0/gpio_core_1/s_axi_aclk
    SLICE_X38Y82         FDRE                                         r  design_1_i/cg_fpga_0/inst/cg_fpga_axi_gpio_o2/U0/gpio_core_1/Dual.gpio_Data_Out_reg[22]/C
  -------------------------------------------------------------------    -------------------
    SLICE_X38Y82         FDRE (Prop_fdre_C_Q)         0.164     1.050 r  design_1_i/cg_fpga_0/inst/cg_fpga_axi_gpio_o2/U0/gpio_core_1/Dual.gpio_Data_Out_reg[22]/Q
                         net (fo=15, routed)          0.546     1.596    design_1_i/controlor/cnt/ic_74161_1/inst/CR
    SLICE_X38Y104        LUT1 (Prop_lut1_I0_O)        0.046     1.642 f  design_1_i/controlor/cnt/ic_74161_1/inst/q[3]_i_3/O
                         net (fo=4, routed)           0.284     1.926    design_1_i/controlor/cnt/ic_74161_1/inst/q[3]_i_3_n_0
    SLICE_X36Y106        FDCE                                         f  design_1_i/controlor/cnt/ic_74161_1/inst/q_reg[3]/CLR
  -------------------------------------------------------------------    -------------------

Slack:                    inf
  Source:                 design_1_i/cg_fpga_0/inst/cg_fpga_axi_gpio_o2/U0/gpio_core_1/Dual.gpio_Data_Out_reg[22]/C
                            (rising edge-triggered cell FDRE clocked by clk_fpga_0  {rise@0.000ns fall@5.000ns period=10.000ns})
  Destination:            design_1_i/controlor/cnt/ic_74161_0/inst/q_reg[0]/CLR
  Path Group:             (none)
  Path Type:              Min at Fast Process Corner
  Data Path Delay:        1.061ns  (logic 0.209ns (19.702%)  route 0.852ns (80.298%))
  Logic Levels:           1  (LUT1=1)
  Clock Uncertainty:      0.152ns  ((TSJ^2 + TIJ^2)^1/2 + DJ) / 2 + PE
    Total System Jitter     (TSJ):    0.050ns
    Total Input Jitter      (TIJ):    0.300ns
    Discrete Jitter          (DJ):    0.000ns
    Phase Error              (PE):    0.000ns

    Location             Delay type                Incr(ns)  Path(ns)    Netlist Resource(s)
  -------------------------------------------------------------------    -------------------
                         (clock clk_fpga_0 rise edge)
                                                      0.000     0.000 r  
    PS7_X0Y0             PS7                          0.000     0.000 r  design_1_i/cg_fpga_0/inst/processing_system7_0/inst/PS7_i/FCLKCLK[0]
                         net (fo=1, routed)           0.310     0.310    design_1_i/cg_fpga_0/inst/processing_system7_0/inst/FCLK_CLK_unbuffered[0]
    BUFGCTRL_X0Y17       BUFG (Prop_bufg_I_O)         0.026     0.336 r  design_1_i/cg_fpga_0/inst/processing_system7_0/inst/buffer_fclk_clk_0.FCLK_CLK_0_BUFG/O
                         net (fo=6935, routed)        0.550     0.886    design_1_i/cg_fpga_0/inst/cg_fpga_axi_gpio_o2/U0/gpio_core_1/s_axi_aclk
    SLICE_X38Y82         FDRE                                         r  design_1_i/cg_fpga_0/inst/cg_fpga_axi_gpio_o2/U0/gpio_core_1/Dual.gpio_Data_Out_reg[22]/C
  -------------------------------------------------------------------    -------------------
    SLICE_X38Y82         FDRE (Prop_fdre_C_Q)         0.164     1.050 r  design_1_i/cg_fpga_0/inst/cg_fpga_axi_gpio_o2/U0/gpio_core_1/Dual.gpio_Data_Out_reg[22]/Q
                         net (fo=15, routed)          0.546     1.596    design_1_i/controlor/cnt/ic_74161_0/inst/CR
    SLICE_X38Y104        LUT1 (Prop_lut1_I0_O)        0.045     1.641 f  design_1_i/controlor/cnt/ic_74161_0/inst/q[3]_i_3/O
                         net (fo=4, routed)           0.306     1.946    design_1_i/controlor/cnt/ic_74161_0/inst/q[3]_i_3_n_0
    SLICE_X40Y104        FDCE                                         f  design_1_i/controlor/cnt/ic_74161_0/inst/q_reg[0]/CLR
  -------------------------------------------------------------------    -------------------

Slack:                    inf
  Source:                 design_1_i/cg_fpga_0/inst/cg_fpga_axi_gpio_o2/U0/gpio_core_1/Dual.gpio_Data_Out_reg[22]/C
                            (rising edge-triggered cell FDRE clocked by clk_fpga_0  {rise@0.000ns fall@5.000ns period=10.000ns})
  Destination:            design_1_i/controlor/cnt/ic_74161_0/inst/q_reg[1]/CLR
  Path Group:             (none)
  Path Type:              Min at Fast Process Corner
  Data Path Delay:        1.061ns  (logic 0.209ns (19.702%)  route 0.852ns (80.298%))
  Logic Levels:           1  (LUT1=1)
  Clock Uncertainty:      0.152ns  ((TSJ^2 + TIJ^2)^1/2 + DJ) / 2 + PE
    Total System Jitter     (TSJ):    0.050ns
    Total Input Jitter      (TIJ):    0.300ns
    Discrete Jitter          (DJ):    0.000ns
    Phase Error              (PE):    0.000ns

    Location             Delay type                Incr(ns)  Path(ns)    Netlist Resource(s)
  -------------------------------------------------------------------    -------------------
                         (clock clk_fpga_0 rise edge)
                                                      0.000     0.000 r  
    PS7_X0Y0             PS7                          0.000     0.000 r  design_1_i/cg_fpga_0/inst/processing_system7_0/inst/PS7_i/FCLKCLK[0]
                         net (fo=1, routed)           0.310     0.310    design_1_i/cg_fpga_0/inst/processing_system7_0/inst/FCLK_CLK_unbuffered[0]
    BUFGCTRL_X0Y17       BUFG (Prop_bufg_I_O)         0.026     0.336 r  design_1_i/cg_fpga_0/inst/processing_system7_0/inst/buffer_fclk_clk_0.FCLK_CLK_0_BUFG/O
                         net (fo=6935, routed)        0.550     0.886    design_1_i/cg_fpga_0/inst/cg_fpga_axi_gpio_o2/U0/gpio_core_1/s_axi_aclk
    SLICE_X38Y82         FDRE                                         r  design_1_i/cg_fpga_0/inst/cg_fpga_axi_gpio_o2/U0/gpio_core_1/Dual.gpio_Data_Out_reg[22]/C
  -------------------------------------------------------------------    -------------------
    SLICE_X38Y82         FDRE (Prop_fdre_C_Q)         0.164     1.050 r  design_1_i/cg_fpga_0/inst/cg_fpga_axi_gpio_o2/U0/gpio_core_1/Dual.gpio_Data_Out_reg[22]/Q
                         net (fo=15, routed)          0.546     1.596    design_1_i/controlor/cnt/ic_74161_0/inst/CR
    SLICE_X38Y104        LUT1 (Prop_lut1_I0_O)        0.045     1.641 f  design_1_i/controlor/cnt/ic_74161_0/inst/q[3]_i_3/O
                         net (fo=4, routed)           0.306     1.946    design_1_i/controlor/cnt/ic_74161_0/inst/q[3]_i_3_n_0
    SLICE_X40Y104        FDCE                                         f  design_1_i/controlor/cnt/ic_74161_0/inst/q_reg[1]/CLR
  -------------------------------------------------------------------    -------------------

Slack:                    inf
  Source:                 design_1_i/cg_fpga_0/inst/cg_fpga_axi_gpio_o2/U0/gpio_core_1/Dual.gpio_Data_Out_reg[22]/C
                            (rising edge-triggered cell FDRE clocked by clk_fpga_0  {rise@0.000ns fall@5.000ns period=10.000ns})
  Destination:            design_1_i/controlor/cnt/ic_74161_0/inst/q_reg[2]/CLR
  Path Group:             (none)
  Path Type:              Min at Fast Process Corner
  Data Path Delay:        1.061ns  (logic 0.209ns (19.702%)  route 0.852ns (80.298%))
  Logic Levels:           1  (LUT1=1)
  Clock Uncertainty:      0.152ns  ((TSJ^2 + TIJ^2)^1/2 + DJ) / 2 + PE
    Total System Jitter     (TSJ):    0.050ns
    Total Input Jitter      (TIJ):    0.300ns
    Discrete Jitter          (DJ):    0.000ns
    Phase Error              (PE):    0.000ns

    Location             Delay type                Incr(ns)  Path(ns)    Netlist Resource(s)
  -------------------------------------------------------------------    -------------------
                         (clock clk_fpga_0 rise edge)
                                                      0.000     0.000 r  
    PS7_X0Y0             PS7                          0.000     0.000 r  design_1_i/cg_fpga_0/inst/processing_system7_0/inst/PS7_i/FCLKCLK[0]
                         net (fo=1, routed)           0.310     0.310    design_1_i/cg_fpga_0/inst/processing_system7_0/inst/FCLK_CLK_unbuffered[0]
    BUFGCTRL_X0Y17       BUFG (Prop_bufg_I_O)         0.026     0.336 r  design_1_i/cg_fpga_0/inst/processing_system7_0/inst/buffer_fclk_clk_0.FCLK_CLK_0_BUFG/O
                         net (fo=6935, routed)        0.550     0.886    design_1_i/cg_fpga_0/inst/cg_fpga_axi_gpio_o2/U0/gpio_core_1/s_axi_aclk
    SLICE_X38Y82         FDRE                                         r  design_1_i/cg_fpga_0/inst/cg_fpga_axi_gpio_o2/U0/gpio_core_1/Dual.gpio_Data_Out_reg[22]/C
  -------------------------------------------------------------------    -------------------
    SLICE_X38Y82         FDRE (Prop_fdre_C_Q)         0.164     1.050 r  design_1_i/cg_fpga_0/inst/cg_fpga_axi_gpio_o2/U0/gpio_core_1/Dual.gpio_Data_Out_reg[22]/Q
                         net (fo=15, routed)          0.546     1.596    design_1_i/controlor/cnt/ic_74161_0/inst/CR
    SLICE_X38Y104        LUT1 (Prop_lut1_I0_O)        0.045     1.641 f  design_1_i/controlor/cnt/ic_74161_0/inst/q[3]_i_3/O
                         net (fo=4, routed)           0.306     1.946    design_1_i/controlor/cnt/ic_74161_0/inst/q[3]_i_3_n_0
    SLICE_X40Y104        FDCE                                         f  design_1_i/controlor/cnt/ic_74161_0/inst/q_reg[2]/CLR
  -------------------------------------------------------------------    -------------------

Slack:                    inf
  Source:                 design_1_i/cg_fpga_0/inst/cg_fpga_axi_gpio_o2/U0/gpio_core_1/Dual.gpio_Data_Out_reg[22]/C
                            (rising edge-triggered cell FDRE clocked by clk_fpga_0  {rise@0.000ns fall@5.000ns period=10.000ns})
  Destination:            design_1_i/controlor/cnt/ic_74161_0/inst/q_reg[3]/CLR
  Path Group:             (none)
  Path Type:              Min at Fast Process Corner
  Data Path Delay:        1.061ns  (logic 0.209ns (19.702%)  route 0.852ns (80.298%))
  Logic Levels:           1  (LUT1=1)
  Clock Uncertainty:      0.152ns  ((TSJ^2 + TIJ^2)^1/2 + DJ) / 2 + PE
    Total System Jitter     (TSJ):    0.050ns
    Total Input Jitter      (TIJ):    0.300ns
    Discrete Jitter          (DJ):    0.000ns
    Phase Error              (PE):    0.000ns

    Location             Delay type                Incr(ns)  Path(ns)    Netlist Resource(s)
  -------------------------------------------------------------------    -------------------
                         (clock clk_fpga_0 rise edge)
                                                      0.000     0.000 r  
    PS7_X0Y0             PS7                          0.000     0.000 r  design_1_i/cg_fpga_0/inst/processing_system7_0/inst/PS7_i/FCLKCLK[0]
                         net (fo=1, routed)           0.310     0.310    design_1_i/cg_fpga_0/inst/processing_system7_0/inst/FCLK_CLK_unbuffered[0]
    BUFGCTRL_X0Y17       BUFG (Prop_bufg_I_O)         0.026     0.336 r  design_1_i/cg_fpga_0/inst/processing_system7_0/inst/buffer_fclk_clk_0.FCLK_CLK_0_BUFG/O
                         net (fo=6935, routed)        0.550     0.886    design_1_i/cg_fpga_0/inst/cg_fpga_axi_gpio_o2/U0/gpio_core_1/s_axi_aclk
    SLICE_X38Y82         FDRE                                         r  design_1_i/cg_fpga_0/inst/cg_fpga_axi_gpio_o2/U0/gpio_core_1/Dual.gpio_Data_Out_reg[22]/C
  -------------------------------------------------------------------    -------------------
    SLICE_X38Y82         FDRE (Prop_fdre_C_Q)         0.164     1.050 r  design_1_i/cg_fpga_0/inst/cg_fpga_axi_gpio_o2/U0/gpio_core_1/Dual.gpio_Data_Out_reg[22]/Q
                         net (fo=15, routed)          0.546     1.596    design_1_i/controlor/cnt/ic_74161_0/inst/CR
    SLICE_X38Y104        LUT1 (Prop_lut1_I0_O)        0.045     1.641 f  design_1_i/controlor/cnt/ic_74161_0/inst/q[3]_i_3/O
                         net (fo=4, routed)           0.306     1.946    design_1_i/controlor/cnt/ic_74161_0/inst/q[3]_i_3_n_0
    SLICE_X40Y104        FDCE                                         f  design_1_i/controlor/cnt/ic_74161_0/inst/q_reg[3]/CLR
  -------------------------------------------------------------------    -------------------





