
*** Running vivado
    with args -log design_1_wrapper.vdi -applog -m64 -product Vivado -messageDb vivado.pb -mode batch -source design_1_wrapper.tcl -notrace



****** Vivado v2024.2 (64-bit)
  **** SW Build 5239630 on Fri Nov 08 22:35:27 MST 2024
  **** IP Build 5239520 on Sun Nov 10 16:12:51 MST 2024
  **** SharedData Build 5239561 on Fri Nov 08 14:39:27 MST 2024
  **** Start of session at: Wed Nov 26 18:46:30 2025
    ** Copyright 1986-2022 Xilinx, Inc. All Rights Reserved.
    ** Copyright 2022-2024 Advanced Micro Devices, Inc. All Rights Reserved.

source design_1_wrapper.tcl -notrace
INFO: [IP_Flow 19-234] Refreshing IP repositories
INFO: [IP_Flow 19-1700] Loaded user IP repository 'd:/coding/computer_organization/exp2nd/ip_repo'.
INFO: [IP_Flow 19-2313] Loaded Vivado IP repository 'E:/Xilinx/Vivado/2024.2/data/ip'.
add_files: Time (s): cpu = 00:00:07 ; elapsed = 00:00:08 . Memory (MB): peak = 431.246 ; gain = 49.590
Command: link_design -top design_1_wrapper -part xc7z020clg400-1
Design is defaulting to srcset: sources_1
Design is defaulting to constrset: constrs_1
INFO: [Device 21-403] Loading part xc7z020clg400-1
INFO: [Project 1-454] Reading design checkpoint 'd:/coding/computer_organization/exp2nd/micro/project_1/project_1.gen/sources_1/bd/design_1/ip/design_1_adpt_out_12_0_0_0/design_1_adpt_out_12_0_0_0.dcp' for cell 'design_1_i/adpt_out_12_0_0'
INFO: [Project 1-454] Reading design checkpoint 'd:/coding/computer_organization/exp2nd/micro/project_1/project_1.gen/sources_1/bd/design_1/ip/design_1_adpt_out_final_0_0_0/design_1_adpt_out_final_0_0_0.dcp' for cell 'design_1_i/adpt_out_final_0_0'
INFO: [Project 1-454] Reading design checkpoint 'd:/coding/computer_organization/exp2nd/micro/project_1/project_1.gen/sources_1/bd/design_1/ip/design_1_and_gate_0_12/design_1_and_gate_0_12.dcp' for cell 'design_1_i/and_gate_0'
INFO: [Project 1-454] Reading design checkpoint 'd:/coding/computer_organization/exp2nd/micro/project_1/project_1.gen/sources_1/bd/design_1/ip/design_1_bus_mux_16_0_0/design_1_bus_mux_16_0_0.dcp' for cell 'design_1_i/bus_mux_16_0'
INFO: [Project 1-454] Reading design checkpoint 'd:/coding/computer_organization/exp2nd/micro/project_1/project_1.gen/sources_1/bd/design_1/ip/design_1_cg_fpga_0_0/design_1_cg_fpga_0_0.dcp' for cell 'design_1_i/cg_fpga_0'
INFO: [Project 1-454] Reading design checkpoint 'd:/coding/computer_organization/exp2nd/micro/project_1/project_1.gen/sources_1/bd/design_1/ip/design_1_not_gate_0_0/design_1_not_gate_0_0.dcp' for cell 'design_1_i/not_gate_0'
INFO: [Project 1-454] Reading design checkpoint 'd:/coding/computer_organization/exp2nd/micro/project_1/project_1.gen/sources_1/bd/design_1/ip/design_1_not_gate_1_1/design_1_not_gate_1_1.dcp' for cell 'design_1_i/not_gate_1'
INFO: [Project 1-454] Reading design checkpoint 'd:/coding/computer_organization/exp2nd/micro/project_1/project_1.gen/sources_1/bd/design_1/ip/design_1_or_gate_0_11/design_1_or_gate_0_11.dcp' for cell 'design_1_i/or_gate_0'
INFO: [Project 1-454] Reading design checkpoint 'd:/coding/computer_organization/exp2nd/micro/project_1/project_1.gen/sources_1/bd/design_1/ip/design_1_pc_0_0/design_1_pc_0_0.dcp' for cell 'design_1_i/pc_0'
INFO: [Project 1-454] Reading design checkpoint 'd:/coding/computer_organization/exp2nd/micro/project_1/project_1.gen/sources_1/bd/design_1/ip/design_1_ram_0_0/design_1_ram_0_0.dcp' for cell 'design_1_i/ram_0'
INFO: [Project 1-454] Reading design checkpoint 'd:/coding/computer_organization/exp2nd/micro/project_1/project_1.gen/sources_1/bd/design_1/ip/design_1_register_16bit_0_1/design_1_register_16bit_0_1.dcp' for cell 'design_1_i/register_16bit_0'
INFO: [Project 1-454] Reading design checkpoint 'd:/coding/computer_organization/exp2nd/micro/project_1/project_1.gen/sources_1/bd/design_1/ip/design_1_register_16bit_1_0/design_1_register_16bit_1_0.dcp' for cell 'design_1_i/register_16bit_1'
INFO: [Project 1-454] Reading design checkpoint 'd:/coding/computer_organization/exp2nd/micro/project_1/project_1.gen/sources_1/bd/design_1/ip/design_1_register_16bit_2_0/design_1_register_16bit_2_0.dcp' for cell 'design_1_i/register_16bit_2'
INFO: [Project 1-454] Reading design checkpoint 'd:/coding/computer_organization/exp2nd/micro/project_1/project_1.gen/sources_1/bd/design_1/ip/design_1_register_16bit_3_0/design_1_register_16bit_3_0.dcp' for cell 'design_1_i/register_16bit_3'
INFO: [Project 1-454] Reading design checkpoint 'd:/coding/computer_organization/exp2nd/micro/project_1/project_1.gen/sources_1/bd/design_1/ip/design_1_register_16bit_4_0/design_1_register_16bit_4_0.dcp' for cell 'design_1_i/register_16bit_4'
INFO: [Project 1-454] Reading design checkpoint 'd:/coding/computer_organization/exp2nd/micro/project_1/project_1.gen/sources_1/bd/design_1/ip/design_1_register_16bit_5_0/design_1_register_16bit_5_0.dcp' for cell 'design_1_i/register_16bit_5'
INFO: [Project 1-454] Reading design checkpoint 'd:/coding/computer_organization/exp2nd/micro/project_1/project_1.gen/sources_1/bd/design_1/ip/design_1_register_16bit_6_0/design_1_register_16bit_6_0.dcp' for cell 'design_1_i/register_16bit_6'
INFO: [Project 1-454] Reading design checkpoint 'd:/coding/computer_organization/exp2nd/micro/project_1/project_1.gen/sources_1/bd/design_1/ip/design_1_register_16bit_7_0/design_1_register_16bit_7_0.dcp' for cell 'design_1_i/register_16bit_7'
INFO: [Project 1-454] Reading design checkpoint 'd:/coding/computer_organization/exp2nd/micro/project_1/project_1.gen/sources_1/bd/design_1/ip/design_1_register_16bit_8_0/design_1_register_16bit_8_0.dcp' for cell 'design_1_i/register_16bit_8'
INFO: [Project 1-454] Reading design checkpoint 'd:/coding/computer_organization/exp2nd/micro/project_1/project_1.gen/sources_1/bd/design_1/ip/design_1_trans1_0_1/design_1_trans1_0_1.dcp' for cell 'design_1_i/trans1_0'
INFO: [Project 1-454] Reading design checkpoint 'd:/coding/computer_organization/exp2nd/micro/project_1/project_1.gen/sources_1/bd/design_1/ip/design_1_alu_74181_0_0/design_1_alu_74181_0_0.dcp' for cell 'design_1_i/adder/alu_74181_0'
INFO: [Project 1-454] Reading design checkpoint 'd:/coding/computer_organization/exp2nd/micro/project_1/project_1.gen/sources_1/bd/design_1/ip/design_1_alu_74181_1_0/design_1_alu_74181_1_0.dcp' for cell 'design_1_i/adder/alu_74181_1'
INFO: [Project 1-454] Reading design checkpoint 'd:/coding/computer_organization/exp2nd/micro/project_1/project_1.gen/sources_1/bd/design_1/ip/design_1_alu_74181_2_0/design_1_alu_74181_2_0.dcp' for cell 'design_1_i/adder/alu_74181_2'
INFO: [Project 1-454] Reading design checkpoint 'd:/coding/computer_organization/exp2nd/micro/project_1/project_1.gen/sources_1/bd/design_1/ip/design_1_alu_74181_3_0/design_1_alu_74181_3_0.dcp' for cell 'design_1_i/adder/alu_74181_3'
INFO: [Project 1-454] Reading design checkpoint 'd:/coding/computer_organization/exp2nd/micro/project_1/project_1.gen/sources_1/bd/design_1/ip/design_1_bus_to_group_0_0/design_1_bus_to_group_0_0.dcp' for cell 'design_1_i/adder/bus_to_group_0'
INFO: [Project 1-454] Reading design checkpoint 'd:/coding/computer_organization/exp2nd/micro/project_1/project_1.gen/sources_1/bd/design_1/ip/design_1_bus_to_group_1_0/design_1_bus_to_group_1_0.dcp' for cell 'design_1_i/adder/bus_to_group_1'
INFO: [Project 1-454] Reading design checkpoint 'd:/coding/computer_organization/exp2nd/micro/project_1/project_1.gen/sources_1/bd/design_1/ip/design_1_bus_to_single_3_0_0/design_1_bus_to_single_3_0_0.dcp' for cell 'design_1_i/adder/bus_to_single_3_0'
INFO: [Project 1-454] Reading design checkpoint 'd:/coding/computer_organization/exp2nd/micro/project_1/project_1.gen/sources_1/bd/design_1/ip/design_1_carry_lookahead_74182_0_0/design_1_carry_lookahead_74182_0_0.dcp' for cell 'design_1_i/adder/carry_lookahead_74182_0'
INFO: [Project 1-454] Reading design checkpoint 'd:/coding/computer_organization/exp2nd/micro/project_1/project_1.gen/sources_1/bd/design_1/ip/design_1_group_to_bus_0_0/design_1_group_to_bus_0_0.dcp' for cell 'design_1_i/adder/group_to_bus_0'
INFO: [Project 1-454] Reading design checkpoint 'd:/coding/computer_organization/exp2nd/micro/project_1/project_1.gen/sources_1/bd/design_1/ip/design_1_single_4_to_bus_0_0/design_1_single_4_to_bus_0_0.dcp' for cell 'design_1_i/adder/single_4_to_bus_0'
INFO: [Project 1-454] Reading design checkpoint 'd:/coding/computer_organization/exp2nd/micro/project_1/project_1.gen/sources_1/bd/design_1/ip/design_1_single_4_to_bus_1_0/design_1_single_4_to_bus_1_0.dcp' for cell 'design_1_i/adder/single_4_to_bus_1'
INFO: [Project 1-454] Reading design checkpoint 'd:/coding/computer_organization/exp2nd/micro/project_1/project_1.gen/sources_1/bd/design_1/ip/design_1_single_4_to_bus_2_0/design_1_single_4_to_bus_2_0.dcp' for cell 'design_1_i/adder/single_4_to_bus_2'
INFO: [Project 1-454] Reading design checkpoint 'd:/coding/computer_organization/exp2nd/micro/project_1/project_1.gen/sources_1/bd/design_1/ip/design_1_group_to_bus_12_0_0_0/design_1_group_to_bus_12_0_0_0.dcp' for cell 'design_1_i/controlor/group_to_bus_12_0_0'
INFO: [Project 1-454] Reading design checkpoint 'd:/coding/computer_organization/exp2nd/micro/project_1/project_1.gen/sources_1/bd/design_1/ip/design_1_group_to_bus_12_10_0_0_0/design_1_group_to_bus_12_10_0_0_0.dcp' for cell 'design_1_i/controlor/group_to_bus_12_10_0_0'
INFO: [Project 1-454] Reading design checkpoint 'd:/coding/computer_organization/exp2nd/micro/project_1/project_1.gen/sources_1/bd/design_1/ip/design_1_not_gate_2_0/design_1_not_gate_2_0.dcp' for cell 'design_1_i/controlor/not_gate_2'
INFO: [Project 1-454] Reading design checkpoint 'd:/coding/computer_organization/exp2nd/micro/project_1/project_1.gen/sources_1/bd/design_1/ip/design_1_rom_1kx23_0_0/design_1_rom_1kx23_0_0.dcp' for cell 'design_1_i/controlor/rom_1kx23_0'
INFO: [Project 1-454] Reading design checkpoint 'd:/coding/computer_organization/exp2nd/micro/project_1/project_1.gen/sources_1/bd/design_1/ip/design_1_single_23_to_bus_0_0/design_1_single_23_to_bus_0_0.dcp' for cell 'design_1_i/controlor/single_23_to_bus_0'
INFO: [Project 1-454] Reading design checkpoint 'd:/coding/computer_organization/exp2nd/micro/project_1/project_1.gen/sources_1/bd/design_1/ip/design_1_single_4_to_bus_0_1/design_1_single_4_to_bus_0_1.dcp' for cell 'design_1_i/controlor/single_4_to_bus_0'
INFO: [Project 1-454] Reading design checkpoint 'd:/coding/computer_organization/exp2nd/micro/project_1/project_1.gen/sources_1/bd/design_1/ip/design_1_single_4_to_bus_1_1/design_1_single_4_to_bus_1_1.dcp' for cell 'design_1_i/controlor/single_4_to_bus_1'
INFO: [Project 1-454] Reading design checkpoint 'd:/coding/computer_organization/exp2nd/micro/project_1/project_1.gen/sources_1/bd/design_1/ip/design_1_single_4_to_bus_2_1/design_1_single_4_to_bus_2_1.dcp' for cell 'design_1_i/controlor/single_4_to_bus_2'
INFO: [Project 1-454] Reading design checkpoint 'd:/coding/computer_organization/exp2nd/micro/project_1/project_1.gen/sources_1/bd/design_1/ip/design_1_upc_0_0/design_1_upc_0_0.dcp' for cell 'design_1_i/controlor/upc_0'
INFO: [Project 1-454] Reading design checkpoint 'd:/coding/computer_organization/exp2nd/micro/project_1/project_1.gen/sources_1/bd/design_1/ip/design_1_bus_to_group_12_0_0_0/design_1_bus_to_group_12_0_0_0.dcp' for cell 'design_1_i/controlor/cnt/bus_to_group_12_0_0'
INFO: [Project 1-454] Reading design checkpoint 'd:/coding/computer_organization/exp2nd/micro/project_1/project_1.gen/sources_1/bd/design_1/ip/design_1_ic_74161_0_0/design_1_ic_74161_0_0.dcp' for cell 'design_1_i/controlor/cnt/ic_74161_0'
INFO: [Project 1-454] Reading design checkpoint 'd:/coding/computer_organization/exp2nd/micro/project_1/project_1.gen/sources_1/bd/design_1/ip/design_1_ic_74161_1_0/design_1_ic_74161_1_0.dcp' for cell 'design_1_i/controlor/cnt/ic_74161_1'
INFO: [Project 1-454] Reading design checkpoint 'd:/coding/computer_organization/exp2nd/micro/project_1/project_1.gen/sources_1/bd/design_1/ip/design_1_ic_74161_2_0/design_1_ic_74161_2_0.dcp' for cell 'design_1_i/controlor/cnt/ic_74161_2'
INFO: [Project 1-454] Reading design checkpoint 'd:/coding/computer_organization/exp2nd/micro/project_1/project_1.gen/sources_1/bd/design_1/ip/design_1_bus_to_single_4_0_0/design_1_bus_to_single_4_0_0.dcp' for cell 'design_1_i/controlor/decode_32_0/bus_to_single_4_0'
INFO: [Project 1-454] Reading design checkpoint 'd:/coding/computer_organization/exp2nd/micro/project_1/project_1.gen/sources_1/bd/design_1/ip/design_1_decoder_2to4_0_0/design_1_decoder_2to4_0_0.dcp' for cell 'design_1_i/controlor/decode_32_0/decoder_2to4_0'
INFO: [Project 1-454] Reading design checkpoint 'd:/coding/computer_organization/exp2nd/micro/project_1/project_1.gen/sources_1/bd/design_1/ip/design_1_single_2_to_bus_0_0/design_1_single_2_to_bus_0_0.dcp' for cell 'design_1_i/controlor/decode_32_0/single_2_to_bus_0'
INFO: [Project 1-454] Reading design checkpoint 'd:/coding/computer_organization/exp2nd/micro/project_1/project_1.gen/sources_1/bd/design_1/ip/design_1_bus_to_single_4_0_1/design_1_bus_to_single_4_0_1.dcp' for cell 'design_1_i/controlor/decode_32_1/bus_to_single_4_0'
INFO: [Project 1-454] Reading design checkpoint 'd:/coding/computer_organization/exp2nd/micro/project_1/project_1.gen/sources_1/bd/design_1/ip/design_1_decoder_2to4_0_1/design_1_decoder_2to4_0_1.dcp' for cell 'design_1_i/controlor/decode_32_1/decoder_2to4_0'
INFO: [Project 1-454] Reading design checkpoint 'd:/coding/computer_organization/exp2nd/micro/project_1/project_1.gen/sources_1/bd/design_1/ip/design_1_single_2_to_bus_0_1/design_1_single_2_to_bus_0_1.dcp' for cell 'design_1_i/controlor/decode_32_1/single_2_to_bus_0'
INFO: [Project 1-454] Reading design checkpoint 'd:/coding/computer_organization/exp2nd/micro/project_1/project_1.gen/sources_1/bd/design_1/ip/design_1_bus_to_single_8_0_0/design_1_bus_to_single_8_0_0.dcp' for cell 'design_1_i/controlor/decode_38/bus_to_single_8_0'
INFO: [Project 1-454] Reading design checkpoint 'd:/coding/computer_organization/exp2nd/micro/project_1/project_1.gen/sources_1/bd/design_1/ip/design_1_decoder_3to8_0_0/design_1_decoder_3to8_0_0.dcp' for cell 'design_1_i/controlor/decode_38/decoder_3to8_0'
INFO: [Project 1-454] Reading design checkpoint 'd:/coding/computer_organization/exp2nd/micro/project_1/project_1.gen/sources_1/bd/design_1/ip/design_1_single_3_to_bus_0_0/design_1_single_3_to_bus_0_0.dcp' for cell 'design_1_i/controlor/decode_38/single_3_to_bus_0'
INFO: [Project 1-454] Reading design checkpoint 'd:/coding/computer_organization/exp2nd/micro/project_1/project_1.gen/sources_1/bd/design_1/ip/design_1_bus_to_single_8_0_1/design_1_bus_to_single_8_0_1.dcp' for cell 'design_1_i/controlor/decode_39/bus_to_single_8_0'
INFO: [Project 1-454] Reading design checkpoint 'd:/coding/computer_organization/exp2nd/micro/project_1/project_1.gen/sources_1/bd/design_1/ip/design_1_decoder_3to8_0_1/design_1_decoder_3to8_0_1.dcp' for cell 'design_1_i/controlor/decode_39/decoder_3to8_0'
INFO: [Project 1-454] Reading design checkpoint 'd:/coding/computer_organization/exp2nd/micro/project_1/project_1.gen/sources_1/bd/design_1/ip/design_1_single_3_to_bus_0_1/design_1_single_3_to_bus_0_1.dcp' for cell 'design_1_i/controlor/decode_39/single_3_to_bus_0'
INFO: [Project 1-454] Reading design checkpoint 'd:/coding/computer_organization/exp2nd/micro/project_1/project_1.gen/sources_1/bd/design_1/ip/design_1_bus_to_single_8_0_2/design_1_bus_to_single_8_0_2.dcp' for cell 'design_1_i/controlor/decode_40/bus_to_single_8_0'
INFO: [Project 1-454] Reading design checkpoint 'd:/coding/computer_organization/exp2nd/micro/project_1/project_1.gen/sources_1/bd/design_1/ip/design_1_decoder_3to8_0_2/design_1_decoder_3to8_0_2.dcp' for cell 'design_1_i/controlor/decode_40/decoder_3to8_0'
INFO: [Project 1-454] Reading design checkpoint 'd:/coding/computer_organization/exp2nd/micro/project_1/project_1.gen/sources_1/bd/design_1/ip/design_1_single_3_to_bus_0_2/design_1_single_3_to_bus_0_2.dcp' for cell 'design_1_i/controlor/decode_40/single_3_to_bus_0'
INFO: [Project 1-454] Reading design checkpoint 'd:/coding/computer_organization/exp2nd/micro/project_1/project_1.gen/sources_1/bd/design_1/ip/design_1_and_gate_0_0/design_1_and_gate_0_0.dcp' for cell 'design_1_i/controlor/uir_slct/slct/and_gate_0'
INFO: [Project 1-454] Reading design checkpoint 'd:/coding/computer_organization/exp2nd/micro/project_1/project_1.gen/sources_1/bd/design_1/ip/design_1_and_gate_1_0/design_1_and_gate_1_0.dcp' for cell 'design_1_i/controlor/uir_slct/slct/and_gate_1'
INFO: [Project 1-454] Reading design checkpoint 'd:/coding/computer_organization/exp2nd/micro/project_1/project_1.gen/sources_1/bd/design_1/ip/design_1_and_gate_2_0/design_1_and_gate_2_0.dcp' for cell 'design_1_i/controlor/uir_slct/slct/and_gate_2'
INFO: [Project 1-454] Reading design checkpoint 'd:/coding/computer_organization/exp2nd/micro/project_1/project_1.gen/sources_1/bd/design_1/ip/design_1_or_gate_0_0/design_1_or_gate_0_0.dcp' for cell 'design_1_i/controlor/uir_slct/slct/or_gate_0'
INFO: [Project 1-454] Reading design checkpoint 'd:/coding/computer_organization/exp2nd/micro/project_1/project_1.gen/sources_1/bd/design_1/ip/design_1_or_gate_1_0/design_1_or_gate_1_0.dcp' for cell 'design_1_i/controlor/uir_slct/slct/or_gate_1'
INFO: [Project 1-454] Reading design checkpoint 'd:/coding/computer_organization/exp2nd/micro/project_1/project_1.gen/sources_1/bd/design_1/ip/design_1_and_gate_0_1/design_1_and_gate_0_1.dcp' for cell 'design_1_i/controlor/uir_slct/slct1/and_gate_0'
INFO: [Project 1-454] Reading design checkpoint 'd:/coding/computer_organization/exp2nd/micro/project_1/project_1.gen/sources_1/bd/design_1/ip/design_1_and_gate_1_1/design_1_and_gate_1_1.dcp' for cell 'design_1_i/controlor/uir_slct/slct1/and_gate_1'
INFO: [Project 1-454] Reading design checkpoint 'd:/coding/computer_organization/exp2nd/micro/project_1/project_1.gen/sources_1/bd/design_1/ip/design_1_and_gate_2_1/design_1_and_gate_2_1.dcp' for cell 'design_1_i/controlor/uir_slct/slct1/and_gate_2'
INFO: [Project 1-454] Reading design checkpoint 'd:/coding/computer_organization/exp2nd/micro/project_1/project_1.gen/sources_1/bd/design_1/ip/design_1_or_gate_0_1/design_1_or_gate_0_1.dcp' for cell 'design_1_i/controlor/uir_slct/slct1/or_gate_0'
INFO: [Project 1-454] Reading design checkpoint 'd:/coding/computer_organization/exp2nd/micro/project_1/project_1.gen/sources_1/bd/design_1/ip/design_1_or_gate_1_1/design_1_or_gate_1_1.dcp' for cell 'design_1_i/controlor/uir_slct/slct1/or_gate_1'
INFO: [Project 1-454] Reading design checkpoint 'd:/coding/computer_organization/exp2nd/micro/project_1/project_1.gen/sources_1/bd/design_1/ip/design_1_and_gate_0_2/design_1_and_gate_0_2.dcp' for cell 'design_1_i/controlor/uir_slct/slct2/and_gate_0'
INFO: [Project 1-454] Reading design checkpoint 'd:/coding/computer_organization/exp2nd/micro/project_1/project_1.gen/sources_1/bd/design_1/ip/design_1_and_gate_1_2/design_1_and_gate_1_2.dcp' for cell 'design_1_i/controlor/uir_slct/slct2/and_gate_1'
INFO: [Project 1-454] Reading design checkpoint 'd:/coding/computer_organization/exp2nd/micro/project_1/project_1.gen/sources_1/bd/design_1/ip/design_1_and_gate_2_2/design_1_and_gate_2_2.dcp' for cell 'design_1_i/controlor/uir_slct/slct2/and_gate_2'
INFO: [Project 1-454] Reading design checkpoint 'd:/coding/computer_organization/exp2nd/micro/project_1/project_1.gen/sources_1/bd/design_1/ip/design_1_or_gate_0_2/design_1_or_gate_0_2.dcp' for cell 'design_1_i/controlor/uir_slct/slct2/or_gate_0'
INFO: [Project 1-454] Reading design checkpoint 'd:/coding/computer_organization/exp2nd/micro/project_1/project_1.gen/sources_1/bd/design_1/ip/design_1_or_gate_1_2/design_1_or_gate_1_2.dcp' for cell 'design_1_i/controlor/uir_slct/slct2/or_gate_1'
INFO: [Project 1-454] Reading design checkpoint 'd:/coding/computer_organization/exp2nd/micro/project_1/project_1.gen/sources_1/bd/design_1/ip/design_1_and_gate_0_3/design_1_and_gate_0_3.dcp' for cell 'design_1_i/controlor/uir_slct/slct3/and_gate_0'
INFO: [Project 1-454] Reading design checkpoint 'd:/coding/computer_organization/exp2nd/micro/project_1/project_1.gen/sources_1/bd/design_1/ip/design_1_and_gate_1_3/design_1_and_gate_1_3.dcp' for cell 'design_1_i/controlor/uir_slct/slct3/and_gate_1'
INFO: [Project 1-454] Reading design checkpoint 'd:/coding/computer_organization/exp2nd/micro/project_1/project_1.gen/sources_1/bd/design_1/ip/design_1_and_gate_2_3/design_1_and_gate_2_3.dcp' for cell 'design_1_i/controlor/uir_slct/slct3/and_gate_2'
INFO: [Project 1-454] Reading design checkpoint 'd:/coding/computer_organization/exp2nd/micro/project_1/project_1.gen/sources_1/bd/design_1/ip/design_1_or_gate_0_3/design_1_or_gate_0_3.dcp' for cell 'design_1_i/controlor/uir_slct/slct3/or_gate_0'
INFO: [Project 1-454] Reading design checkpoint 'd:/coding/computer_organization/exp2nd/micro/project_1/project_1.gen/sources_1/bd/design_1/ip/design_1_or_gate_1_3/design_1_or_gate_1_3.dcp' for cell 'design_1_i/controlor/uir_slct/slct3/or_gate_1'
INFO: [Project 1-454] Reading design checkpoint 'd:/coding/computer_organization/exp2nd/micro/project_1/project_1.gen/sources_1/bd/design_1/ip/design_1_and_gate_0_4/design_1_and_gate_0_4.dcp' for cell 'design_1_i/controlor/uir_slct/slct4/and_gate_0'
INFO: [Project 1-454] Reading design checkpoint 'd:/coding/computer_organization/exp2nd/micro/project_1/project_1.gen/sources_1/bd/design_1/ip/design_1_and_gate_1_4/design_1_and_gate_1_4.dcp' for cell 'design_1_i/controlor/uir_slct/slct4/and_gate_1'
INFO: [Project 1-454] Reading design checkpoint 'd:/coding/computer_organization/exp2nd/micro/project_1/project_1.gen/sources_1/bd/design_1/ip/design_1_and_gate_2_4/design_1_and_gate_2_4.dcp' for cell 'design_1_i/controlor/uir_slct/slct4/and_gate_2'
INFO: [Project 1-454] Reading design checkpoint 'd:/coding/computer_organization/exp2nd/micro/project_1/project_1.gen/sources_1/bd/design_1/ip/design_1_or_gate_0_4/design_1_or_gate_0_4.dcp' for cell 'design_1_i/controlor/uir_slct/slct4/or_gate_0'
INFO: [Project 1-454] Reading design checkpoint 'd:/coding/computer_organization/exp2nd/micro/project_1/project_1.gen/sources_1/bd/design_1/ip/design_1_or_gate_1_4/design_1_or_gate_1_4.dcp' for cell 'design_1_i/controlor/uir_slct/slct4/or_gate_1'
INFO: [Project 1-454] Reading design checkpoint 'd:/coding/computer_organization/exp2nd/micro/project_1/project_1.gen/sources_1/bd/design_1/ip/design_1_and_gate_0_5/design_1_and_gate_0_5.dcp' for cell 'design_1_i/controlor/uir_slct/slct5/and_gate_0'
INFO: [Project 1-454] Reading design checkpoint 'd:/coding/computer_organization/exp2nd/micro/project_1/project_1.gen/sources_1/bd/design_1/ip/design_1_and_gate_1_5/design_1_and_gate_1_5.dcp' for cell 'design_1_i/controlor/uir_slct/slct5/and_gate_1'
INFO: [Project 1-454] Reading design checkpoint 'd:/coding/computer_organization/exp2nd/micro/project_1/project_1.gen/sources_1/bd/design_1/ip/design_1_and_gate_2_5/design_1_and_gate_2_5.dcp' for cell 'design_1_i/controlor/uir_slct/slct5/and_gate_2'
INFO: [Project 1-454] Reading design checkpoint 'd:/coding/computer_organization/exp2nd/micro/project_1/project_1.gen/sources_1/bd/design_1/ip/design_1_or_gate_0_5/design_1_or_gate_0_5.dcp' for cell 'design_1_i/controlor/uir_slct/slct5/or_gate_0'
INFO: [Project 1-454] Reading design checkpoint 'd:/coding/computer_organization/exp2nd/micro/project_1/project_1.gen/sources_1/bd/design_1/ip/design_1_or_gate_1_5/design_1_or_gate_1_5.dcp' for cell 'design_1_i/controlor/uir_slct/slct5/or_gate_1'
INFO: [Project 1-454] Reading design checkpoint 'd:/coding/computer_organization/exp2nd/micro/project_1/project_1.gen/sources_1/bd/design_1/ip/design_1_and_gate_0_6/design_1_and_gate_0_6.dcp' for cell 'design_1_i/controlor/uir_slct/slct6/and_gate_0'
INFO: [Project 1-454] Reading design checkpoint 'd:/coding/computer_organization/exp2nd/micro/project_1/project_1.gen/sources_1/bd/design_1/ip/design_1_and_gate_1_6/design_1_and_gate_1_6.dcp' for cell 'design_1_i/controlor/uir_slct/slct6/and_gate_1'
INFO: [Project 1-454] Reading design checkpoint 'd:/coding/computer_organization/exp2nd/micro/project_1/project_1.gen/sources_1/bd/design_1/ip/design_1_and_gate_2_6/design_1_and_gate_2_6.dcp' for cell 'design_1_i/controlor/uir_slct/slct6/and_gate_2'
INFO: [Project 1-454] Reading design checkpoint 'd:/coding/computer_organization/exp2nd/micro/project_1/project_1.gen/sources_1/bd/design_1/ip/design_1_or_gate_0_6/design_1_or_gate_0_6.dcp' for cell 'design_1_i/controlor/uir_slct/slct6/or_gate_0'
INFO: [Project 1-454] Reading design checkpoint 'd:/coding/computer_organization/exp2nd/micro/project_1/project_1.gen/sources_1/bd/design_1/ip/design_1_or_gate_1_6/design_1_or_gate_1_6.dcp' for cell 'design_1_i/controlor/uir_slct/slct6/or_gate_1'
INFO: [Project 1-454] Reading design checkpoint 'd:/coding/computer_organization/exp2nd/micro/project_1/project_1.gen/sources_1/bd/design_1/ip/design_1_and_gate_0_7/design_1_and_gate_0_7.dcp' for cell 'design_1_i/controlor/uir_slct/slct7/and_gate_0'
INFO: [Project 1-454] Reading design checkpoint 'd:/coding/computer_organization/exp2nd/micro/project_1/project_1.gen/sources_1/bd/design_1/ip/design_1_and_gate_1_7/design_1_and_gate_1_7.dcp' for cell 'design_1_i/controlor/uir_slct/slct7/and_gate_1'
INFO: [Project 1-454] Reading design checkpoint 'd:/coding/computer_organization/exp2nd/micro/project_1/project_1.gen/sources_1/bd/design_1/ip/design_1_and_gate_2_7/design_1_and_gate_2_7.dcp' for cell 'design_1_i/controlor/uir_slct/slct7/and_gate_2'
INFO: [Project 1-454] Reading design checkpoint 'd:/coding/computer_organization/exp2nd/micro/project_1/project_1.gen/sources_1/bd/design_1/ip/design_1_or_gate_0_7/design_1_or_gate_0_7.dcp' for cell 'design_1_i/controlor/uir_slct/slct7/or_gate_0'
INFO: [Project 1-454] Reading design checkpoint 'd:/coding/computer_organization/exp2nd/micro/project_1/project_1.gen/sources_1/bd/design_1/ip/design_1_or_gate_1_7/design_1_or_gate_1_7.dcp' for cell 'design_1_i/controlor/uir_slct/slct7/or_gate_1'
INFO: [Common 17-14] Message 'Project 1-454' appears 100 times and further instances of the messages will be disabled. Use the Tcl command set_msg_config to change the current settings.
Netlist sorting complete. Time (s): cpu = 00:00:01 ; elapsed = 00:00:00.491 . Memory (MB): peak = 763.695 ; gain = 0.000
INFO: [Netlist 29-17] Analyzing 219 Unisim elements for replacement
INFO: [Netlist 29-28] Unisim Transformation completed in 0 CPU seconds
INFO: [Project 1-479] Netlist was created with Vivado 2024.2
INFO: [Project 1-570] Preparing netlist for logic optimization
Parsing XDC File [d:/coding/computer_organization/exp2nd/micro/project_1/project_1.gen/sources_1/bd/design_1/ip/design_1_cg_fpga_0_0/src/cg_fpga_processing_system7_0_0/cg_fpga_processing_system7_0_0.xdc] for cell 'design_1_i/cg_fpga_0/inst/processing_system7_0/inst'
CRITICAL WARNING: [Netlist 29-160] Cannot set property 'iostandard', because the property does not exist for objects of type 'pin'. [d:/coding/computer_organization/exp2nd/micro/project_1/project_1.gen/sources_1/bd/design_1/ip/design_1_cg_fpga_0_0/src/cg_fpga_processing_system7_0_0/cg_fpga_processing_system7_0_0.xdc:30]
Resolution: Modify the set_property command to apply the property on the correct object type. Since the property is being applied as a scoped constraint, ensure the proper connectivity of the object port objects can be translated into pin objects. This could be due to the insertion of IO Buffers between the top level terminal and cell pin. If the goal is to apply constraints that will migrate to top level ports it is required that IO Buffers manually be instanced.
CRITICAL WARNING: [Netlist 29-160] Cannot set property 'PACKAGE_PIN', because the property does not exist for objects of type 'pin'. [d:/coding/computer_organization/exp2nd/micro/project_1/project_1.gen/sources_1/bd/design_1/ip/design_1_cg_fpga_0_0/src/cg_fpga_processing_system7_0_0/cg_fpga_processing_system7_0_0.xdc:31]
Resolution: Modify the set_property command to apply the property on the correct object type. Since the property is being applied as a scoped constraint, ensure the proper connectivity of the object port objects can be translated into pin objects. This could be due to the insertion of IO Buffers between the top level terminal and cell pin. If the goal is to apply constraints that will migrate to top level ports it is required that IO Buffers manually be instanced.
CRITICAL WARNING: [Netlist 29-160] Cannot set property 'slew', because the property does not exist for objects of type 'pin'. [d:/coding/computer_organization/exp2nd/micro/project_1/project_1.gen/sources_1/bd/design_1/ip/design_1_cg_fpga_0_0/src/cg_fpga_processing_system7_0_0/cg_fpga_processing_system7_0_0.xdc:32]
Resolution: Modify the set_property command to apply the property on the correct object type. Since the property is being applied as a scoped constraint, ensure the proper connectivity of the object port objects can be translated into pin objects. This could be due to the insertion of IO Buffers between the top level terminal and cell pin. If the goal is to apply constraints that will migrate to top level ports it is required that IO Buffers manually be instanced.
CRITICAL WARNING: [Netlist 29-160] Cannot set property 'drive', because the property does not exist for objects of type 'pin'. [d:/coding/computer_organization/exp2nd/micro/project_1/project_1.gen/sources_1/bd/design_1/ip/design_1_cg_fpga_0_0/src/cg_fpga_processing_system7_0_0/cg_fpga_processing_system7_0_0.xdc:33]
Resolution: Modify the set_property command to apply the property on the correct object type. Since the property is being applied as a scoped constraint, ensure the proper connectivity of the object port objects can be translated into pin objects. This could be due to the insertion of IO Buffers between the top level terminal and cell pin. If the goal is to apply constraints that will migrate to top level ports it is required that IO Buffers manually be instanced.
CRITICAL WARNING: [Netlist 29-160] Cannot set property 'pullup', because the property does not exist for objects of type 'pin'. [d:/coding/computer_organization/exp2nd/micro/project_1/project_1.gen/sources_1/bd/design_1/ip/design_1_cg_fpga_0_0/src/cg_fpga_processing_system7_0_0/cg_fpga_processing_system7_0_0.xdc:34]
Resolution: Modify the set_property command to apply the property on the correct object type. Since the property is being applied as a scoped constraint, ensure the proper connectivity of the object port objects can be translated into pin objects. This could be due to the insertion of IO Buffers between the top level terminal and cell pin. If the goal is to apply constraints that will migrate to top level ports it is required that IO Buffers manually be instanced.
CRITICAL WARNING: [Netlist 29-160] Cannot set property 'PIO_DIRECTION', because the property does not exist for objects of type 'pin'. [d:/coding/computer_organization/exp2nd/micro/project_1/project_1.gen/sources_1/bd/design_1/ip/design_1_cg_fpga_0_0/src/cg_fpga_processing_system7_0_0/cg_fpga_processing_system7_0_0.xdc:35]
Resolution: Modify the set_property command to apply the property on the correct object type. Since the property is being applied as a scoped constraint, ensure the proper connectivity of the object port objects can be translated into pin objects. This could be due to the insertion of IO Buffers between the top level terminal and cell pin. If the goal is to apply constraints that will migrate to top level ports it is required that IO Buffers manually be instanced.
CRITICAL WARNING: [Netlist 29-160] Cannot set property 'iostandard', because the property does not exist for objects of type 'pin'. [d:/coding/computer_organization/exp2nd/micro/project_1/project_1.gen/sources_1/bd/design_1/ip/design_1_cg_fpga_0_0/src/cg_fpga_processing_system7_0_0/cg_fpga_processing_system7_0_0.xdc:37]
Resolution: Modify the set_property command to apply the property on the correct object type. Since the property is being applied as a scoped constraint, ensure the proper connectivity of the object port objects can be translated into pin objects. This could be due to the insertion of IO Buffers between the top level terminal and cell pin. If the goal is to apply constraints that will migrate to top level ports it is required that IO Buffers manually be instanced.
CRITICAL WARNING: [Netlist 29-160] Cannot set property 'PACKAGE_PIN', because the property does not exist for objects of type 'pin'. [d:/coding/computer_organization/exp2nd/micro/project_1/project_1.gen/sources_1/bd/design_1/ip/design_1_cg_fpga_0_0/src/cg_fpga_processing_system7_0_0/cg_fpga_processing_system7_0_0.xdc:38]
Resolution: Modify the set_property command to apply the property on the correct object type. Since the property is being applied as a scoped constraint, ensure the proper connectivity of the object port objects can be translated into pin objects. This could be due to the insertion of IO Buffers between the top level terminal and cell pin. If the goal is to apply constraints that will migrate to top level ports it is required that IO Buffers manually be instanced.
CRITICAL WARNING: [Netlist 29-160] Cannot set property 'slew', because the property does not exist for objects of type 'pin'. [d:/coding/computer_organization/exp2nd/micro/project_1/project_1.gen/sources_1/bd/design_1/ip/design_1_cg_fpga_0_0/src/cg_fpga_processing_system7_0_0/cg_fpga_processing_system7_0_0.xdc:39]
Resolution: Modify the set_property command to apply the property on the correct object type. Since the property is being applied as a scoped constraint, ensure the proper connectivity of the object port objects can be translated into pin objects. This could be due to the insertion of IO Buffers between the top level terminal and cell pin. If the goal is to apply constraints that will migrate to top level ports it is required that IO Buffers manually be instanced.
CRITICAL WARNING: [Netlist 29-160] Cannot set property 'drive', because the property does not exist for objects of type 'pin'. [d:/coding/computer_organization/exp2nd/micro/project_1/project_1.gen/sources_1/bd/design_1/ip/design_1_cg_fpga_0_0/src/cg_fpga_processing_system7_0_0/cg_fpga_processing_system7_0_0.xdc:40]
Resolution: Modify the set_property command to apply the property on the correct object type. Since the property is being applied as a scoped constraint, ensure the proper connectivity of the object port objects can be translated into pin objects. This could be due to the insertion of IO Buffers between the top level terminal and cell pin. If the goal is to apply constraints that will migrate to top level ports it is required that IO Buffers manually be instanced.
CRITICAL WARNING: [Netlist 29-160] Cannot set property 'pullup', because the property does not exist for objects of type 'pin'. [d:/coding/computer_organization/exp2nd/micro/project_1/project_1.gen/sources_1/bd/design_1/ip/design_1_cg_fpga_0_0/src/cg_fpga_processing_system7_0_0/cg_fpga_processing_system7_0_0.xdc:41]
Resolution: Modify the set_property command to apply the property on the correct object type. Since the property is being applied as a scoped constraint, ensure the proper connectivity of the object port objects can be translated into pin objects. This could be due to the insertion of IO Buffers between the top level terminal and cell pin. If the goal is to apply constraints that will migrate to top level ports it is required that IO Buffers manually be instanced.
CRITICAL WARNING: [Netlist 29-160] Cannot set property 'PIO_DIRECTION', because the property does not exist for objects of type 'pin'. [d:/coding/computer_organization/exp2nd/micro/project_1/project_1.gen/sources_1/bd/design_1/ip/design_1_cg_fpga_0_0/src/cg_fpga_processing_system7_0_0/cg_fpga_processing_system7_0_0.xdc:42]
Resolution: Modify the set_property command to apply the property on the correct object type. Since the property is being applied as a scoped constraint, ensure the proper connectivity of the object port objects can be translated into pin objects. This could be due to the insertion of IO Buffers between the top level terminal and cell pin. If the goal is to apply constraints that will migrate to top level ports it is required that IO Buffers manually be instanced.
CRITICAL WARNING: [Netlist 29-160] Cannot set property 'iostandard', because the property does not exist for objects of type 'pin'. [d:/coding/computer_organization/exp2nd/micro/project_1/project_1.gen/sources_1/bd/design_1/ip/design_1_cg_fpga_0_0/src/cg_fpga_processing_system7_0_0/cg_fpga_processing_system7_0_0.xdc:44]
Resolution: Modify the set_property command to apply the property on the correct object type. Since the property is being applied as a scoped constraint, ensure the proper connectivity of the object port objects can be translated into pin objects. This could be due to the insertion of IO Buffers between the top level terminal and cell pin. If the goal is to apply constraints that will migrate to top level ports it is required that IO Buffers manually be instanced.
CRITICAL WARNING: [Netlist 29-160] Cannot set property 'PACKAGE_PIN', because the property does not exist for objects of type 'pin'. [d:/coding/computer_organization/exp2nd/micro/project_1/project_1.gen/sources_1/bd/design_1/ip/design_1_cg_fpga_0_0/src/cg_fpga_processing_system7_0_0/cg_fpga_processing_system7_0_0.xdc:45]
Resolution: Modify the set_property command to apply the property on the correct object type. Since the property is being applied as a scoped constraint, ensure the proper connectivity of the object port objects can be translated into pin objects. This could be due to the insertion of IO Buffers between the top level terminal and cell pin. If the goal is to apply constraints that will migrate to top level ports it is required that IO Buffers manually be instanced.
CRITICAL WARNING: [Netlist 29-160] Cannot set property 'slew', because the property does not exist for objects of type 'pin'. [d:/coding/computer_organization/exp2nd/micro/project_1/project_1.gen/sources_1/bd/design_1/ip/design_1_cg_fpga_0_0/src/cg_fpga_processing_system7_0_0/cg_fpga_processing_system7_0_0.xdc:46]
Resolution: Modify the set_property command to apply the property on the correct object type. Since the property is being applied as a scoped constraint, ensure the proper connectivity of the object port objects can be translated into pin objects. This could be due to the insertion of IO Buffers between the top level terminal and cell pin. If the goal is to apply constraints that will migrate to top level ports it is required that IO Buffers manually be instanced.
CRITICAL WARNING: [Netlist 29-160] Cannot set property 'drive', because the property does not exist for objects of type 'pin'. [d:/coding/computer_organization/exp2nd/micro/project_1/project_1.gen/sources_1/bd/design_1/ip/design_1_cg_fpga_0_0/src/cg_fpga_processing_system7_0_0/cg_fpga_processing_system7_0_0.xdc:47]
Resolution: Modify the set_property command to apply the property on the correct object type. Since the property is being applied as a scoped constraint, ensure the proper connectivity of the object port objects can be translated into pin objects. This could be due to the insertion of IO Buffers between the top level terminal and cell pin. If the goal is to apply constraints that will migrate to top level ports it is required that IO Buffers manually be instanced.
CRITICAL WARNING: [Netlist 29-160] Cannot set property 'pullup', because the property does not exist for objects of type 'pin'. [d:/coding/computer_organization/exp2nd/micro/project_1/project_1.gen/sources_1/bd/design_1/ip/design_1_cg_fpga_0_0/src/cg_fpga_processing_system7_0_0/cg_fpga_processing_system7_0_0.xdc:48]
Resolution: Modify the set_property command to apply the property on the correct object type. Since the property is being applied as a scoped constraint, ensure the proper connectivity of the object port objects can be translated into pin objects. This could be due to the insertion of IO Buffers between the top level terminal and cell pin. If the goal is to apply constraints that will migrate to top level ports it is required that IO Buffers manually be instanced.
CRITICAL WARNING: [Netlist 29-160] Cannot set property 'PIO_DIRECTION', because the property does not exist for objects of type 'pin'. [d:/coding/computer_organization/exp2nd/micro/project_1/project_1.gen/sources_1/bd/design_1/ip/design_1_cg_fpga_0_0/src/cg_fpga_processing_system7_0_0/cg_fpga_processing_system7_0_0.xdc:49]
Resolution: Modify the set_property command to apply the property on the correct object type. Since the property is being applied as a scoped constraint, ensure the proper connectivity of the object port objects can be translated into pin objects. This could be due to the insertion of IO Buffers between the top level terminal and cell pin. If the goal is to apply constraints that will migrate to top level ports it is required that IO Buffers manually be instanced.
CRITICAL WARNING: [Netlist 29-160] Cannot set property 'iostandard', because the property does not exist for objects of type 'pin'. [d:/coding/computer_organization/exp2nd/micro/project_1/project_1.gen/sources_1/bd/design_1/ip/design_1_cg_fpga_0_0/src/cg_fpga_processing_system7_0_0/cg_fpga_processing_system7_0_0.xdc:51]
Resolution: Modify the set_property command to apply the property on the correct object type. Since the property is being applied as a scoped constraint, ensure the proper connectivity of the object port objects can be translated into pin objects. This could be due to the insertion of IO Buffers between the top level terminal and cell pin. If the goal is to apply constraints that will migrate to top level ports it is required that IO Buffers manually be instanced.
CRITICAL WARNING: [Netlist 29-160] Cannot set property 'PACKAGE_PIN', because the property does not exist for objects of type 'pin'. [d:/coding/computer_organization/exp2nd/micro/project_1/project_1.gen/sources_1/bd/design_1/ip/design_1_cg_fpga_0_0/src/cg_fpga_processing_system7_0_0/cg_fpga_processing_system7_0_0.xdc:52]
Resolution: Modify the set_property command to apply the property on the correct object type. Since the property is being applied as a scoped constraint, ensure the proper connectivity of the object port objects can be translated into pin objects. This could be due to the insertion of IO Buffers between the top level terminal and cell pin. If the goal is to apply constraints that will migrate to top level ports it is required that IO Buffers manually be instanced.
CRITICAL WARNING: [Netlist 29-160] Cannot set property 'slew', because the property does not exist for objects of type 'pin'. [d:/coding/computer_organization/exp2nd/micro/project_1/project_1.gen/sources_1/bd/design_1/ip/design_1_cg_fpga_0_0/src/cg_fpga_processing_system7_0_0/cg_fpga_processing_system7_0_0.xdc:53]
Resolution: Modify the set_property command to apply the property on the correct object type. Since the property is being applied as a scoped constraint, ensure the proper connectivity of the object port objects can be translated into pin objects. This could be due to the insertion of IO Buffers between the top level terminal and cell pin. If the goal is to apply constraints that will migrate to top level ports it is required that IO Buffers manually be instanced.
CRITICAL WARNING: [Netlist 29-160] Cannot set property 'drive', because the property does not exist for objects of type 'pin'. [d:/coding/computer_organization/exp2nd/micro/project_1/project_1.gen/sources_1/bd/design_1/ip/design_1_cg_fpga_0_0/src/cg_fpga_processing_system7_0_0/cg_fpga_processing_system7_0_0.xdc:54]
Resolution: Modify the set_property command to apply the property on the correct object type. Since the property is being applied as a scoped constraint, ensure the proper connectivity of the object port objects can be translated into pin objects. This could be due to the insertion of IO Buffers between the top level terminal and cell pin. If the goal is to apply constraints that will migrate to top level ports it is required that IO Buffers manually be instanced.
CRITICAL WARNING: [Netlist 29-160] Cannot set property 'pullup', because the property does not exist for objects of type 'pin'. [d:/coding/computer_organization/exp2nd/micro/project_1/project_1.gen/sources_1/bd/design_1/ip/design_1_cg_fpga_0_0/src/cg_fpga_processing_system7_0_0/cg_fpga_processing_system7_0_0.xdc:55]
Resolution: Modify the set_property command to apply the property on the correct object type. Since the property is being applied as a scoped constraint, ensure the proper connectivity of the object port objects can be translated into pin objects. This could be due to the insertion of IO Buffers between the top level terminal and cell pin. If the goal is to apply constraints that will migrate to top level ports it is required that IO Buffers manually be instanced.
CRITICAL WARNING: [Netlist 29-160] Cannot set property 'PIO_DIRECTION', because the property does not exist for objects of type 'pin'. [d:/coding/computer_organization/exp2nd/micro/project_1/project_1.gen/sources_1/bd/design_1/ip/design_1_cg_fpga_0_0/src/cg_fpga_processing_system7_0_0/cg_fpga_processing_system7_0_0.xdc:56]
Resolution: Modify the set_property command to apply the property on the correct object type. Since the property is being applied as a scoped constraint, ensure the proper connectivity of the object port objects can be translated into pin objects. This could be due to the insertion of IO Buffers between the top level terminal and cell pin. If the goal is to apply constraints that will migrate to top level ports it is required that IO Buffers manually be instanced.
CRITICAL WARNING: [Netlist 29-160] Cannot set property 'iostandard', because the property does not exist for objects of type 'pin'. [d:/coding/computer_organization/exp2nd/micro/project_1/project_1.gen/sources_1/bd/design_1/ip/design_1_cg_fpga_0_0/src/cg_fpga_processing_system7_0_0/cg_fpga_processing_system7_0_0.xdc:58]
Resolution: Modify the set_property command to apply the property on the correct object type. Since the property is being applied as a scoped constraint, ensure the proper connectivity of the object port objects can be translated into pin objects. This could be due to the insertion of IO Buffers between the top level terminal and cell pin. If the goal is to apply constraints that will migrate to top level ports it is required that IO Buffers manually be instanced.
CRITICAL WARNING: [Netlist 29-160] Cannot set property 'PACKAGE_PIN', because the property does not exist for objects of type 'pin'. [d:/coding/computer_organization/exp2nd/micro/project_1/project_1.gen/sources_1/bd/design_1/ip/design_1_cg_fpga_0_0/src/cg_fpga_processing_system7_0_0/cg_fpga_processing_system7_0_0.xdc:59]
Resolution: Modify the set_property command to apply the property on the correct object type. Since the property is being applied as a scoped constraint, ensure the proper connectivity of the object port objects can be translated into pin objects. This could be due to the insertion of IO Buffers between the top level terminal and cell pin. If the goal is to apply constraints that will migrate to top level ports it is required that IO Buffers manually be instanced.
CRITICAL WARNING: [Netlist 29-160] Cannot set property 'slew', because the property does not exist for objects of type 'pin'. [d:/coding/computer_organization/exp2nd/micro/project_1/project_1.gen/sources_1/bd/design_1/ip/design_1_cg_fpga_0_0/src/cg_fpga_processing_system7_0_0/cg_fpga_processing_system7_0_0.xdc:60]
Resolution: Modify the set_property command to apply the property on the correct object type. Since the property is being applied as a scoped constraint, ensure the proper connectivity of the object port objects can be translated into pin objects. This could be due to the insertion of IO Buffers between the top level terminal and cell pin. If the goal is to apply constraints that will migrate to top level ports it is required that IO Buffers manually be instanced.
CRITICAL WARNING: [Netlist 29-160] Cannot set property 'drive', because the property does not exist for objects of type 'pin'. [d:/coding/computer_organization/exp2nd/micro/project_1/project_1.gen/sources_1/bd/design_1/ip/design_1_cg_fpga_0_0/src/cg_fpga_processing_system7_0_0/cg_fpga_processing_system7_0_0.xdc:61]
Resolution: Modify the set_property command to apply the property on the correct object type. Since the property is being applied as a scoped constraint, ensure the proper connectivity of the object port objects can be translated into pin objects. This could be due to the insertion of IO Buffers between the top level terminal and cell pin. If the goal is to apply constraints that will migrate to top level ports it is required that IO Buffers manually be instanced.
CRITICAL WARNING: [Netlist 29-160] Cannot set property 'pullup', because the property does not exist for objects of type 'pin'. [d:/coding/computer_organization/exp2nd/micro/project_1/project_1.gen/sources_1/bd/design_1/ip/design_1_cg_fpga_0_0/src/cg_fpga_processing_system7_0_0/cg_fpga_processing_system7_0_0.xdc:62]
Resolution: Modify the set_property command to apply the property on the correct object type. Since the property is being applied as a scoped constraint, ensure the proper connectivity of the object port objects can be translated into pin objects. This could be due to the insertion of IO Buffers between the top level terminal and cell pin. If the goal is to apply constraints that will migrate to top level ports it is required that IO Buffers manually be instanced.
CRITICAL WARNING: [Netlist 29-160] Cannot set property 'PIO_DIRECTION', because the property does not exist for objects of type 'pin'. [d:/coding/computer_organization/exp2nd/micro/project_1/project_1.gen/sources_1/bd/design_1/ip/design_1_cg_fpga_0_0/src/cg_fpga_processing_system7_0_0/cg_fpga_processing_system7_0_0.xdc:63]
Resolution: Modify the set_property command to apply the property on the correct object type. Since the property is being applied as a scoped constraint, ensure the proper connectivity of the object port objects can be translated into pin objects. This could be due to the insertion of IO Buffers between the top level terminal and cell pin. If the goal is to apply constraints that will migrate to top level ports it is required that IO Buffers manually be instanced.
CRITICAL WARNING: [Netlist 29-160] Cannot set property 'iostandard', because the property does not exist for objects of type 'pin'. [d:/coding/computer_organization/exp2nd/micro/project_1/project_1.gen/sources_1/bd/design_1/ip/design_1_cg_fpga_0_0/src/cg_fpga_processing_system7_0_0/cg_fpga_processing_system7_0_0.xdc:65]
Resolution: Modify the set_property command to apply the property on the correct object type. Since the property is being applied as a scoped constraint, ensure the proper connectivity of the object port objects can be translated into pin objects. This could be due to the insertion of IO Buffers between the top level terminal and cell pin. If the goal is to apply constraints that will migrate to top level ports it is required that IO Buffers manually be instanced.
CRITICAL WARNING: [Netlist 29-160] Cannot set property 'PACKAGE_PIN', because the property does not exist for objects of type 'pin'. [d:/coding/computer_organization/exp2nd/micro/project_1/project_1.gen/sources_1/bd/design_1/ip/design_1_cg_fpga_0_0/src/cg_fpga_processing_system7_0_0/cg_fpga_processing_system7_0_0.xdc:66]
Resolution: Modify the set_property command to apply the property on the correct object type. Since the property is being applied as a scoped constraint, ensure the proper connectivity of the object port objects can be translated into pin objects. This could be due to the insertion of IO Buffers between the top level terminal and cell pin. If the goal is to apply constraints that will migrate to top level ports it is required that IO Buffers manually be instanced.
CRITICAL WARNING: [Netlist 29-160] Cannot set property 'slew', because the property does not exist for objects of type 'pin'. [d:/coding/computer_organization/exp2nd/micro/project_1/project_1.gen/sources_1/bd/design_1/ip/design_1_cg_fpga_0_0/src/cg_fpga_processing_system7_0_0/cg_fpga_processing_system7_0_0.xdc:67]
Resolution: Modify the set_property command to apply the property on the correct object type. Since the property is being applied as a scoped constraint, ensure the proper connectivity of the object port objects can be translated into pin objects. This could be due to the insertion of IO Buffers between the top level terminal and cell pin. If the goal is to apply constraints that will migrate to top level ports it is required that IO Buffers manually be instanced.
CRITICAL WARNING: [Netlist 29-160] Cannot set property 'drive', because the property does not exist for objects of type 'pin'. [d:/coding/computer_organization/exp2nd/micro/project_1/project_1.gen/sources_1/bd/design_1/ip/design_1_cg_fpga_0_0/src/cg_fpga_processing_system7_0_0/cg_fpga_processing_system7_0_0.xdc:68]
Resolution: Modify the set_property command to apply the property on the correct object type. Since the property is being applied as a scoped constraint, ensure the proper connectivity of the object port objects can be translated into pin objects. This could be due to the insertion of IO Buffers between the top level terminal and cell pin. If the goal is to apply constraints that will migrate to top level ports it is required that IO Buffers manually be instanced.
CRITICAL WARNING: [Netlist 29-160] Cannot set property 'pullup', because the property does not exist for objects of type 'pin'. [d:/coding/computer_organization/exp2nd/micro/project_1/project_1.gen/sources_1/bd/design_1/ip/design_1_cg_fpga_0_0/src/cg_fpga_processing_system7_0_0/cg_fpga_processing_system7_0_0.xdc:69]
Resolution: Modify the set_property command to apply the property on the correct object type. Since the property is being applied as a scoped constraint, ensure the proper connectivity of the object port objects can be translated into pin objects. This could be due to the insertion of IO Buffers between the top level terminal and cell pin. If the goal is to apply constraints that will migrate to top level ports it is required that IO Buffers manually be instanced.
CRITICAL WARNING: [Netlist 29-160] Cannot set property 'PIO_DIRECTION', because the property does not exist for objects of type 'pin'. [d:/coding/computer_organization/exp2nd/micro/project_1/project_1.gen/sources_1/bd/design_1/ip/design_1_cg_fpga_0_0/src/cg_fpga_processing_system7_0_0/cg_fpga_processing_system7_0_0.xdc:70]
Resolution: Modify the set_property command to apply the property on the correct object type. Since the property is being applied as a scoped constraint, ensure the proper connectivity of the object port objects can be translated into pin objects. This could be due to the insertion of IO Buffers between the top level terminal and cell pin. If the goal is to apply constraints that will migrate to top level ports it is required that IO Buffers manually be instanced.
CRITICAL WARNING: [Netlist 29-160] Cannot set property 'iostandard', because the property does not exist for objects of type 'pin'. [d:/coding/computer_organization/exp2nd/micro/project_1/project_1.gen/sources_1/bd/design_1/ip/design_1_cg_fpga_0_0/src/cg_fpga_processing_system7_0_0/cg_fpga_processing_system7_0_0.xdc:72]
Resolution: Modify the set_property command to apply the property on the correct object type. Since the property is being applied as a scoped constraint, ensure the proper connectivity of the object port objects can be translated into pin objects. This could be due to the insertion of IO Buffers between the top level terminal and cell pin. If the goal is to apply constraints that will migrate to top level ports it is required that IO Buffers manually be instanced.
CRITICAL WARNING: [Netlist 29-160] Cannot set property 'PACKAGE_PIN', because the property does not exist for objects of type 'pin'. [d:/coding/computer_organization/exp2nd/micro/project_1/project_1.gen/sources_1/bd/design_1/ip/design_1_cg_fpga_0_0/src/cg_fpga_processing_system7_0_0/cg_fpga_processing_system7_0_0.xdc:73]
Resolution: Modify the set_property command to apply the property on the correct object type. Since the property is being applied as a scoped constraint, ensure the proper connectivity of the object port objects can be translated into pin objects. This could be due to the insertion of IO Buffers between the top level terminal and cell pin. If the goal is to apply constraints that will migrate to top level ports it is required that IO Buffers manually be instanced.
CRITICAL WARNING: [Netlist 29-160] Cannot set property 'slew', because the property does not exist for objects of type 'pin'. [d:/coding/computer_organization/exp2nd/micro/project_1/project_1.gen/sources_1/bd/design_1/ip/design_1_cg_fpga_0_0/src/cg_fpga_processing_system7_0_0/cg_fpga_processing_system7_0_0.xdc:74]
Resolution: Modify the set_property command to apply the property on the correct object type. Since the property is being applied as a scoped constraint, ensure the proper connectivity of the object port objects can be translated into pin objects. This could be due to the insertion of IO Buffers between the top level terminal and cell pin. If the goal is to apply constraints that will migrate to top level ports it is required that IO Buffers manually be instanced.
CRITICAL WARNING: [Netlist 29-160] Cannot set property 'drive', because the property does not exist for objects of type 'pin'. [d:/coding/computer_organization/exp2nd/micro/project_1/project_1.gen/sources_1/bd/design_1/ip/design_1_cg_fpga_0_0/src/cg_fpga_processing_system7_0_0/cg_fpga_processing_system7_0_0.xdc:75]
Resolution: Modify the set_property command to apply the property on the correct object type. Since the property is being applied as a scoped constraint, ensure the proper connectivity of the object port objects can be translated into pin objects. This could be due to the insertion of IO Buffers between the top level terminal and cell pin. If the goal is to apply constraints that will migrate to top level ports it is required that IO Buffers manually be instanced.
CRITICAL WARNING: [Netlist 29-160] Cannot set property 'pullup', because the property does not exist for objects of type 'pin'. [d:/coding/computer_organization/exp2nd/micro/project_1/project_1.gen/sources_1/bd/design_1/ip/design_1_cg_fpga_0_0/src/cg_fpga_processing_system7_0_0/cg_fpga_processing_system7_0_0.xdc:76]
Resolution: Modify the set_property command to apply the property on the correct object type. Since the property is being applied as a scoped constraint, ensure the proper connectivity of the object port objects can be translated into pin objects. This could be due to the insertion of IO Buffers between the top level terminal and cell pin. If the goal is to apply constraints that will migrate to top level ports it is required that IO Buffers manually be instanced.
CRITICAL WARNING: [Netlist 29-160] Cannot set property 'PIO_DIRECTION', because the property does not exist for objects of type 'pin'. [d:/coding/computer_organization/exp2nd/micro/project_1/project_1.gen/sources_1/bd/design_1/ip/design_1_cg_fpga_0_0/src/cg_fpga_processing_system7_0_0/cg_fpga_processing_system7_0_0.xdc:77]
Resolution: Modify the set_property command to apply the property on the correct object type. Since the property is being applied as a scoped constraint, ensure the proper connectivity of the object port objects can be translated into pin objects. This could be due to the insertion of IO Buffers between the top level terminal and cell pin. If the goal is to apply constraints that will migrate to top level ports it is required that IO Buffers manually be instanced.
CRITICAL WARNING: [Netlist 29-160] Cannot set property 'iostandard', because the property does not exist for objects of type 'pin'. [d:/coding/computer_organization/exp2nd/micro/project_1/project_1.gen/sources_1/bd/design_1/ip/design_1_cg_fpga_0_0/src/cg_fpga_processing_system7_0_0/cg_fpga_processing_system7_0_0.xdc:79]
Resolution: Modify the set_property command to apply the property on the correct object type. Since the property is being applied as a scoped constraint, ensure the proper connectivity of the object port objects can be translated into pin objects. This could be due to the insertion of IO Buffers between the top level terminal and cell pin. If the goal is to apply constraints that will migrate to top level ports it is required that IO Buffers manually be instanced.
CRITICAL WARNING: [Netlist 29-160] Cannot set property 'PACKAGE_PIN', because the property does not exist for objects of type 'pin'. [d:/coding/computer_organization/exp2nd/micro/project_1/project_1.gen/sources_1/bd/design_1/ip/design_1_cg_fpga_0_0/src/cg_fpga_processing_system7_0_0/cg_fpga_processing_system7_0_0.xdc:80]
Resolution: Modify the set_property command to apply the property on the correct object type. Since the property is being applied as a scoped constraint, ensure the proper connectivity of the object port objects can be translated into pin objects. This could be due to the insertion of IO Buffers between the top level terminal and cell pin. If the goal is to apply constraints that will migrate to top level ports it is required that IO Buffers manually be instanced.
CRITICAL WARNING: [Netlist 29-160] Cannot set property 'slew', because the property does not exist for objects of type 'pin'. [d:/coding/computer_organization/exp2nd/micro/project_1/project_1.gen/sources_1/bd/design_1/ip/design_1_cg_fpga_0_0/src/cg_fpga_processing_system7_0_0/cg_fpga_processing_system7_0_0.xdc:81]
Resolution: Modify the set_property command to apply the property on the correct object type. Since the property is being applied as a scoped constraint, ensure the proper connectivity of the object port objects can be translated into pin objects. This could be due to the insertion of IO Buffers between the top level terminal and cell pin. If the goal is to apply constraints that will migrate to top level ports it is required that IO Buffers manually be instanced.
CRITICAL WARNING: [Netlist 29-160] Cannot set property 'drive', because the property does not exist for objects of type 'pin'. [d:/coding/computer_organization/exp2nd/micro/project_1/project_1.gen/sources_1/bd/design_1/ip/design_1_cg_fpga_0_0/src/cg_fpga_processing_system7_0_0/cg_fpga_processing_system7_0_0.xdc:82]
Resolution: Modify the set_property command to apply the property on the correct object type. Since the property is being applied as a scoped constraint, ensure the proper connectivity of the object port objects can be translated into pin objects. This could be due to the insertion of IO Buffers between the top level terminal and cell pin. If the goal is to apply constraints that will migrate to top level ports it is required that IO Buffers manually be instanced.
CRITICAL WARNING: [Netlist 29-160] Cannot set property 'pullup', because the property does not exist for objects of type 'pin'. [d:/coding/computer_organization/exp2nd/micro/project_1/project_1.gen/sources_1/bd/design_1/ip/design_1_cg_fpga_0_0/src/cg_fpga_processing_system7_0_0/cg_fpga_processing_system7_0_0.xdc:83]
Resolution: Modify the set_property command to apply the property on the correct object type. Since the property is being applied as a scoped constraint, ensure the proper connectivity of the object port objects can be translated into pin objects. This could be due to the insertion of IO Buffers between the top level terminal and cell pin. If the goal is to apply constraints that will migrate to top level ports it is required that IO Buffers manually be instanced.
CRITICAL WARNING: [Netlist 29-160] Cannot set property 'PIO_DIRECTION', because the property does not exist for objects of type 'pin'. [d:/coding/computer_organization/exp2nd/micro/project_1/project_1.gen/sources_1/bd/design_1/ip/design_1_cg_fpga_0_0/src/cg_fpga_processing_system7_0_0/cg_fpga_processing_system7_0_0.xdc:84]
Resolution: Modify the set_property command to apply the property on the correct object type. Since the property is being applied as a scoped constraint, ensure the proper connectivity of the object port objects can be translated into pin objects. This could be due to the insertion of IO Buffers between the top level terminal and cell pin. If the goal is to apply constraints that will migrate to top level ports it is required that IO Buffers manually be instanced.
CRITICAL WARNING: [Netlist 29-160] Cannot set property 'iostandard', because the property does not exist for objects of type 'pin'. [d:/coding/computer_organization/exp2nd/micro/project_1/project_1.gen/sources_1/bd/design_1/ip/design_1_cg_fpga_0_0/src/cg_fpga_processing_system7_0_0/cg_fpga_processing_system7_0_0.xdc:86]
Resolution: Modify the set_property command to apply the property on the correct object type. Since the property is being applied as a scoped constraint, ensure the proper connectivity of the object port objects can be translated into pin objects. This could be due to the insertion of IO Buffers between the top level terminal and cell pin. If the goal is to apply constraints that will migrate to top level ports it is required that IO Buffers manually be instanced.
CRITICAL WARNING: [Netlist 29-160] Cannot set property 'PACKAGE_PIN', because the property does not exist for objects of type 'pin'. [d:/coding/computer_organization/exp2nd/micro/project_1/project_1.gen/sources_1/bd/design_1/ip/design_1_cg_fpga_0_0/src/cg_fpga_processing_system7_0_0/cg_fpga_processing_system7_0_0.xdc:87]
Resolution: Modify the set_property command to apply the property on the correct object type. Since the property is being applied as a scoped constraint, ensure the proper connectivity of the object port objects can be translated into pin objects. This could be due to the insertion of IO Buffers between the top level terminal and cell pin. If the goal is to apply constraints that will migrate to top level ports it is required that IO Buffers manually be instanced.
CRITICAL WARNING: [Netlist 29-160] Cannot set property 'slew', because the property does not exist for objects of type 'pin'. [d:/coding/computer_organization/exp2nd/micro/project_1/project_1.gen/sources_1/bd/design_1/ip/design_1_cg_fpga_0_0/src/cg_fpga_processing_system7_0_0/cg_fpga_processing_system7_0_0.xdc:88]
Resolution: Modify the set_property command to apply the property on the correct object type. Since the property is being applied as a scoped constraint, ensure the proper connectivity of the object port objects can be translated into pin objects. This could be due to the insertion of IO Buffers between the top level terminal and cell pin. If the goal is to apply constraints that will migrate to top level ports it is required that IO Buffers manually be instanced.
CRITICAL WARNING: [Netlist 29-160] Cannot set property 'drive', because the property does not exist for objects of type 'pin'. [d:/coding/computer_organization/exp2nd/micro/project_1/project_1.gen/sources_1/bd/design_1/ip/design_1_cg_fpga_0_0/src/cg_fpga_processing_system7_0_0/cg_fpga_processing_system7_0_0.xdc:89]
Resolution: Modify the set_property command to apply the property on the correct object type. Since the property is being applied as a scoped constraint, ensure the proper connectivity of the object port objects can be translated into pin objects. This could be due to the insertion of IO Buffers between the top level terminal and cell pin. If the goal is to apply constraints that will migrate to top level ports it is required that IO Buffers manually be instanced.
CRITICAL WARNING: [Netlist 29-160] Cannot set property 'pullup', because the property does not exist for objects of type 'pin'. [d:/coding/computer_organization/exp2nd/micro/project_1/project_1.gen/sources_1/bd/design_1/ip/design_1_cg_fpga_0_0/src/cg_fpga_processing_system7_0_0/cg_fpga_processing_system7_0_0.xdc:90]
Resolution: Modify the set_property command to apply the property on the correct object type. Since the property is being applied as a scoped constraint, ensure the proper connectivity of the object port objects can be translated into pin objects. This could be due to the insertion of IO Buffers between the top level terminal and cell pin. If the goal is to apply constraints that will migrate to top level ports it is required that IO Buffers manually be instanced.
CRITICAL WARNING: [Netlist 29-160] Cannot set property 'PIO_DIRECTION', because the property does not exist for objects of type 'pin'. [d:/coding/computer_organization/exp2nd/micro/project_1/project_1.gen/sources_1/bd/design_1/ip/design_1_cg_fpga_0_0/src/cg_fpga_processing_system7_0_0/cg_fpga_processing_system7_0_0.xdc:91]
Resolution: Modify the set_property command to apply the property on the correct object type. Since the property is being applied as a scoped constraint, ensure the proper connectivity of the object port objects can be translated into pin objects. This could be due to the insertion of IO Buffers between the top level terminal and cell pin. If the goal is to apply constraints that will migrate to top level ports it is required that IO Buffers manually be instanced.
CRITICAL WARNING: [Netlist 29-160] Cannot set property 'iostandard', because the property does not exist for objects of type 'pin'. [d:/coding/computer_organization/exp2nd/micro/project_1/project_1.gen/sources_1/bd/design_1/ip/design_1_cg_fpga_0_0/src/cg_fpga_processing_system7_0_0/cg_fpga_processing_system7_0_0.xdc:93]
Resolution: Modify the set_property command to apply the property on the correct object type. Since the property is being applied as a scoped constraint, ensure the proper connectivity of the object port objects can be translated into pin objects. This could be due to the insertion of IO Buffers between the top level terminal and cell pin. If the goal is to apply constraints that will migrate to top level ports it is required that IO Buffers manually be instanced.
CRITICAL WARNING: [Netlist 29-160] Cannot set property 'PACKAGE_PIN', because the property does not exist for objects of type 'pin'. [d:/coding/computer_organization/exp2nd/micro/project_1/project_1.gen/sources_1/bd/design_1/ip/design_1_cg_fpga_0_0/src/cg_fpga_processing_system7_0_0/cg_fpga_processing_system7_0_0.xdc:94]
Resolution: Modify the set_property command to apply the property on the correct object type. Since the property is being applied as a scoped constraint, ensure the proper connectivity of the object port objects can be translated into pin objects. This could be due to the insertion of IO Buffers between the top level terminal and cell pin. If the goal is to apply constraints that will migrate to top level ports it is required that IO Buffers manually be instanced.
CRITICAL WARNING: [Netlist 29-160] Cannot set property 'slew', because the property does not exist for objects of type 'pin'. [d:/coding/computer_organization/exp2nd/micro/project_1/project_1.gen/sources_1/bd/design_1/ip/design_1_cg_fpga_0_0/src/cg_fpga_processing_system7_0_0/cg_fpga_processing_system7_0_0.xdc:95]
Resolution: Modify the set_property command to apply the property on the correct object type. Since the property is being applied as a scoped constraint, ensure the proper connectivity of the object port objects can be translated into pin objects. This could be due to the insertion of IO Buffers between the top level terminal and cell pin. If the goal is to apply constraints that will migrate to top level ports it is required that IO Buffers manually be instanced.
CRITICAL WARNING: [Netlist 29-160] Cannot set property 'drive', because the property does not exist for objects of type 'pin'. [d:/coding/computer_organization/exp2nd/micro/project_1/project_1.gen/sources_1/bd/design_1/ip/design_1_cg_fpga_0_0/src/cg_fpga_processing_system7_0_0/cg_fpga_processing_system7_0_0.xdc:96]
Resolution: Modify the set_property command to apply the property on the correct object type. Since the property is being applied as a scoped constraint, ensure the proper connectivity of the object port objects can be translated into pin objects. This could be due to the insertion of IO Buffers between the top level terminal and cell pin. If the goal is to apply constraints that will migrate to top level ports it is required that IO Buffers manually be instanced.
CRITICAL WARNING: [Netlist 29-160] Cannot set property 'pullup', because the property does not exist for objects of type 'pin'. [d:/coding/computer_organization/exp2nd/micro/project_1/project_1.gen/sources_1/bd/design_1/ip/design_1_cg_fpga_0_0/src/cg_fpga_processing_system7_0_0/cg_fpga_processing_system7_0_0.xdc:97]
Resolution: Modify the set_property command to apply the property on the correct object type. Since the property is being applied as a scoped constraint, ensure the proper connectivity of the object port objects can be translated into pin objects. This could be due to the insertion of IO Buffers between the top level terminal and cell pin. If the goal is to apply constraints that will migrate to top level ports it is required that IO Buffers manually be instanced.
CRITICAL WARNING: [Netlist 29-160] Cannot set property 'PIO_DIRECTION', because the property does not exist for objects of type 'pin'. [d:/coding/computer_organization/exp2nd/micro/project_1/project_1.gen/sources_1/bd/design_1/ip/design_1_cg_fpga_0_0/src/cg_fpga_processing_system7_0_0/cg_fpga_processing_system7_0_0.xdc:98]
Resolution: Modify the set_property command to apply the property on the correct object type. Since the property is being applied as a scoped constraint, ensure the proper connectivity of the object port objects can be translated into pin objects. This could be due to the insertion of IO Buffers between the top level terminal and cell pin. If the goal is to apply constraints that will migrate to top level ports it is required that IO Buffers manually be instanced.
CRITICAL WARNING: [Netlist 29-160] Cannot set property 'iostandard', because the property does not exist for objects of type 'pin'. [d:/coding/computer_organization/exp2nd/micro/project_1/project_1.gen/sources_1/bd/design_1/ip/design_1_cg_fpga_0_0/src/cg_fpga_processing_system7_0_0/cg_fpga_processing_system7_0_0.xdc:100]
Resolution: Modify the set_property command to apply the property on the correct object type. Since the property is being applied as a scoped constraint, ensure the proper connectivity of the object port objects can be translated into pin objects. This could be due to the insertion of IO Buffers between the top level terminal and cell pin. If the goal is to apply constraints that will migrate to top level ports it is required that IO Buffers manually be instanced.
CRITICAL WARNING: [Netlist 29-160] Cannot set property 'PACKAGE_PIN', because the property does not exist for objects of type 'pin'. [d:/coding/computer_organization/exp2nd/micro/project_1/project_1.gen/sources_1/bd/design_1/ip/design_1_cg_fpga_0_0/src/cg_fpga_processing_system7_0_0/cg_fpga_processing_system7_0_0.xdc:101]
Resolution: Modify the set_property command to apply the property on the correct object type. Since the property is being applied as a scoped constraint, ensure the proper connectivity of the object port objects can be translated into pin objects. This could be due to the insertion of IO Buffers between the top level terminal and cell pin. If the goal is to apply constraints that will migrate to top level ports it is required that IO Buffers manually be instanced.
CRITICAL WARNING: [Netlist 29-160] Cannot set property 'slew', because the property does not exist for objects of type 'pin'. [d:/coding/computer_organization/exp2nd/micro/project_1/project_1.gen/sources_1/bd/design_1/ip/design_1_cg_fpga_0_0/src/cg_fpga_processing_system7_0_0/cg_fpga_processing_system7_0_0.xdc:102]
Resolution: Modify the set_property command to apply the property on the correct object type. Since the property is being applied as a scoped constraint, ensure the proper connectivity of the object port objects can be translated into pin objects. This could be due to the insertion of IO Buffers between the top level terminal and cell pin. If the goal is to apply constraints that will migrate to top level ports it is required that IO Buffers manually be instanced.
CRITICAL WARNING: [Netlist 29-160] Cannot set property 'drive', because the property does not exist for objects of type 'pin'. [d:/coding/computer_organization/exp2nd/micro/project_1/project_1.gen/sources_1/bd/design_1/ip/design_1_cg_fpga_0_0/src/cg_fpga_processing_system7_0_0/cg_fpga_processing_system7_0_0.xdc:103]
Resolution: Modify the set_property command to apply the property on the correct object type. Since the property is being applied as a scoped constraint, ensure the proper connectivity of the object port objects can be translated into pin objects. This could be due to the insertion of IO Buffers between the top level terminal and cell pin. If the goal is to apply constraints that will migrate to top level ports it is required that IO Buffers manually be instanced.
CRITICAL WARNING: [Netlist 29-160] Cannot set property 'pullup', because the property does not exist for objects of type 'pin'. [d:/coding/computer_organization/exp2nd/micro/project_1/project_1.gen/sources_1/bd/design_1/ip/design_1_cg_fpga_0_0/src/cg_fpga_processing_system7_0_0/cg_fpga_processing_system7_0_0.xdc:104]
Resolution: Modify the set_property command to apply the property on the correct object type. Since the property is being applied as a scoped constraint, ensure the proper connectivity of the object port objects can be translated into pin objects. This could be due to the insertion of IO Buffers between the top level terminal and cell pin. If the goal is to apply constraints that will migrate to top level ports it is required that IO Buffers manually be instanced.
CRITICAL WARNING: [Netlist 29-160] Cannot set property 'PIO_DIRECTION', because the property does not exist for objects of type 'pin'. [d:/coding/computer_organization/exp2nd/micro/project_1/project_1.gen/sources_1/bd/design_1/ip/design_1_cg_fpga_0_0/src/cg_fpga_processing_system7_0_0/cg_fpga_processing_system7_0_0.xdc:105]
Resolution: Modify the set_property command to apply the property on the correct object type. Since the property is being applied as a scoped constraint, ensure the proper connectivity of the object port objects can be translated into pin objects. This could be due to the insertion of IO Buffers between the top level terminal and cell pin. If the goal is to apply constraints that will migrate to top level ports it is required that IO Buffers manually be instanced.
CRITICAL WARNING: [Netlist 29-160] Cannot set property 'iostandard', because the property does not exist for objects of type 'pin'. [d:/coding/computer_organization/exp2nd/micro/project_1/project_1.gen/sources_1/bd/design_1/ip/design_1_cg_fpga_0_0/src/cg_fpga_processing_system7_0_0/cg_fpga_processing_system7_0_0.xdc:107]
Resolution: Modify the set_property command to apply the property on the correct object type. Since the property is being applied as a scoped constraint, ensure the proper connectivity of the object port objects can be translated into pin objects. This could be due to the insertion of IO Buffers between the top level terminal and cell pin. If the goal is to apply constraints that will migrate to top level ports it is required that IO Buffers manually be instanced.
CRITICAL WARNING: [Netlist 29-160] Cannot set property 'PACKAGE_PIN', because the property does not exist for objects of type 'pin'. [d:/coding/computer_organization/exp2nd/micro/project_1/project_1.gen/sources_1/bd/design_1/ip/design_1_cg_fpga_0_0/src/cg_fpga_processing_system7_0_0/cg_fpga_processing_system7_0_0.xdc:108]
Resolution: Modify the set_property command to apply the property on the correct object type. Since the property is being applied as a scoped constraint, ensure the proper connectivity of the object port objects can be translated into pin objects. This could be due to the insertion of IO Buffers between the top level terminal and cell pin. If the goal is to apply constraints that will migrate to top level ports it is required that IO Buffers manually be instanced.
CRITICAL WARNING: [Netlist 29-160] Cannot set property 'slew', because the property does not exist for objects of type 'pin'. [d:/coding/computer_organization/exp2nd/micro/project_1/project_1.gen/sources_1/bd/design_1/ip/design_1_cg_fpga_0_0/src/cg_fpga_processing_system7_0_0/cg_fpga_processing_system7_0_0.xdc:109]
Resolution: Modify the set_property command to apply the property on the correct object type. Since the property is being applied as a scoped constraint, ensure the proper connectivity of the object port objects can be translated into pin objects. This could be due to the insertion of IO Buffers between the top level terminal and cell pin. If the goal is to apply constraints that will migrate to top level ports it is required that IO Buffers manually be instanced.
CRITICAL WARNING: [Netlist 29-160] Cannot set property 'drive', because the property does not exist for objects of type 'pin'. [d:/coding/computer_organization/exp2nd/micro/project_1/project_1.gen/sources_1/bd/design_1/ip/design_1_cg_fpga_0_0/src/cg_fpga_processing_system7_0_0/cg_fpga_processing_system7_0_0.xdc:110]
Resolution: Modify the set_property command to apply the property on the correct object type. Since the property is being applied as a scoped constraint, ensure the proper connectivity of the object port objects can be translated into pin objects. This could be due to the insertion of IO Buffers between the top level terminal and cell pin. If the goal is to apply constraints that will migrate to top level ports it is required that IO Buffers manually be instanced.
CRITICAL WARNING: [Netlist 29-160] Cannot set property 'pullup', because the property does not exist for objects of type 'pin'. [d:/coding/computer_organization/exp2nd/micro/project_1/project_1.gen/sources_1/bd/design_1/ip/design_1_cg_fpga_0_0/src/cg_fpga_processing_system7_0_0/cg_fpga_processing_system7_0_0.xdc:111]
Resolution: Modify the set_property command to apply the property on the correct object type. Since the property is being applied as a scoped constraint, ensure the proper connectivity of the object port objects can be translated into pin objects. This could be due to the insertion of IO Buffers between the top level terminal and cell pin. If the goal is to apply constraints that will migrate to top level ports it is required that IO Buffers manually be instanced.
CRITICAL WARNING: [Netlist 29-160] Cannot set property 'PIO_DIRECTION', because the property does not exist for objects of type 'pin'. [d:/coding/computer_organization/exp2nd/micro/project_1/project_1.gen/sources_1/bd/design_1/ip/design_1_cg_fpga_0_0/src/cg_fpga_processing_system7_0_0/cg_fpga_processing_system7_0_0.xdc:112]
Resolution: Modify the set_property command to apply the property on the correct object type. Since the property is being applied as a scoped constraint, ensure the proper connectivity of the object port objects can be translated into pin objects. This could be due to the insertion of IO Buffers between the top level terminal and cell pin. If the goal is to apply constraints that will migrate to top level ports it is required that IO Buffers manually be instanced.
CRITICAL WARNING: [Netlist 29-160] Cannot set property 'iostandard', because the property does not exist for objects of type 'pin'. [d:/coding/computer_organization/exp2nd/micro/project_1/project_1.gen/sources_1/bd/design_1/ip/design_1_cg_fpga_0_0/src/cg_fpga_processing_system7_0_0/cg_fpga_processing_system7_0_0.xdc:114]
Resolution: Modify the set_property command to apply the property on the correct object type. Since the property is being applied as a scoped constraint, ensure the proper connectivity of the object port objects can be translated into pin objects. This could be due to the insertion of IO Buffers between the top level terminal and cell pin. If the goal is to apply constraints that will migrate to top level ports it is required that IO Buffers manually be instanced.
CRITICAL WARNING: [Netlist 29-160] Cannot set property 'PACKAGE_PIN', because the property does not exist for objects of type 'pin'. [d:/coding/computer_organization/exp2nd/micro/project_1/project_1.gen/sources_1/bd/design_1/ip/design_1_cg_fpga_0_0/src/cg_fpga_processing_system7_0_0/cg_fpga_processing_system7_0_0.xdc:115]
Resolution: Modify the set_property command to apply the property on the correct object type. Since the property is being applied as a scoped constraint, ensure the proper connectivity of the object port objects can be translated into pin objects. This could be due to the insertion of IO Buffers between the top level terminal and cell pin. If the goal is to apply constraints that will migrate to top level ports it is required that IO Buffers manually be instanced.
CRITICAL WARNING: [Netlist 29-160] Cannot set property 'slew', because the property does not exist for objects of type 'pin'. [d:/coding/computer_organization/exp2nd/micro/project_1/project_1.gen/sources_1/bd/design_1/ip/design_1_cg_fpga_0_0/src/cg_fpga_processing_system7_0_0/cg_fpga_processing_system7_0_0.xdc:116]
Resolution: Modify the set_property command to apply the property on the correct object type. Since the property is being applied as a scoped constraint, ensure the proper connectivity of the object port objects can be translated into pin objects. This could be due to the insertion of IO Buffers between the top level terminal and cell pin. If the goal is to apply constraints that will migrate to top level ports it is required that IO Buffers manually be instanced.
CRITICAL WARNING: [Netlist 29-160] Cannot set property 'drive', because the property does not exist for objects of type 'pin'. [d:/coding/computer_organization/exp2nd/micro/project_1/project_1.gen/sources_1/bd/design_1/ip/design_1_cg_fpga_0_0/src/cg_fpga_processing_system7_0_0/cg_fpga_processing_system7_0_0.xdc:117]
Resolution: Modify the set_property command to apply the property on the correct object type. Since the property is being applied as a scoped constraint, ensure the proper connectivity of the object port objects can be translated into pin objects. This could be due to the insertion of IO Buffers between the top level terminal and cell pin. If the goal is to apply constraints that will migrate to top level ports it is required that IO Buffers manually be instanced.
CRITICAL WARNING: [Netlist 29-160] Cannot set property 'pullup', because the property does not exist for objects of type 'pin'. [d:/coding/computer_organization/exp2nd/micro/project_1/project_1.gen/sources_1/bd/design_1/ip/design_1_cg_fpga_0_0/src/cg_fpga_processing_system7_0_0/cg_fpga_processing_system7_0_0.xdc:118]
Resolution: Modify the set_property command to apply the property on the correct object type. Since the property is being applied as a scoped constraint, ensure the proper connectivity of the object port objects can be translated into pin objects. This could be due to the insertion of IO Buffers between the top level terminal and cell pin. If the goal is to apply constraints that will migrate to top level ports it is required that IO Buffers manually be instanced.
CRITICAL WARNING: [Netlist 29-160] Cannot set property 'PIO_DIRECTION', because the property does not exist for objects of type 'pin'. [d:/coding/computer_organization/exp2nd/micro/project_1/project_1.gen/sources_1/bd/design_1/ip/design_1_cg_fpga_0_0/src/cg_fpga_processing_system7_0_0/cg_fpga_processing_system7_0_0.xdc:119]
Resolution: Modify the set_property command to apply the property on the correct object type. Since the property is being applied as a scoped constraint, ensure the proper connectivity of the object port objects can be translated into pin objects. This could be due to the insertion of IO Buffers between the top level terminal and cell pin. If the goal is to apply constraints that will migrate to top level ports it is required that IO Buffers manually be instanced.
CRITICAL WARNING: [Netlist 29-160] Cannot set property 'iostandard', because the property does not exist for objects of type 'pin'. [d:/coding/computer_organization/exp2nd/micro/project_1/project_1.gen/sources_1/bd/design_1/ip/design_1_cg_fpga_0_0/src/cg_fpga_processing_system7_0_0/cg_fpga_processing_system7_0_0.xdc:121]
Resolution: Modify the set_property command to apply the property on the correct object type. Since the property is being applied as a scoped constraint, ensure the proper connectivity of the object port objects can be translated into pin objects. This could be due to the insertion of IO Buffers between the top level terminal and cell pin. If the goal is to apply constraints that will migrate to top level ports it is required that IO Buffers manually be instanced.
CRITICAL WARNING: [Netlist 29-160] Cannot set property 'PACKAGE_PIN', because the property does not exist for objects of type 'pin'. [d:/coding/computer_organization/exp2nd/micro/project_1/project_1.gen/sources_1/bd/design_1/ip/design_1_cg_fpga_0_0/src/cg_fpga_processing_system7_0_0/cg_fpga_processing_system7_0_0.xdc:122]
Resolution: Modify the set_property command to apply the property on the correct object type. Since the property is being applied as a scoped constraint, ensure the proper connectivity of the object port objects can be translated into pin objects. This could be due to the insertion of IO Buffers between the top level terminal and cell pin. If the goal is to apply constraints that will migrate to top level ports it is required that IO Buffers manually be instanced.
CRITICAL WARNING: [Netlist 29-160] Cannot set property 'slew', because the property does not exist for objects of type 'pin'. [d:/coding/computer_organization/exp2nd/micro/project_1/project_1.gen/sources_1/bd/design_1/ip/design_1_cg_fpga_0_0/src/cg_fpga_processing_system7_0_0/cg_fpga_processing_system7_0_0.xdc:123]
Resolution: Modify the set_property command to apply the property on the correct object type. Since the property is being applied as a scoped constraint, ensure the proper connectivity of the object port objects can be translated into pin objects. This could be due to the insertion of IO Buffers between the top level terminal and cell pin. If the goal is to apply constraints that will migrate to top level ports it is required that IO Buffers manually be instanced.
CRITICAL WARNING: [Netlist 29-160] Cannot set property 'drive', because the property does not exist for objects of type 'pin'. [d:/coding/computer_organization/exp2nd/micro/project_1/project_1.gen/sources_1/bd/design_1/ip/design_1_cg_fpga_0_0/src/cg_fpga_processing_system7_0_0/cg_fpga_processing_system7_0_0.xdc:124]
Resolution: Modify the set_property command to apply the property on the correct object type. Since the property is being applied as a scoped constraint, ensure the proper connectivity of the object port objects can be translated into pin objects. This could be due to the insertion of IO Buffers between the top level terminal and cell pin. If the goal is to apply constraints that will migrate to top level ports it is required that IO Buffers manually be instanced.
CRITICAL WARNING: [Netlist 29-160] Cannot set property 'pullup', because the property does not exist for objects of type 'pin'. [d:/coding/computer_organization/exp2nd/micro/project_1/project_1.gen/sources_1/bd/design_1/ip/design_1_cg_fpga_0_0/src/cg_fpga_processing_system7_0_0/cg_fpga_processing_system7_0_0.xdc:125]
Resolution: Modify the set_property command to apply the property on the correct object type. Since the property is being applied as a scoped constraint, ensure the proper connectivity of the object port objects can be translated into pin objects. This could be due to the insertion of IO Buffers between the top level terminal and cell pin. If the goal is to apply constraints that will migrate to top level ports it is required that IO Buffers manually be instanced.
CRITICAL WARNING: [Netlist 29-160] Cannot set property 'PIO_DIRECTION', because the property does not exist for objects of type 'pin'. [d:/coding/computer_organization/exp2nd/micro/project_1/project_1.gen/sources_1/bd/design_1/ip/design_1_cg_fpga_0_0/src/cg_fpga_processing_system7_0_0/cg_fpga_processing_system7_0_0.xdc:126]
Resolution: Modify the set_property command to apply the property on the correct object type. Since the property is being applied as a scoped constraint, ensure the proper connectivity of the object port objects can be translated into pin objects. This could be due to the insertion of IO Buffers between the top level terminal and cell pin. If the goal is to apply constraints that will migrate to top level ports it is required that IO Buffers manually be instanced.
CRITICAL WARNING: [Netlist 29-160] Cannot set property 'iostandard', because the property does not exist for objects of type 'pin'. [d:/coding/computer_organization/exp2nd/micro/project_1/project_1.gen/sources_1/bd/design_1/ip/design_1_cg_fpga_0_0/src/cg_fpga_processing_system7_0_0/cg_fpga_processing_system7_0_0.xdc:128]
Resolution: Modify the set_property command to apply the property on the correct object type. Since the property is being applied as a scoped constraint, ensure the proper connectivity of the object port objects can be translated into pin objects. This could be due to the insertion of IO Buffers between the top level terminal and cell pin. If the goal is to apply constraints that will migrate to top level ports it is required that IO Buffers manually be instanced.
CRITICAL WARNING: [Netlist 29-160] Cannot set property 'PACKAGE_PIN', because the property does not exist for objects of type 'pin'. [d:/coding/computer_organization/exp2nd/micro/project_1/project_1.gen/sources_1/bd/design_1/ip/design_1_cg_fpga_0_0/src/cg_fpga_processing_system7_0_0/cg_fpga_processing_system7_0_0.xdc:129]
Resolution: Modify the set_property command to apply the property on the correct object type. Since the property is being applied as a scoped constraint, ensure the proper connectivity of the object port objects can be translated into pin objects. This could be due to the insertion of IO Buffers between the top level terminal and cell pin. If the goal is to apply constraints that will migrate to top level ports it is required that IO Buffers manually be instanced.
CRITICAL WARNING: [Netlist 29-160] Cannot set property 'slew', because the property does not exist for objects of type 'pin'. [d:/coding/computer_organization/exp2nd/micro/project_1/project_1.gen/sources_1/bd/design_1/ip/design_1_cg_fpga_0_0/src/cg_fpga_processing_system7_0_0/cg_fpga_processing_system7_0_0.xdc:130]
Resolution: Modify the set_property command to apply the property on the correct object type. Since the property is being applied as a scoped constraint, ensure the proper connectivity of the object port objects can be translated into pin objects. This could be due to the insertion of IO Buffers between the top level terminal and cell pin. If the goal is to apply constraints that will migrate to top level ports it is required that IO Buffers manually be instanced.
CRITICAL WARNING: [Netlist 29-160] Cannot set property 'drive', because the property does not exist for objects of type 'pin'. [d:/coding/computer_organization/exp2nd/micro/project_1/project_1.gen/sources_1/bd/design_1/ip/design_1_cg_fpga_0_0/src/cg_fpga_processing_system7_0_0/cg_fpga_processing_system7_0_0.xdc:131]
Resolution: Modify the set_property command to apply the property on the correct object type. Since the property is being applied as a scoped constraint, ensure the proper connectivity of the object port objects can be translated into pin objects. This could be due to the insertion of IO Buffers between the top level terminal and cell pin. If the goal is to apply constraints that will migrate to top level ports it is required that IO Buffers manually be instanced.
CRITICAL WARNING: [Netlist 29-160] Cannot set property 'pullup', because the property does not exist for objects of type 'pin'. [d:/coding/computer_organization/exp2nd/micro/project_1/project_1.gen/sources_1/bd/design_1/ip/design_1_cg_fpga_0_0/src/cg_fpga_processing_system7_0_0/cg_fpga_processing_system7_0_0.xdc:132]
Resolution: Modify the set_property command to apply the property on the correct object type. Since the property is being applied as a scoped constraint, ensure the proper connectivity of the object port objects can be translated into pin objects. This could be due to the insertion of IO Buffers between the top level terminal and cell pin. If the goal is to apply constraints that will migrate to top level ports it is required that IO Buffers manually be instanced.
CRITICAL WARNING: [Netlist 29-160] Cannot set property 'PIO_DIRECTION', because the property does not exist for objects of type 'pin'. [d:/coding/computer_organization/exp2nd/micro/project_1/project_1.gen/sources_1/bd/design_1/ip/design_1_cg_fpga_0_0/src/cg_fpga_processing_system7_0_0/cg_fpga_processing_system7_0_0.xdc:133]
Resolution: Modify the set_property command to apply the property on the correct object type. Since the property is being applied as a scoped constraint, ensure the proper connectivity of the object port objects can be translated into pin objects. This could be due to the insertion of IO Buffers between the top level terminal and cell pin. If the goal is to apply constraints that will migrate to top level ports it is required that IO Buffers manually be instanced.
CRITICAL WARNING: [Netlist 29-160] Cannot set property 'iostandard', because the property does not exist for objects of type 'pin'. [d:/coding/computer_organization/exp2nd/micro/project_1/project_1.gen/sources_1/bd/design_1/ip/design_1_cg_fpga_0_0/src/cg_fpga_processing_system7_0_0/cg_fpga_processing_system7_0_0.xdc:135]
Resolution: Modify the set_property command to apply the property on the correct object type. Since the property is being applied as a scoped constraint, ensure the proper connectivity of the object port objects can be translated into pin objects. This could be due to the insertion of IO Buffers between the top level terminal and cell pin. If the goal is to apply constraints that will migrate to top level ports it is required that IO Buffers manually be instanced.
CRITICAL WARNING: [Netlist 29-160] Cannot set property 'PACKAGE_PIN', because the property does not exist for objects of type 'pin'. [d:/coding/computer_organization/exp2nd/micro/project_1/project_1.gen/sources_1/bd/design_1/ip/design_1_cg_fpga_0_0/src/cg_fpga_processing_system7_0_0/cg_fpga_processing_system7_0_0.xdc:136]
Resolution: Modify the set_property command to apply the property on the correct object type. Since the property is being applied as a scoped constraint, ensure the proper connectivity of the object port objects can be translated into pin objects. This could be due to the insertion of IO Buffers between the top level terminal and cell pin. If the goal is to apply constraints that will migrate to top level ports it is required that IO Buffers manually be instanced.
CRITICAL WARNING: [Netlist 29-160] Cannot set property 'slew', because the property does not exist for objects of type 'pin'. [d:/coding/computer_organization/exp2nd/micro/project_1/project_1.gen/sources_1/bd/design_1/ip/design_1_cg_fpga_0_0/src/cg_fpga_processing_system7_0_0/cg_fpga_processing_system7_0_0.xdc:137]
Resolution: Modify the set_property command to apply the property on the correct object type. Since the property is being applied as a scoped constraint, ensure the proper connectivity of the object port objects can be translated into pin objects. This could be due to the insertion of IO Buffers between the top level terminal and cell pin. If the goal is to apply constraints that will migrate to top level ports it is required that IO Buffers manually be instanced.
CRITICAL WARNING: [Netlist 29-160] Cannot set property 'drive', because the property does not exist for objects of type 'pin'. [d:/coding/computer_organization/exp2nd/micro/project_1/project_1.gen/sources_1/bd/design_1/ip/design_1_cg_fpga_0_0/src/cg_fpga_processing_system7_0_0/cg_fpga_processing_system7_0_0.xdc:138]
Resolution: Modify the set_property command to apply the property on the correct object type. Since the property is being applied as a scoped constraint, ensure the proper connectivity of the object port objects can be translated into pin objects. This could be due to the insertion of IO Buffers between the top level terminal and cell pin. If the goal is to apply constraints that will migrate to top level ports it is required that IO Buffers manually be instanced.
CRITICAL WARNING: [Netlist 29-160] Cannot set property 'pullup', because the property does not exist for objects of type 'pin'. [d:/coding/computer_organization/exp2nd/micro/project_1/project_1.gen/sources_1/bd/design_1/ip/design_1_cg_fpga_0_0/src/cg_fpga_processing_system7_0_0/cg_fpga_processing_system7_0_0.xdc:139]
Resolution: Modify the set_property command to apply the property on the correct object type. Since the property is being applied as a scoped constraint, ensure the proper connectivity of the object port objects can be translated into pin objects. This could be due to the insertion of IO Buffers between the top level terminal and cell pin. If the goal is to apply constraints that will migrate to top level ports it is required that IO Buffers manually be instanced.
CRITICAL WARNING: [Netlist 29-160] Cannot set property 'PIO_DIRECTION', because the property does not exist for objects of type 'pin'. [d:/coding/computer_organization/exp2nd/micro/project_1/project_1.gen/sources_1/bd/design_1/ip/design_1_cg_fpga_0_0/src/cg_fpga_processing_system7_0_0/cg_fpga_processing_system7_0_0.xdc:140]
Resolution: Modify the set_property command to apply the property on the correct object type. Since the property is being applied as a scoped constraint, ensure the proper connectivity of the object port objects can be translated into pin objects. This could be due to the insertion of IO Buffers between the top level terminal and cell pin. If the goal is to apply constraints that will migrate to top level ports it is required that IO Buffers manually be instanced.
CRITICAL WARNING: [Netlist 29-160] Cannot set property 'iostandard', because the property does not exist for objects of type 'pin'. [d:/coding/computer_organization/exp2nd/micro/project_1/project_1.gen/sources_1/bd/design_1/ip/design_1_cg_fpga_0_0/src/cg_fpga_processing_system7_0_0/cg_fpga_processing_system7_0_0.xdc:142]
Resolution: Modify the set_property command to apply the property on the correct object type. Since the property is being applied as a scoped constraint, ensure the proper connectivity of the object port objects can be translated into pin objects. This could be due to the insertion of IO Buffers between the top level terminal and cell pin. If the goal is to apply constraints that will migrate to top level ports it is required that IO Buffers manually be instanced.
CRITICAL WARNING: [Netlist 29-160] Cannot set property 'PACKAGE_PIN', because the property does not exist for objects of type 'pin'. [d:/coding/computer_organization/exp2nd/micro/project_1/project_1.gen/sources_1/bd/design_1/ip/design_1_cg_fpga_0_0/src/cg_fpga_processing_system7_0_0/cg_fpga_processing_system7_0_0.xdc:143]
Resolution: Modify the set_property command to apply the property on the correct object type. Since the property is being applied as a scoped constraint, ensure the proper connectivity of the object port objects can be translated into pin objects. This could be due to the insertion of IO Buffers between the top level terminal and cell pin. If the goal is to apply constraints that will migrate to top level ports it is required that IO Buffers manually be instanced.
CRITICAL WARNING: [Netlist 29-160] Cannot set property 'slew', because the property does not exist for objects of type 'pin'. [d:/coding/computer_organization/exp2nd/micro/project_1/project_1.gen/sources_1/bd/design_1/ip/design_1_cg_fpga_0_0/src/cg_fpga_processing_system7_0_0/cg_fpga_processing_system7_0_0.xdc:144]
Resolution: Modify the set_property command to apply the property on the correct object type. Since the property is being applied as a scoped constraint, ensure the proper connectivity of the object port objects can be translated into pin objects. This could be due to the insertion of IO Buffers between the top level terminal and cell pin. If the goal is to apply constraints that will migrate to top level ports it is required that IO Buffers manually be instanced.
CRITICAL WARNING: [Netlist 29-160] Cannot set property 'drive', because the property does not exist for objects of type 'pin'. [d:/coding/computer_organization/exp2nd/micro/project_1/project_1.gen/sources_1/bd/design_1/ip/design_1_cg_fpga_0_0/src/cg_fpga_processing_system7_0_0/cg_fpga_processing_system7_0_0.xdc:145]
Resolution: Modify the set_property command to apply the property on the correct object type. Since the property is being applied as a scoped constraint, ensure the proper connectivity of the object port objects can be translated into pin objects. This could be due to the insertion of IO Buffers between the top level terminal and cell pin. If the goal is to apply constraints that will migrate to top level ports it is required that IO Buffers manually be instanced.
INFO: [Common 17-14] Message 'Netlist 29-160' appears 100 times and further instances of the messages will be disabled. Use the Tcl command set_msg_config to change the current settings. [d:/coding/computer_organization/exp2nd/micro/project_1/project_1.gen/sources_1/bd/design_1/ip/design_1_cg_fpga_0_0/src/cg_fpga_processing_system7_0_0/cg_fpga_processing_system7_0_0.xdc:145]
Finished Parsing XDC File [d:/coding/computer_organization/exp2nd/micro/project_1/project_1.gen/sources_1/bd/design_1/ip/design_1_cg_fpga_0_0/src/cg_fpga_processing_system7_0_0/cg_fpga_processing_system7_0_0.xdc] for cell 'design_1_i/cg_fpga_0/inst/processing_system7_0/inst'
Parsing XDC File [d:/coding/computer_organization/exp2nd/micro/project_1/project_1.gen/sources_1/bd/design_1/ip/design_1_cg_fpga_0_0/src/cg_fpga_axi_vdma_0_0/cg_fpga_axi_vdma_0_0.xdc] for cell 'design_1_i/cg_fpga_0/inst/cg_axi_vdma_0/U0'
WARNING: [Vivado_Tcl 4-921] Waiver ID 'CDC-4' -to list should not be empty. [d:/coding/computer_organization/exp2nd/micro/project_1/project_1.gen/sources_1/bd/design_1/ip/design_1_cg_fpga_0_0/src/cg_fpga_axi_vdma_0_0/cg_fpga_axi_vdma_0_0.xdc:68]
WARNING: [Vivado_Tcl 4-921] Waiver ID 'CDC-4' -to list should not be empty. [d:/coding/computer_organization/exp2nd/micro/project_1/project_1.gen/sources_1/bd/design_1/ip/design_1_cg_fpga_0_0/src/cg_fpga_axi_vdma_0_0/cg_fpga_axi_vdma_0_0.xdc:72]
WARNING: [Vivado_Tcl 4-921] Waiver ID 'CDC-4' -to list should not be empty. [d:/coding/computer_organization/exp2nd/micro/project_1/project_1.gen/sources_1/bd/design_1/ip/design_1_cg_fpga_0_0/src/cg_fpga_axi_vdma_0_0/cg_fpga_axi_vdma_0_0.xdc:76]
WARNING: [Vivado_Tcl 4-921] Waiver ID 'CDC-4' -to list should not be empty. [d:/coding/computer_organization/exp2nd/micro/project_1/project_1.gen/sources_1/bd/design_1/ip/design_1_cg_fpga_0_0/src/cg_fpga_axi_vdma_0_0/cg_fpga_axi_vdma_0_0.xdc:80]
WARNING: [Vivado_Tcl 4-921] Waiver ID 'CDC-1' -to list should not be empty. [d:/coding/computer_organization/exp2nd/micro/project_1/project_1.gen/sources_1/bd/design_1/ip/design_1_cg_fpga_0_0/src/cg_fpga_axi_vdma_0_0/cg_fpga_axi_vdma_0_0.xdc:84]
WARNING: [Vivado_Tcl 4-921] Waiver ID 'CDC-4' -to list should not be empty. [d:/coding/computer_organization/exp2nd/micro/project_1/project_1.gen/sources_1/bd/design_1/ip/design_1_cg_fpga_0_0/src/cg_fpga_axi_vdma_0_0/cg_fpga_axi_vdma_0_0.xdc:88]
WARNING: [Vivado_Tcl 4-921] Waiver ID 'CDC-4' -to list should not be empty. [d:/coding/computer_organization/exp2nd/micro/project_1/project_1.gen/sources_1/bd/design_1/ip/design_1_cg_fpga_0_0/src/cg_fpga_axi_vdma_0_0/cg_fpga_axi_vdma_0_0.xdc:92]
WARNING: [Vivado_Tcl 4-921] Waiver ID 'CDC-4' -to list should not be empty. [d:/coding/computer_organization/exp2nd/micro/project_1/project_1.gen/sources_1/bd/design_1/ip/design_1_cg_fpga_0_0/src/cg_fpga_axi_vdma_0_0/cg_fpga_axi_vdma_0_0.xdc:96]
WARNING: [Vivado_Tcl 4-921] Waiver ID 'CDC-4' -to list should not be empty. [d:/coding/computer_organization/exp2nd/micro/project_1/project_1.gen/sources_1/bd/design_1/ip/design_1_cg_fpga_0_0/src/cg_fpga_axi_vdma_0_0/cg_fpga_axi_vdma_0_0.xdc:100]
WARNING: [Vivado_Tcl 4-921] Waiver ID 'CDC-4' -to list should not be empty. [d:/coding/computer_organization/exp2nd/micro/project_1/project_1.gen/sources_1/bd/design_1/ip/design_1_cg_fpga_0_0/src/cg_fpga_axi_vdma_0_0/cg_fpga_axi_vdma_0_0.xdc:104]
WARNING: [Vivado_Tcl 4-921] Waiver ID 'CDC-1' -to list should not be empty. [d:/coding/computer_organization/exp2nd/micro/project_1/project_1.gen/sources_1/bd/design_1/ip/design_1_cg_fpga_0_0/src/cg_fpga_axi_vdma_0_0/cg_fpga_axi_vdma_0_0.xdc:108]
WARNING: [Vivado_Tcl 4-921] Waiver ID 'CDC-6' -to list should not be empty. [d:/coding/computer_organization/exp2nd/micro/project_1/project_1.gen/sources_1/bd/design_1/ip/design_1_cg_fpga_0_0/src/cg_fpga_axi_vdma_0_0/cg_fpga_axi_vdma_0_0.xdc:192]
WARNING: [Vivado_Tcl 4-921] Waiver ID 'CDC-6' -to list should not be empty. [d:/coding/computer_organization/exp2nd/micro/project_1/project_1.gen/sources_1/bd/design_1/ip/design_1_cg_fpga_0_0/src/cg_fpga_axi_vdma_0_0/cg_fpga_axi_vdma_0_0.xdc:196]
WARNING: [Vivado_Tcl 4-921] Waiver ID 'CDC-6' -to list should not be empty. [d:/coding/computer_organization/exp2nd/micro/project_1/project_1.gen/sources_1/bd/design_1/ip/design_1_cg_fpga_0_0/src/cg_fpga_axi_vdma_0_0/cg_fpga_axi_vdma_0_0.xdc:200]
WARNING: [Vivado_Tcl 4-921] Waiver ID 'CDC-6' -to list should not be empty. [d:/coding/computer_organization/exp2nd/micro/project_1/project_1.gen/sources_1/bd/design_1/ip/design_1_cg_fpga_0_0/src/cg_fpga_axi_vdma_0_0/cg_fpga_axi_vdma_0_0.xdc:204]
WARNING: [Vivado_Tcl 4-921] Waiver ID 'CDC-6' -to list should not be empty. [d:/coding/computer_organization/exp2nd/micro/project_1/project_1.gen/sources_1/bd/design_1/ip/design_1_cg_fpga_0_0/src/cg_fpga_axi_vdma_0_0/cg_fpga_axi_vdma_0_0.xdc:208]
WARNING: [Vivado_Tcl 4-921] Waiver ID 'CDC-6' -to list should not be empty. [d:/coding/computer_organization/exp2nd/micro/project_1/project_1.gen/sources_1/bd/design_1/ip/design_1_cg_fpga_0_0/src/cg_fpga_axi_vdma_0_0/cg_fpga_axi_vdma_0_0.xdc:212]
WARNING: [Vivado_Tcl 4-921] Waiver ID 'CDC-6' -to list should not be empty. [d:/coding/computer_organization/exp2nd/micro/project_1/project_1.gen/sources_1/bd/design_1/ip/design_1_cg_fpga_0_0/src/cg_fpga_axi_vdma_0_0/cg_fpga_axi_vdma_0_0.xdc:216]
WARNING: [Vivado_Tcl 4-921] Waiver ID 'CDC-6' -to list should not be empty. [d:/coding/computer_organization/exp2nd/micro/project_1/project_1.gen/sources_1/bd/design_1/ip/design_1_cg_fpga_0_0/src/cg_fpga_axi_vdma_0_0/cg_fpga_axi_vdma_0_0.xdc:220]
Finished Parsing XDC File [d:/coding/computer_organization/exp2nd/micro/project_1/project_1.gen/sources_1/bd/design_1/ip/design_1_cg_fpga_0_0/src/cg_fpga_axi_vdma_0_0/cg_fpga_axi_vdma_0_0.xdc] for cell 'design_1_i/cg_fpga_0/inst/cg_axi_vdma_0/U0'
Parsing XDC File [d:/coding/computer_organization/exp2nd/micro/project_1/project_1.gen/sources_1/bd/design_1/ip/design_1_cg_fpga_0_0/src/cg_fpga_rst_ps7_0_50M_0/cg_fpga_rst_ps7_0_50M_0_board.xdc] for cell 'design_1_i/cg_fpga_0/inst/rst_ps7_0_100M/U0'
Finished Parsing XDC File [d:/coding/computer_organization/exp2nd/micro/project_1/project_1.gen/sources_1/bd/design_1/ip/design_1_cg_fpga_0_0/src/cg_fpga_rst_ps7_0_50M_0/cg_fpga_rst_ps7_0_50M_0_board.xdc] for cell 'design_1_i/cg_fpga_0/inst/rst_ps7_0_100M/U0'
Parsing XDC File [d:/coding/computer_organization/exp2nd/micro/project_1/project_1.gen/sources_1/bd/design_1/ip/design_1_cg_fpga_0_0/src/cg_fpga_rst_ps7_0_50M_0/cg_fpga_rst_ps7_0_50M_0.xdc] for cell 'design_1_i/cg_fpga_0/inst/rst_ps7_0_100M/U0'
WARNING: [Vivado_Tcl 4-921] Waiver ID 'CDC-11' -to list should not be empty. [d:/coding/computer_organization/exp2nd/micro/project_1/project_1.gen/sources_1/bd/design_1/ip/design_1_cg_fpga_0_0/src/cg_fpga_rst_ps7_0_50M_0/cg_fpga_rst_ps7_0_50M_0.xdc:50]
Finished Parsing XDC File [d:/coding/computer_organization/exp2nd/micro/project_1/project_1.gen/sources_1/bd/design_1/ip/design_1_cg_fpga_0_0/src/cg_fpga_rst_ps7_0_50M_0/cg_fpga_rst_ps7_0_50M_0.xdc] for cell 'design_1_i/cg_fpga_0/inst/rst_ps7_0_100M/U0'
Parsing XDC File [d:/coding/computer_organization/exp2nd/micro/project_1/project_1.gen/sources_1/bd/design_1/ip/design_1_cg_fpga_0_0/src/cg_fpga_axi_intc_0_0/cg_fpga_axi_intc_0_0.xdc] for cell 'design_1_i/cg_fpga_0/inst/cg_axi_intc_0/U0'
Finished Parsing XDC File [d:/coding/computer_organization/exp2nd/micro/project_1/project_1.gen/sources_1/bd/design_1/ip/design_1_cg_fpga_0_0/src/cg_fpga_axi_intc_0_0/cg_fpga_axi_intc_0_0.xdc] for cell 'design_1_i/cg_fpga_0/inst/cg_axi_intc_0/U0'
Parsing XDC File [d:/coding/computer_organization/exp2nd/micro/project_1/project_1.gen/sources_1/bd/design_1/ip/design_1_cg_fpga_0_0/src/cg_fpga_axi_uartlite_0_0/cg_fpga_axi_uartlite_0_0_board.xdc] for cell 'design_1_i/cg_fpga_0/inst/cg_axi_uartlite_0/U0'
Finished Parsing XDC File [d:/coding/computer_organization/exp2nd/micro/project_1/project_1.gen/sources_1/bd/design_1/ip/design_1_cg_fpga_0_0/src/cg_fpga_axi_uartlite_0_0/cg_fpga_axi_uartlite_0_0_board.xdc] for cell 'design_1_i/cg_fpga_0/inst/cg_axi_uartlite_0/U0'
Parsing XDC File [d:/coding/computer_organization/exp2nd/micro/project_1/project_1.gen/sources_1/bd/design_1/ip/design_1_cg_fpga_0_0/src/cg_fpga_axi_uartlite_0_0/cg_fpga_axi_uartlite_0_0.xdc] for cell 'design_1_i/cg_fpga_0/inst/cg_axi_uartlite_0/U0'
Finished Parsing XDC File [d:/coding/computer_organization/exp2nd/micro/project_1/project_1.gen/sources_1/bd/design_1/ip/design_1_cg_fpga_0_0/src/cg_fpga_axi_uartlite_0_0/cg_fpga_axi_uartlite_0_0.xdc] for cell 'design_1_i/cg_fpga_0/inst/cg_axi_uartlite_0/U0'
Parsing XDC File [d:/coding/computer_organization/exp2nd/micro/project_1/project_1.gen/sources_1/bd/design_1/ip/design_1_cg_fpga_0_0/src/cg_fpga_cg_fpga_axi_gpio_i1_0/cg_fpga_cg_fpga_axi_gpio_i1_0_board.xdc] for cell 'design_1_i/cg_fpga_0/inst/cg_fpga_axi_gpio_i2/U0'
Finished Parsing XDC File [d:/coding/computer_organization/exp2nd/micro/project_1/project_1.gen/sources_1/bd/design_1/ip/design_1_cg_fpga_0_0/src/cg_fpga_cg_fpga_axi_gpio_i1_0/cg_fpga_cg_fpga_axi_gpio_i1_0_board.xdc] for cell 'design_1_i/cg_fpga_0/inst/cg_fpga_axi_gpio_i2/U0'
Parsing XDC File [d:/coding/computer_organization/exp2nd/micro/project_1/project_1.gen/sources_1/bd/design_1/ip/design_1_cg_fpga_0_0/src/cg_fpga_cg_fpga_axi_gpio_i1_0/cg_fpga_cg_fpga_axi_gpio_i1_0.xdc] for cell 'design_1_i/cg_fpga_0/inst/cg_fpga_axi_gpio_i2/U0'
Finished Parsing XDC File [d:/coding/computer_organization/exp2nd/micro/project_1/project_1.gen/sources_1/bd/design_1/ip/design_1_cg_fpga_0_0/src/cg_fpga_cg_fpga_axi_gpio_i1_0/cg_fpga_cg_fpga_axi_gpio_i1_0.xdc] for cell 'design_1_i/cg_fpga_0/inst/cg_fpga_axi_gpio_i2/U0'
Parsing XDC File [d:/coding/computer_organization/exp2nd/micro/project_1/project_1.gen/sources_1/bd/design_1/ip/design_1_cg_fpga_0_0/src/cg_fpga_cg_fpga_axi_gpio_o1_1/cg_fpga_cg_fpga_axi_gpio_o1_1_board.xdc] for cell 'design_1_i/cg_fpga_0/inst/cg_fpga_axi_gpio_i1/U0'
Finished Parsing XDC File [d:/coding/computer_organization/exp2nd/micro/project_1/project_1.gen/sources_1/bd/design_1/ip/design_1_cg_fpga_0_0/src/cg_fpga_cg_fpga_axi_gpio_o1_1/cg_fpga_cg_fpga_axi_gpio_o1_1_board.xdc] for cell 'design_1_i/cg_fpga_0/inst/cg_fpga_axi_gpio_i1/U0'
Parsing XDC File [d:/coding/computer_organization/exp2nd/micro/project_1/project_1.gen/sources_1/bd/design_1/ip/design_1_cg_fpga_0_0/src/cg_fpga_cg_fpga_axi_gpio_o1_1/cg_fpga_cg_fpga_axi_gpio_o1_1.xdc] for cell 'design_1_i/cg_fpga_0/inst/cg_fpga_axi_gpio_i1/U0'
Finished Parsing XDC File [d:/coding/computer_organization/exp2nd/micro/project_1/project_1.gen/sources_1/bd/design_1/ip/design_1_cg_fpga_0_0/src/cg_fpga_cg_fpga_axi_gpio_o1_1/cg_fpga_cg_fpga_axi_gpio_o1_1.xdc] for cell 'design_1_i/cg_fpga_0/inst/cg_fpga_axi_gpio_i1/U0'
Parsing XDC File [d:/coding/computer_organization/exp2nd/micro/project_1/project_1.gen/sources_1/bd/design_1/ip/design_1_cg_fpga_0_0/src/cg_fpga_cg_fpga_axi_gpio_o1_0/cg_fpga_cg_fpga_axi_gpio_o1_0_board.xdc] for cell 'design_1_i/cg_fpga_0/inst/cg_fpga_axi_gpio_o2/U0'
Finished Parsing XDC File [d:/coding/computer_organization/exp2nd/micro/project_1/project_1.gen/sources_1/bd/design_1/ip/design_1_cg_fpga_0_0/src/cg_fpga_cg_fpga_axi_gpio_o1_0/cg_fpga_cg_fpga_axi_gpio_o1_0_board.xdc] for cell 'design_1_i/cg_fpga_0/inst/cg_fpga_axi_gpio_o2/U0'
Parsing XDC File [d:/coding/computer_organization/exp2nd/micro/project_1/project_1.gen/sources_1/bd/design_1/ip/design_1_cg_fpga_0_0/src/cg_fpga_cg_fpga_axi_gpio_o1_0/cg_fpga_cg_fpga_axi_gpio_o1_0.xdc] for cell 'design_1_i/cg_fpga_0/inst/cg_fpga_axi_gpio_o2/U0'
Finished Parsing XDC File [d:/coding/computer_organization/exp2nd/micro/project_1/project_1.gen/sources_1/bd/design_1/ip/design_1_cg_fpga_0_0/src/cg_fpga_cg_fpga_axi_gpio_o1_0/cg_fpga_cg_fpga_axi_gpio_o1_0.xdc] for cell 'design_1_i/cg_fpga_0/inst/cg_fpga_axi_gpio_o2/U0'
Parsing XDC File [d:/coding/computer_organization/exp2nd/micro/project_1/project_1.gen/sources_1/bd/design_1/ip/design_1_cg_fpga_0_0/src/cg_fpga_axi_gpio_0_0/cg_fpga_axi_gpio_0_0_board.xdc] for cell 'design_1_i/cg_fpga_0/inst/cg_fpga_axi_gpio_o1/U0'
Finished Parsing XDC File [d:/coding/computer_organization/exp2nd/micro/project_1/project_1.gen/sources_1/bd/design_1/ip/design_1_cg_fpga_0_0/src/cg_fpga_axi_gpio_0_0/cg_fpga_axi_gpio_0_0_board.xdc] for cell 'design_1_i/cg_fpga_0/inst/cg_fpga_axi_gpio_o1/U0'
Parsing XDC File [d:/coding/computer_organization/exp2nd/micro/project_1/project_1.gen/sources_1/bd/design_1/ip/design_1_cg_fpga_0_0/src/cg_fpga_axi_gpio_0_0/cg_fpga_axi_gpio_0_0.xdc] for cell 'design_1_i/cg_fpga_0/inst/cg_fpga_axi_gpio_o1/U0'
Finished Parsing XDC File [d:/coding/computer_organization/exp2nd/micro/project_1/project_1.gen/sources_1/bd/design_1/ip/design_1_cg_fpga_0_0/src/cg_fpga_axi_gpio_0_0/cg_fpga_axi_gpio_0_0.xdc] for cell 'design_1_i/cg_fpga_0/inst/cg_fpga_axi_gpio_o1/U0'
Parsing XDC File [d:/coding/computer_organization/exp2nd/micro/project_1/project_1.gen/sources_1/bd/design_1/ip/design_1_cg_fpga_0_0/src/cg_fpga_axi_vdma_0_0/cg_fpga_axi_vdma_0_0_clocks.xdc] for cell 'design_1_i/cg_fpga_0/inst/cg_axi_vdma_0/U0'
Finished Parsing XDC File [d:/coding/computer_organization/exp2nd/micro/project_1/project_1.gen/sources_1/bd/design_1/ip/design_1_cg_fpga_0_0/src/cg_fpga_axi_vdma_0_0/cg_fpga_axi_vdma_0_0_clocks.xdc] for cell 'design_1_i/cg_fpga_0/inst/cg_axi_vdma_0/U0'
Parsing XDC File [d:/coding/computer_organization/exp2nd/micro/project_1/project_1.gen/sources_1/bd/design_1/ip/design_1_cg_fpga_0_0/src/cg_fpga_v_vid_in_axi4s_0_0/cg_fpga_v_vid_in_axi4s_0_0_clocks.xdc] for cell 'design_1_i/cg_fpga_0/inst/v_vid_in_axi4s_0/inst'
Finished Parsing XDC File [d:/coding/computer_organization/exp2nd/micro/project_1/project_1.gen/sources_1/bd/design_1/ip/design_1_cg_fpga_0_0/src/cg_fpga_v_vid_in_axi4s_0_0/cg_fpga_v_vid_in_axi4s_0_0_clocks.xdc] for cell 'design_1_i/cg_fpga_0/inst/v_vid_in_axi4s_0/inst'
Parsing XDC File [d:/coding/computer_organization/exp2nd/micro/project_1/project_1.gen/sources_1/bd/design_1/ip/design_1_cg_fpga_0_0/src/cg_fpga_axi_intc_0_0/cg_fpga_axi_intc_0_0_clocks.xdc] for cell 'design_1_i/cg_fpga_0/inst/cg_axi_intc_0/U0'
Finished Parsing XDC File [d:/coding/computer_organization/exp2nd/micro/project_1/project_1.gen/sources_1/bd/design_1/ip/design_1_cg_fpga_0_0/src/cg_fpga_axi_intc_0_0/cg_fpga_axi_intc_0_0_clocks.xdc] for cell 'design_1_i/cg_fpga_0/inst/cg_axi_intc_0/U0'
INFO: [Project 1-1714] 17 XPM XDC files have been applied to the design.
INFO: [Opt 31-138] Pushed 0 inverter(s) to 0 load pin(s).
INFO: [Project 1-1687] 1 scoped IP constraints or related sub-commands were skipped due to synthesis logic optimizations usually triggered by constant connectivity or unconnected output pins. To review the skipped constraints and messages, run the command 'set_param netlist.IPMsgFiltering false' before opening the design.
Netlist sorting complete. Time (s): cpu = 00:00:00 ; elapsed = 00:00:00.015 . Memory (MB): peak = 1470.516 ; gain = 0.000
INFO: [Project 1-111] Unisim Transformation Summary:
  A total of 3 instances were transformed.
  RAM32M => RAM32M (RAMD32(x6), RAMS32(x2)): 3 instances

114 Infos, 20 Warnings, 100 Critical Warnings and 0 Errors encountered.
link_design completed successfully
link_design: Time (s): cpu = 00:00:29 ; elapsed = 00:00:33 . Memory (MB): peak = 1470.516 ; gain = 1039.270
Command: opt_design
Attempting to get a license for feature 'Implementation' and/or device 'xc7z020'
INFO: [Common 17-349] Got license for feature 'Implementation' and/or device 'xc7z020'
Running DRC as a precondition to command opt_design

Starting DRC Task
INFO: [DRC 23-27] Running DRC with 2 threads
INFO: [Project 1-461] DRC finished with 0 Errors
INFO: [Project 1-462] Please refer to the DRC report (report_drc) for more information.

Time (s): cpu = 00:00:03 ; elapsed = 00:00:02 . Memory (MB): peak = 1470.516 ; gain = 0.000

Starting Cache Timing Information Task
INFO: [Timing 38-35] Done setting XDC timing constraints.
Ending Cache Timing Information Task | Checksum: 1baaeb698

Time (s): cpu = 00:00:01 ; elapsed = 00:00:00.952 . Memory (MB): peak = 1470.516 ; gain = 0.000

Starting Logic Optimization Task

Phase 1 Initialization

Phase 1.1 Core Generation And Design Setup
Phase 1.1 Core Generation And Design Setup | Checksum: 1baaeb698

Time (s): cpu = 00:00:00 ; elapsed = 00:00:00.032 . Memory (MB): peak = 1844.664 ; gain = 0.000

Phase 1.2 Setup Constraints And Sort Netlist
Phase 1.2 Setup Constraints And Sort Netlist | Checksum: 1baaeb698

Time (s): cpu = 00:00:00 ; elapsed = 00:00:00.055 . Memory (MB): peak = 1844.664 ; gain = 0.000
Phase 1 Initialization | Checksum: 1baaeb698

Time (s): cpu = 00:00:00 ; elapsed = 00:00:00.057 . Memory (MB): peak = 1844.664 ; gain = 0.000

Phase 2 Timer Update And Timing Data Collection

Phase 2.1 Timer Update
Phase 2.1 Timer Update | Checksum: 1baaeb698

Time (s): cpu = 00:00:01 ; elapsed = 00:00:00.477 . Memory (MB): peak = 1844.664 ; gain = 0.000

Phase 2.2 Timing Data Collection
Phase 2.2 Timing Data Collection | Checksum: 1baaeb698

Time (s): cpu = 00:00:01 ; elapsed = 00:00:00.553 . Memory (MB): peak = 1844.664 ; gain = 0.000
Phase 2 Timer Update And Timing Data Collection | Checksum: 1baaeb698

Time (s): cpu = 00:00:01 ; elapsed = 00:00:00.555 . Memory (MB): peak = 1844.664 ; gain = 0.000

Phase 3 Retarget
INFO: [Opt 31-1851] Number of loadless carry chains removed were: 0
INFO: [Opt 31-1834] Total Chains To Be Transformed Were: 0 AND Number of Transformed insts Created are: 0
INFO: [Opt 31-1566] Pulled 13 inverters resulting in an inversion of 41 pins
INFO: [Opt 31-138] Pushed 5 inverter(s) to 267 load pin(s).
INFO: [Opt 31-49] Retargeted 0 cell(s).
Phase 3 Retarget | Checksum: 1573d6588

Time (s): cpu = 00:00:01 ; elapsed = 00:00:01 . Memory (MB): peak = 1844.664 ; gain = 0.000
Retarget | Checksum: 1573d6588
INFO: [Opt 31-389] Phase Retarget created 60 cells and removed 354 cells
INFO: [Opt 31-1021] In phase Retarget, 27 netlist objects are constrained preventing optimization. Please run opt_design with -debug_log to get more detail. 

Phase 4 Constant propagation
INFO: [Opt 31-138] Pushed 6 inverter(s) to 6 load pin(s).
Phase 4 Constant propagation | Checksum: 12be76170

Time (s): cpu = 00:00:02 ; elapsed = 00:00:01 . Memory (MB): peak = 1844.664 ; gain = 0.000
Constant propagation | Checksum: 12be76170
INFO: [Opt 31-389] Phase Constant propagation created 107 cells and removed 493 cells
INFO: [Opt 31-1021] In phase Constant propagation, 48 netlist objects are constrained preventing optimization. Please run opt_design with -debug_log to get more detail. 

Phase 5 Sweep
INFO: [Constraints 18-11670] Building netlist checker database with flags, 0x8
Done building netlist checker database: Time (s): cpu = 00:00:00 ; elapsed = 00:00:00.010 . Memory (MB): peak = 1844.664 ; gain = 0.000
INFO: [Constraints 18-11670] Building netlist checker database with flags, 0x8
Done building netlist checker database: Time (s): cpu = 00:00:00 ; elapsed = 00:00:00.009 . Memory (MB): peak = 1844.664 ; gain = 0.000
Phase 5 Sweep | Checksum: 10e1a1492

Time (s): cpu = 00:00:02 ; elapsed = 00:00:02 . Memory (MB): peak = 1844.664 ; gain = 0.000
Sweep | Checksum: 10e1a1492
INFO: [Opt 31-389] Phase Sweep created 0 cells and removed 743 cells
INFO: [Opt 31-1021] In phase Sweep, 161 netlist objects are constrained preventing optimization. Please run opt_design with -debug_log to get more detail. 

Phase 6 BUFG optimization
INFO: [Opt 31-194] Inserted BUFG design_1_i/cg_fpga_0/inst/cg_fpga_axi_gpio_o2/U0/gpio_core_1/gpio_io_o[9]_BUFG_inst to drive 208 load(s) on clock net design_1_i/cg_fpga_0/inst/cg_fpga_axi_gpio_o2/U0/gpio_core_1/gpio_io_o_BUFG[9]
INFO: [Opt 31-193] Inserted 1 BUFG(s) on clock nets
Phase 6 BUFG optimization | Checksum: d58bf727

Time (s): cpu = 00:00:02 ; elapsed = 00:00:02 . Memory (MB): peak = 1844.664 ; gain = 0.000
BUFG optimization | Checksum: d58bf727
INFO: [Opt 31-662] Phase BUFG optimization created 1 cells of which 1 are BUFGs and removed 0 cells.

Phase 7 Shift Register Optimization
INFO: [Opt 31-1064] SRL Remap converted 0 SRLs to 0 registers and converted 0 registers of register chains to 0 SRLs
Phase 7 Shift Register Optimization | Checksum: d58bf727

Time (s): cpu = 00:00:03 ; elapsed = 00:00:02 . Memory (MB): peak = 1844.664 ; gain = 0.000
Shift Register Optimization | Checksum: d58bf727
INFO: [Opt 31-389] Phase Shift Register Optimization created 0 cells and removed 0 cells

Phase 8 Post Processing Netlist
INFO: [Opt 31-1566] Pulled 10 inverters resulting in an inversion of 20 pins
Phase 8 Post Processing Netlist | Checksum: 15ac531ae

Time (s): cpu = 00:00:03 ; elapsed = 00:00:02 . Memory (MB): peak = 1844.664 ; gain = 0.000
Post Processing Netlist | Checksum: 15ac531ae
INFO: [Opt 31-389] Phase Post Processing Netlist created 0 cells and removed 10 cells
INFO: [Opt 31-1021] In phase Post Processing Netlist, 33 netlist objects are constrained preventing optimization. Please run opt_design with -debug_log to get more detail. 

Phase 9 Finalization

Phase 9.1 Finalizing Design Cores and Updating Shapes
Phase 9.1 Finalizing Design Cores and Updating Shapes | Checksum: 10ed0bcf4

Time (s): cpu = 00:00:03 ; elapsed = 00:00:03 . Memory (MB): peak = 1844.664 ; gain = 0.000

Phase 9.2 Verifying Netlist Connectivity

Starting Connectivity Check Task

Time (s): cpu = 00:00:00 ; elapsed = 00:00:00.048 . Memory (MB): peak = 1844.664 ; gain = 0.000
Phase 9.2 Verifying Netlist Connectivity | Checksum: 10ed0bcf4

Time (s): cpu = 00:00:03 ; elapsed = 00:00:03 . Memory (MB): peak = 1844.664 ; gain = 0.000
Phase 9 Finalization | Checksum: 10ed0bcf4

Time (s): cpu = 00:00:03 ; elapsed = 00:00:03 . Memory (MB): peak = 1844.664 ; gain = 0.000
Opt_design Change Summary
=========================


-------------------------------------------------------------------------------------------------------------------------
|  Phase                        |  #Cells created  |  #Cells Removed  |  #Constrained objects preventing optimizations  |
-------------------------------------------------------------------------------------------------------------------------
|  Retarget                     |              60  |             354  |                                             27  |
|  Constant propagation         |             107  |             493  |                                             48  |
|  Sweep                        |               0  |             743  |                                            161  |
|  BUFG optimization            |               1  |               0  |                                              0  |
|  Shift Register Optimization  |               0  |               0  |                                              0  |
|  Post Processing Netlist      |               0  |              10  |                                             33  |
-------------------------------------------------------------------------------------------------------------------------


Ending Logic Optimization Task | Checksum: 10ed0bcf4

Time (s): cpu = 00:00:03 ; elapsed = 00:00:03 . Memory (MB): peak = 1844.664 ; gain = 0.000

Starting Power Optimization Task
INFO: [Pwropt 34-132] Skipping clock gating for clocks with a period < 2.00 ns.
INFO: [Pwropt 34-9] Applying IDT optimizations ...
INFO: [Pwropt 34-10] Applying ODC optimizations ...
INFO: [Timing 38-35] Done setting XDC timing constraints.
Running Vector-less Activity Propagation...

Finished Running Vector-less Activity Propagation


Starting PowerOpt Patch Enables Task
INFO: [Pwropt 34-162] WRITE_MODE attribute of 0 BRAM(s) out of a total of 7 has been updated to save power. Run report_power_opt to get a complete listing of the BRAMs updated.
INFO: [Pwropt 34-201] Structural ODC has moved 2 WE to EN ports
Number of BRAM Ports augmented: 9 newly gated: 2 Total Ports: 14
Ending PowerOpt Patch Enables Task | Checksum: d0f8c266

Time (s): cpu = 00:00:00 ; elapsed = 00:00:00.133 . Memory (MB): peak = 2026.641 ; gain = 0.000
Ending Power Optimization Task | Checksum: d0f8c266

Time (s): cpu = 00:00:09 ; elapsed = 00:00:05 . Memory (MB): peak = 2026.641 ; gain = 181.977

Starting Final Cleanup Task
Ending Final Cleanup Task | Checksum: d0f8c266

Time (s): cpu = 00:00:00 ; elapsed = 00:00:00.002 . Memory (MB): peak = 2026.641 ; gain = 0.000

Starting Netlist Obfuscation Task
Netlist sorting complete. Time (s): cpu = 00:00:00 ; elapsed = 00:00:00.050 . Memory (MB): peak = 2026.641 ; gain = 0.000
Ending Netlist Obfuscation Task | Checksum: 101323ebe

Time (s): cpu = 00:00:00 ; elapsed = 00:00:00.053 . Memory (MB): peak = 2026.641 ; gain = 0.000
INFO: [Common 17-83] Releasing license: Implementation
148 Infos, 20 Warnings, 100 Critical Warnings and 0 Errors encountered.
opt_design completed successfully
opt_design: Time (s): cpu = 00:00:22 ; elapsed = 00:00:17 . Memory (MB): peak = 2026.641 ; gain = 556.125
INFO: [Vivado 12-24828] Executing command : report_drc -file design_1_wrapper_drc_opted.rpt -pb design_1_wrapper_drc_opted.pb -rpx design_1_wrapper_drc_opted.rpx
Command: report_drc -file design_1_wrapper_drc_opted.rpt -pb design_1_wrapper_drc_opted.pb -rpx design_1_wrapper_drc_opted.rpx
INFO: [IP_Flow 19-1839] IP Catalog is up to date.
INFO: [DRC 23-27] Running DRC with 2 threads
INFO: [Vivado_Tcl 2-168] The results of DRC are in file D:/coding/computer_organization/exp2nd/micro/project_1/project_1.runs/impl_1/design_1_wrapper_drc_opted.rpt.
report_drc completed successfully
INFO: [Timing 38-35] Done setting XDC timing constraints.
INFO: [Timing 38-480] Writing timing data to binary archive.
Write ShapeDB Complete: Time (s): cpu = 00:00:00 ; elapsed = 00:00:00.061 . Memory (MB): peak = 2026.641 ; gain = 0.000
INFO: [Common 17-1381] The checkpoint 'D:/coding/computer_organization/exp2nd/micro/project_1/project_1.runs/impl_1/design_1_wrapper_opt.dcp' has been generated.
Command: place_design
Attempting to get a license for feature 'Implementation' and/or device 'xc7z020'
INFO: [Common 17-349] Got license for feature 'Implementation' and/or device 'xc7z020'
INFO: [Common 17-83] Releasing license: Implementation
INFO: [DRC 23-27] Running DRC with 2 threads
INFO: [Vivado_Tcl 4-198] DRC finished with 0 Errors
INFO: [Vivado_Tcl 4-199] Please refer to the DRC report (report_drc) for more information.
Running DRC as a precondition to command place_design
INFO: [DRC 23-27] Running DRC with 2 threads
INFO: [Vivado_Tcl 4-198] DRC finished with 0 Errors, 16 Warnings
INFO: [Vivado_Tcl 4-199] Please refer to the DRC report (report_drc) for more information.
INFO: [Place 30-611] Multithreading enabled for place_design using a maximum of 2 CPUs

Starting Placer Task

Phase 1 Placer Initialization

Phase 1.1 Placer Initialization Netlist Sorting
Netlist sorting complete. Time (s): cpu = 00:00:00 ; elapsed = 00:00:00.012 . Memory (MB): peak = 2026.641 ; gain = 0.000
Phase 1.1 Placer Initialization Netlist Sorting | Checksum: 3cd919b3

Time (s): cpu = 00:00:00 ; elapsed = 00:00:00.020 . Memory (MB): peak = 2026.641 ; gain = 0.000
Netlist sorting complete. Time (s): cpu = 00:00:00 ; elapsed = 00:00:00.014 . Memory (MB): peak = 2026.641 ; gain = 0.000

Phase 1.2 IO Placement/ Clock Placement/ Build Placer Device
WARNING: [Place 30-568] A LUT 'design_1_i/and_gate_0/y_INST_0' is driving clock pin of 1 registers. This could lead to large hold time violations. First few involved registers are:
	design_1_i/ram_0/inst/ram0_i/U0/inst_blk_mem_gen/gnbram.gnativebmg.native_blk_mem_gen/valid.cstr/ramloop[0].ram.r/prim_init.ram/DEVICE_7SERIES.NO_BMM_INFO.SP.WIDE_PRIM18.ram {RAMB18E1}
WARNING: [Place 30-568] A LUT 'design_1_i/pc/and_gate_0/y_INST_0' is driving clock pin of 16 registers. This could lead to large hold time violations. First few involved registers are:
	design_1_i/pc/ic_74161_0/inst/q_reg[2] {FDCE}
	design_1_i/pc/ic_74161_0/inst/q_reg[1] {FDCE}
	design_1_i/pc/ic_74161_0/inst/q_reg[3] {FDCE}
	design_1_i/pc/ic_74161_0/inst/q_reg[0] {FDCE}
	design_1_i/pc/ic_74161_1/inst/q_reg[2] {FDCE}
Phase 1.2 IO Placement/ Clock Placement/ Build Placer Device | Checksum: e4b44e79

Time (s): cpu = 00:00:02 ; elapsed = 00:00:01 . Memory (MB): peak = 2026.641 ; gain = 0.000

Phase 1.3 Build Placer Netlist Model
Phase 1.3 Build Placer Netlist Model | Checksum: 1d6d469ea

Time (s): cpu = 00:00:07 ; elapsed = 00:00:05 . Memory (MB): peak = 2026.641 ; gain = 0.000

Phase 1.4 Constrain Clocks/Macros
Phase 1.4 Constrain Clocks/Macros | Checksum: 1d6d469ea

Time (s): cpu = 00:00:07 ; elapsed = 00:00:05 . Memory (MB): peak = 2026.641 ; gain = 0.000
Phase 1 Placer Initialization | Checksum: 1d6d469ea

Time (s): cpu = 00:00:07 ; elapsed = 00:00:05 . Memory (MB): peak = 2026.641 ; gain = 0.000

Phase 2 Global Placement

Phase 2.1 Floorplanning
Phase 2.1 Floorplanning | Checksum: 1e4db051a

Time (s): cpu = 00:00:09 ; elapsed = 00:00:06 . Memory (MB): peak = 2026.641 ; gain = 0.000

Phase 2.2 Update Timing before SLR Path Opt
Phase 2.2 Update Timing before SLR Path Opt | Checksum: 28c3d922b

Time (s): cpu = 00:00:11 ; elapsed = 00:00:07 . Memory (MB): peak = 2026.641 ; gain = 0.000

Phase 2.3 Post-Processing in Floorplanning
Phase 2.3 Post-Processing in Floorplanning | Checksum: 28c3d922b

Time (s): cpu = 00:00:11 ; elapsed = 00:00:07 . Memory (MB): peak = 2026.641 ; gain = 0.000

Phase 2.4 Global Place Phase1
Phase 2.4 Global Place Phase1 | Checksum: 13f7334a1

Time (s): cpu = 00:00:24 ; elapsed = 00:00:17 . Memory (MB): peak = 2026.641 ; gain = 0.000

Phase 2.5 Global Place Phase2

Phase 2.5.1 UpdateTiming Before Physical Synthesis
Phase 2.5.1 UpdateTiming Before Physical Synthesis | Checksum: 13f7334a1

Time (s): cpu = 00:00:26 ; elapsed = 00:00:17 . Memory (MB): peak = 2026.641 ; gain = 0.000

Phase 2.5.2 Physical Synthesis In Placer
INFO: [Physopt 32-1035] Found 0 LUTNM shape to break, 500 LUT instances to create LUTNM shape
INFO: [Physopt 32-1044] Break lutnm for timing: one critical 0, two critical 0, total 0, new lutff created 0
INFO: [Physopt 32-1138] End 1 Pass. Optimized 208 nets or LUTs. Breaked 0 LUT, combined 208 existing LUTs and moved 0 existing LUT
INFO: [Physopt 32-65] No nets found for high-fanout optimization.
INFO: [Physopt 32-232] Optimized 0 net. Created 0 new instance.
INFO: [Physopt 32-775] End 1 Pass. Optimized 0 net or cell. Created 0 new cell, deleted 0 existing cell and moved 0 existing cell
INFO: [Physopt 32-670] No setup violation found.  DSP Register Optimization was not performed.
INFO: [Physopt 32-670] No setup violation found.  Shift Register to Pipeline Optimization was not performed.
INFO: [Physopt 32-670] No setup violation found.  Shift Register Optimization was not performed.
INFO: [Physopt 32-670] No setup violation found.  BRAM Register Optimization was not performed.
INFO: [Physopt 32-670] No setup violation found.  URAM Register Optimization was not performed.
INFO: [Physopt 32-949] No candidate nets found for dynamic/static region interface net replication
INFO: [Physopt 32-775] End 1 Pass. Optimized 0 net or cell. Created 0 new cell, deleted 0 existing cell and moved 0 existing cell
Netlist sorting complete. Time (s): cpu = 00:00:00 ; elapsed = 00:00:00.010 . Memory (MB): peak = 2026.641 ; gain = 0.000

Summary of Physical Synthesis Optimizations
============================================


-----------------------------------------------------------------------------------------------------------------------------------------------------------
|  Optimization                                     |  Added Cells  |  Removed Cells  |  Optimized Cells/Nets  |  Dont Touch  |  Iterations  |  Elapsed   |
-----------------------------------------------------------------------------------------------------------------------------------------------------------
|  LUT Combining                                    |            0  |            208  |                   208  |           0  |           1  |  00:00:00  |
|  Retime                                           |            0  |              0  |                     0  |           0  |           1  |  00:00:00  |
|  Very High Fanout                                 |            0  |              0  |                     0  |           0  |           1  |  00:00:00  |
|  DSP Register                                     |            0  |              0  |                     0  |           0  |           0  |  00:00:00  |
|  Shift Register to Pipeline                       |            0  |              0  |                     0  |           0  |           0  |  00:00:00  |
|  Shift Register                                   |            0  |              0  |                     0  |           0  |           0  |  00:00:00  |
|  BRAM Register                                    |            0  |              0  |                     0  |           0  |           0  |  00:00:00  |
|  URAM Register                                    |            0  |              0  |                     0  |           0  |           0  |  00:00:00  |
|  Dynamic/Static Region Interface Net Replication  |            0  |              0  |                     0  |           0  |           1  |  00:00:00  |
|  Total                                            |            0  |            208  |                   208  |           0  |           4  |  00:00:01  |
-----------------------------------------------------------------------------------------------------------------------------------------------------------


Phase 2.5.2 Physical Synthesis In Placer | Checksum: 14cc81db5

Time (s): cpu = 00:00:28 ; elapsed = 00:00:19 . Memory (MB): peak = 2026.641 ; gain = 0.000
Phase 2.5 Global Place Phase2 | Checksum: 1c10562b5

Time (s): cpu = 00:00:29 ; elapsed = 00:00:20 . Memory (MB): peak = 2026.641 ; gain = 0.000
Phase 2 Global Placement | Checksum: 1c10562b5

Time (s): cpu = 00:00:29 ; elapsed = 00:00:20 . Memory (MB): peak = 2026.641 ; gain = 0.000

Phase 3 Detail Placement

Phase 3.1 Commit Multi Column Macros
Phase 3.1 Commit Multi Column Macros | Checksum: 201092338

Time (s): cpu = 00:00:31 ; elapsed = 00:00:21 . Memory (MB): peak = 2026.641 ; gain = 0.000

Phase 3.2 Commit Most Macros & LUTRAMs
Phase 3.2 Commit Most Macros & LUTRAMs | Checksum: 13d8c1233

Time (s): cpu = 00:00:34 ; elapsed = 00:00:23 . Memory (MB): peak = 2026.641 ; gain = 0.000

Phase 3.3 Area Swap Optimization
Phase 3.3 Area Swap Optimization | Checksum: 13e3fcabd

Time (s): cpu = 00:00:34 ; elapsed = 00:00:24 . Memory (MB): peak = 2026.641 ; gain = 0.000

Phase 3.4 Pipeline Register Optimization
Phase 3.4 Pipeline Register Optimization | Checksum: 193c5f26b

Time (s): cpu = 00:00:34 ; elapsed = 00:00:24 . Memory (MB): peak = 2026.641 ; gain = 0.000

Phase 3.5 Small Shape Detail Placement
Phase 3.5 Small Shape Detail Placement | Checksum: 1a1b63076

Time (s): cpu = 00:00:41 ; elapsed = 00:00:31 . Memory (MB): peak = 2026.641 ; gain = 0.000

Phase 3.6 Re-assign LUT pins
Phase 3.6 Re-assign LUT pins | Checksum: 149a13f98

Time (s): cpu = 00:00:41 ; elapsed = 00:00:32 . Memory (MB): peak = 2026.641 ; gain = 0.000

Phase 3.7 Pipeline Register Optimization
Phase 3.7 Pipeline Register Optimization | Checksum: 166c0948d

Time (s): cpu = 00:00:41 ; elapsed = 00:00:32 . Memory (MB): peak = 2026.641 ; gain = 0.000
Phase 3 Detail Placement | Checksum: 166c0948d

Time (s): cpu = 00:00:42 ; elapsed = 00:00:32 . Memory (MB): peak = 2026.641 ; gain = 0.000

Phase 4 Post Placement Optimization and Clean-Up

Phase 4.1 Post Commit Optimization
INFO: [Timing 38-35] Done setting XDC timing constraints.

Phase 4.1.1 Post Placement Optimization
Post Placement Optimization Initialization | Checksum: 10eb78536

Phase 4.1.1.1 BUFG Insertion

Starting Physical Synthesis Task

Phase 1 Physical Synthesis Initialization
INFO: [Physopt 32-721] Multithreading enabled for phys_opt_design using a maximum of 2 CPUs
INFO: [Physopt 32-619] Estimated Timing Summary | WNS=3.112 | TNS=0.000 |
Phase 1 Physical Synthesis Initialization | Checksum: 156555d37

Time (s): cpu = 00:00:02 ; elapsed = 00:00:00.803 . Memory (MB): peak = 2026.641 ; gain = 0.000
INFO: [Place 46-56] BUFG insertion identified 0 candidate nets. Inserted BUFG: 0, Replicated BUFG Driver: 0, Skipped due to Placement/Routing Conflicts: 0, Skipped due to Timing Degradation: 0, Skipped due to netlist editing failed: 0.
Ending Physical Synthesis Task | Checksum: 1ba2a8ea5

Time (s): cpu = 00:00:02 ; elapsed = 00:00:00.938 . Memory (MB): peak = 2026.641 ; gain = 0.000
Phase 4.1.1.1 BUFG Insertion | Checksum: 10eb78536

Time (s): cpu = 00:00:49 ; elapsed = 00:00:37 . Memory (MB): peak = 2026.641 ; gain = 0.000

Phase 4.1.1.2 Post Placement Timing Optimization
INFO: [Place 30-746] Post Placement Timing Summary WNS=3.112. For the most accurate timing information please run report_timing.
Phase 4.1.1.2 Post Placement Timing Optimization | Checksum: 13b5dc1d6

Time (s): cpu = 00:00:49 ; elapsed = 00:00:37 . Memory (MB): peak = 2026.641 ; gain = 0.000

Time (s): cpu = 00:00:49 ; elapsed = 00:00:37 . Memory (MB): peak = 2026.641 ; gain = 0.000
Phase 4.1 Post Commit Optimization | Checksum: 13b5dc1d6

Time (s): cpu = 00:00:49 ; elapsed = 00:00:38 . Memory (MB): peak = 2026.641 ; gain = 0.000

Phase 4.2 Post Placement Cleanup
Phase 4.2 Post Placement Cleanup | Checksum: 13b5dc1d6

Time (s): cpu = 00:00:50 ; elapsed = 00:00:38 . Memory (MB): peak = 2026.641 ; gain = 0.000

Phase 4.3 Placer Reporting

Phase 4.3.1 Print Estimated Congestion
INFO: [Place 30-612] Post-Placement Estimated Congestion 
 ____________________________________________________
|           | Global Congestion | Short Congestion  |
| Direction | Region Size       | Region Size       |
|___________|___________________|___________________|
|      North|                1x1|                1x1|
|___________|___________________|___________________|
|      South|                1x1|                1x1|
|___________|___________________|___________________|
|       East|                1x1|                1x1|
|___________|___________________|___________________|
|       West|                1x1|                1x1|
|___________|___________________|___________________|

Phase 4.3.1 Print Estimated Congestion | Checksum: 13b5dc1d6

Time (s): cpu = 00:00:50 ; elapsed = 00:00:38 . Memory (MB): peak = 2026.641 ; gain = 0.000
Phase 4.3 Placer Reporting | Checksum: 13b5dc1d6

Time (s): cpu = 00:00:50 ; elapsed = 00:00:38 . Memory (MB): peak = 2026.641 ; gain = 0.000

Phase 4.4 Final Placement Cleanup
Netlist sorting complete. Time (s): cpu = 00:00:00 ; elapsed = 00:00:00.012 . Memory (MB): peak = 2026.641 ; gain = 0.000

Time (s): cpu = 00:00:50 ; elapsed = 00:00:38 . Memory (MB): peak = 2026.641 ; gain = 0.000
Phase 4 Post Placement Optimization and Clean-Up | Checksum: 1c10b4ff7

Time (s): cpu = 00:00:50 ; elapsed = 00:00:38 . Memory (MB): peak = 2026.641 ; gain = 0.000
Ending Placer Task | Checksum: 17b7ef7bb

Time (s): cpu = 00:00:50 ; elapsed = 00:00:38 . Memory (MB): peak = 2026.641 ; gain = 0.000
183 Infos, 22 Warnings, 100 Critical Warnings and 0 Errors encountered.
place_design completed successfully
place_design: Time (s): cpu = 00:00:55 ; elapsed = 00:00:41 . Memory (MB): peak = 2026.641 ; gain = 0.000
INFO: [Vivado 12-24838] Running report commands "report_control_sets, report_io, report_utilization" in parallel.
Running report generation with 2 threads.
INFO: [Vivado 12-24828] Executing command : report_io -file design_1_wrapper_io_placed.rpt
report_io: Time (s): cpu = 00:00:01 ; elapsed = 00:00:00.110 . Memory (MB): peak = 2026.641 ; gain = 0.000
INFO: [Vivado 12-24828] Executing command : report_utilization -file design_1_wrapper_utilization_placed.rpt -pb design_1_wrapper_utilization_placed.pb
INFO: [Vivado 12-24828] Executing command : report_control_sets -verbose -file design_1_wrapper_control_sets_placed.rpt
report_control_sets: Time (s): cpu = 00:00:00 ; elapsed = 00:00:00.090 . Memory (MB): peak = 2026.641 ; gain = 0.000
INFO: [Timing 38-480] Writing timing data to binary archive.
Write ShapeDB Complete: Time (s): cpu = 00:00:00 ; elapsed = 00:00:00.092 . Memory (MB): peak = 2026.641 ; gain = 0.000
Wrote PlaceDB: Time (s): cpu = 00:00:05 ; elapsed = 00:00:02 . Memory (MB): peak = 2026.641 ; gain = 0.000
Wrote PulsedLatchDB: Time (s): cpu = 00:00:00 ; elapsed = 00:00:00 . Memory (MB): peak = 2026.641 ; gain = 0.000
Writing XDEF routing.
Writing XDEF routing logical nets.
Writing XDEF routing special nets.
Wrote RouteStorage: Time (s): cpu = 00:00:00 ; elapsed = 00:00:00.087 . Memory (MB): peak = 2026.641 ; gain = 0.000
Wrote Netlist Cache: Time (s): cpu = 00:00:00 ; elapsed = 00:00:00.033 . Memory (MB): peak = 2026.641 ; gain = 0.000
Wrote Device Cache: Time (s): cpu = 00:00:00 ; elapsed = 00:00:00.021 . Memory (MB): peak = 2026.641 ; gain = 0.000
Write Physdb Complete: Time (s): cpu = 00:00:05 ; elapsed = 00:00:02 . Memory (MB): peak = 2026.641 ; gain = 0.000
INFO: [Common 17-1381] The checkpoint 'D:/coding/computer_organization/exp2nd/micro/project_1/project_1.runs/impl_1/design_1_wrapper_placed.dcp' has been generated.
Command: phys_opt_design
Attempting to get a license for feature 'Implementation' and/or device 'xc7z020'
INFO: [Common 17-349] Got license for feature 'Implementation' and/or device 'xc7z020'

Starting Initial Update Timing Task

Time (s): cpu = 00:00:04 ; elapsed = 00:00:03 . Memory (MB): peak = 2026.641 ; gain = 0.000
INFO: [Vivado_Tcl 4-2279] Estimated Timing Summary | WNS= 3.112 | TNS= 0.000 | 
INFO: [Vivado_Tcl 4-383] Design worst setup slack (WNS) is greater than or equal to 0.000 ns. All physical synthesis setup optimizations will be skipped.
INFO: [Vivado_Tcl 4-232] No setup violation found. The netlist was not modified.
INFO: [Common 17-83] Releasing license: Implementation
194 Infos, 22 Warnings, 100 Critical Warnings and 0 Errors encountered.
phys_opt_design completed successfully
INFO: [Timing 38-480] Writing timing data to binary archive.
Write ShapeDB Complete: Time (s): cpu = 00:00:00 ; elapsed = 00:00:00.093 . Memory (MB): peak = 2026.641 ; gain = 0.000
Wrote PlaceDB: Time (s): cpu = 00:00:05 ; elapsed = 00:00:02 . Memory (MB): peak = 2026.641 ; gain = 0.000
Wrote PulsedLatchDB: Time (s): cpu = 00:00:00 ; elapsed = 00:00:00 . Memory (MB): peak = 2026.641 ; gain = 0.000
Writing XDEF routing.
Writing XDEF routing logical nets.
Writing XDEF routing special nets.
Wrote RouteStorage: Time (s): cpu = 00:00:00 ; elapsed = 00:00:00.083 . Memory (MB): peak = 2026.641 ; gain = 0.000
Wrote Netlist Cache: Time (s): cpu = 00:00:00 ; elapsed = 00:00:00.041 . Memory (MB): peak = 2026.641 ; gain = 0.000
Wrote Device Cache: Time (s): cpu = 00:00:00 ; elapsed = 00:00:00.031 . Memory (MB): peak = 2026.641 ; gain = 0.000
Write Physdb Complete: Time (s): cpu = 00:00:05 ; elapsed = 00:00:02 . Memory (MB): peak = 2026.641 ; gain = 0.000
INFO: [Common 17-1381] The checkpoint 'D:/coding/computer_organization/exp2nd/micro/project_1/project_1.runs/impl_1/design_1_wrapper_physopt.dcp' has been generated.
Command: route_design
Attempting to get a license for feature 'Implementation' and/or device 'xc7z020'
INFO: [Common 17-349] Got license for feature 'Implementation' and/or device 'xc7z020'


Starting Routing Task
INFO: [Route 35-254] Multithreading enabled for route_design using a maximum of 2 CPUs

Phase 1 Build RT Design
Checksum: PlaceDB: 66c1da1a ConstDB: 0 ShapeSum: fec3aab1 RouteDB: 15f972f0
Post Restoration Checksum: NetGraph: 3414d125 | NumContArr: 899d6d8d | Constraints: c2a8fa9d | Timing: c2a8fa9d
Phase 1 Build RT Design | Checksum: 2430433ec

Time (s): cpu = 00:00:58 ; elapsed = 00:00:51 . Memory (MB): peak = 2062.461 ; gain = 35.820

Phase 2 Router Initialization

Phase 2.1 Fix Topology Constraints
Phase 2.1 Fix Topology Constraints | Checksum: 2430433ec

Time (s): cpu = 00:00:58 ; elapsed = 00:00:52 . Memory (MB): peak = 2062.574 ; gain = 35.934

Phase 2.2 Pre Route Cleanup
Phase 2.2 Pre Route Cleanup | Checksum: 2430433ec

Time (s): cpu = 00:00:58 ; elapsed = 00:00:52 . Memory (MB): peak = 2062.574 ; gain = 35.934

Phase 2.3 Update Timing
Phase 2.3 Update Timing | Checksum: 14d8fbd5f

Time (s): cpu = 00:01:07 ; elapsed = 00:00:57 . Memory (MB): peak = 2105.363 ; gain = 78.723
INFO: [Route 35-416] Intermediate Timing Summary | WNS=3.136  | TNS=0.000  | WHS=-0.324 | THS=-192.231|


Phase 2.4 Update Timing for Bus Skew

Phase 2.4.1 Update Timing
Phase 2.4.1 Update Timing | Checksum: 13f662018

Time (s): cpu = 00:01:12 ; elapsed = 00:01:01 . Memory (MB): peak = 2105.363 ; gain = 78.723
INFO: [Route 35-416] Intermediate Timing Summary | WNS=3.136  | TNS=0.000  | WHS=-0.078 | THS=-1.557 |

Phase 2.4 Update Timing for Bus Skew | Checksum: 13f662018

Time (s): cpu = 00:01:12 ; elapsed = 00:01:01 . Memory (MB): peak = 2105.363 ; gain = 78.723

Router Utilization Summary
  Global Vertical Routing Utilization    = 0.0027959 %
  Global Horizontal Routing Utilization  = 0.00185936 %
  Routable Net Status*
  *Does not include unroutable nets such as driverless and loadless.
  Run report_route_status for detailed report.
  Number of Failed Nets               = 9915
    (Failed Nets is the sum of unrouted and partially routed nets)
  Number of Unrouted Nets             = 9914
  Number of Partially Routed Nets     = 1
  Number of Node Overlaps             = 1

Phase 2 Router Initialization | Checksum: 1b246550e

Time (s): cpu = 00:01:13 ; elapsed = 00:01:01 . Memory (MB): peak = 2107.020 ; gain = 80.379

Phase 3 Global Routing
Phase 3 Global Routing | Checksum: 1b246550e

Time (s): cpu = 00:01:13 ; elapsed = 00:01:02 . Memory (MB): peak = 2107.020 ; gain = 80.379

Phase 4 Initial Routing

Phase 4.1 Initial Net Routing Pass
Phase 4.1 Initial Net Routing Pass | Checksum: 210535843

Time (s): cpu = 00:01:17 ; elapsed = 00:01:03 . Memory (MB): peak = 2107.020 ; gain = 80.379
Phase 4 Initial Routing | Checksum: 210535843

Time (s): cpu = 00:01:17 ; elapsed = 00:01:04 . Memory (MB): peak = 2107.020 ; gain = 80.379

Phase 5 Rip-up And Reroute

Phase 5.1 Global Iteration 0
 Number of Nodes with overlaps = 573
 Number of Nodes with overlaps = 16
 Number of Nodes with overlaps = 1
 Number of Nodes with overlaps = 0
INFO: [Route 35-416] Intermediate Timing Summary | WNS=2.719  | TNS=0.000  | WHS=N/A    | THS=N/A    |

Phase 5.1 Global Iteration 0 | Checksum: 2aea91c63

Time (s): cpu = 00:01:25 ; elapsed = 00:01:09 . Memory (MB): peak = 2107.020 ; gain = 80.379

Phase 5.2 Global Iteration 1
 Number of Nodes with overlaps = 3
 Number of Nodes with overlaps = 2
 Number of Nodes with overlaps = 0
INFO: [Route 35-416] Intermediate Timing Summary | WNS=2.719  | TNS=0.000  | WHS=N/A    | THS=N/A    |

Phase 5.2 Global Iteration 1 | Checksum: 1f523b9d9

Time (s): cpu = 00:01:26 ; elapsed = 00:01:10 . Memory (MB): peak = 2107.020 ; gain = 80.379
Phase 5 Rip-up And Reroute | Checksum: 1f523b9d9

Time (s): cpu = 00:01:26 ; elapsed = 00:01:10 . Memory (MB): peak = 2107.020 ; gain = 80.379

Phase 6 Delay and Skew Optimization

Phase 6.1 Delay CleanUp

Phase 6.1.1 Update Timing
Phase 6.1.1 Update Timing | Checksum: 2a2dc838c

Time (s): cpu = 00:01:27 ; elapsed = 00:01:11 . Memory (MB): peak = 2107.020 ; gain = 80.379
INFO: [Route 35-416] Intermediate Timing Summary | WNS=2.868  | TNS=0.000  | WHS=N/A    | THS=N/A    |

Phase 6.1 Delay CleanUp | Checksum: 2670bc485

Time (s): cpu = 00:01:27 ; elapsed = 00:01:11 . Memory (MB): peak = 2107.020 ; gain = 80.379

Phase 6.2 Clock Skew Optimization
Phase 6.2 Clock Skew Optimization | Checksum: 2670bc485

Time (s): cpu = 00:01:28 ; elapsed = 00:01:11 . Memory (MB): peak = 2107.020 ; gain = 80.379
Phase 6 Delay and Skew Optimization | Checksum: 2670bc485

Time (s): cpu = 00:01:28 ; elapsed = 00:01:11 . Memory (MB): peak = 2107.020 ; gain = 80.379

Phase 7 Post Hold Fix

Phase 7.1 Hold Fix Iter
INFO: [Route 35-416] Intermediate Timing Summary | WNS=2.868  | TNS=0.000  | WHS=0.007  | THS=0.000  |

Phase 7.1 Hold Fix Iter | Checksum: 22a76f528

Time (s): cpu = 00:01:29 ; elapsed = 00:01:12 . Memory (MB): peak = 2107.020 ; gain = 80.379
Phase 7 Post Hold Fix | Checksum: 22a76f528

Time (s): cpu = 00:01:29 ; elapsed = 00:01:12 . Memory (MB): peak = 2107.020 ; gain = 80.379

Phase 8 Route finalize

Router Utilization Summary
  Global Vertical Routing Utilization    = 1.41483 %
  Global Horizontal Routing Utilization  = 1.79184 %
  Routable Net Status*
  *Does not include unroutable nets such as driverless and loadless.
  Run report_route_status for detailed report.
  Number of Failed Nets               = 0
    (Failed Nets is the sum of unrouted and partially routed nets)
  Number of Unrouted Nets             = 0
  Number of Partially Routed Nets     = 0
  Number of Node Overlaps             = 0

Phase 8 Route finalize | Checksum: 22a76f528

Time (s): cpu = 00:01:30 ; elapsed = 00:01:12 . Memory (MB): peak = 2107.020 ; gain = 80.379

Phase 9 Verifying routed nets

 Verification completed successfully
Phase 9 Verifying routed nets | Checksum: 22a76f528

Time (s): cpu = 00:01:30 ; elapsed = 00:01:12 . Memory (MB): peak = 2107.020 ; gain = 80.379

Phase 10 Depositing Routes
Phase 10 Depositing Routes | Checksum: 2e1c5ac44

Time (s): cpu = 00:01:31 ; elapsed = 00:01:13 . Memory (MB): peak = 2107.020 ; gain = 80.379

Phase 11 Post Process Routing
Phase 11 Post Process Routing | Checksum: 2e1c5ac44

Time (s): cpu = 00:01:31 ; elapsed = 00:01:13 . Memory (MB): peak = 2107.020 ; gain = 80.379

Phase 12 Post Router Timing
INFO: [Route 35-57] Estimated Timing Summary | WNS=2.868  | TNS=0.000  | WHS=0.007  | THS=0.000  |

INFO: [Route 35-327] The final timing numbers are based on the router estimated timing analysis. For a complete and accurate timing signoff, please run report_timing_summary.
Phase 12 Post Router Timing | Checksum: 2e1c5ac44

Time (s): cpu = 00:01:31 ; elapsed = 00:01:13 . Memory (MB): peak = 2107.020 ; gain = 80.379
Total Elapsed time in route_design: 73.428 secs

Phase 13 Post-Route Event Processing
Phase 13 Post-Route Event Processing | Checksum: 29482fbfe

Time (s): cpu = 00:01:32 ; elapsed = 00:01:14 . Memory (MB): peak = 2107.020 ; gain = 80.379
INFO: [Route 35-16] Router Completed Successfully
Ending Routing Task | Checksum: 29482fbfe

Time (s): cpu = 00:01:32 ; elapsed = 00:01:14 . Memory (MB): peak = 2107.020 ; gain = 80.379

Routing Is Done.
INFO: [Common 17-83] Releasing license: Implementation
208 Infos, 22 Warnings, 100 Critical Warnings and 0 Errors encountered.
route_design completed successfully
route_design: Time (s): cpu = 00:01:32 ; elapsed = 00:01:14 . Memory (MB): peak = 2107.020 ; gain = 80.379
INFO: [Vivado 12-24828] Executing command : report_drc -file design_1_wrapper_drc_routed.rpt -pb design_1_wrapper_drc_routed.pb -rpx design_1_wrapper_drc_routed.rpx
Command: report_drc -file design_1_wrapper_drc_routed.rpt -pb design_1_wrapper_drc_routed.pb -rpx design_1_wrapper_drc_routed.rpx
INFO: [IP_Flow 19-1839] IP Catalog is up to date.
INFO: [DRC 23-27] Running DRC with 2 threads
INFO: [Vivado_Tcl 2-168] The results of DRC are in file D:/coding/computer_organization/exp2nd/micro/project_1/project_1.runs/impl_1/design_1_wrapper_drc_routed.rpt.
report_drc completed successfully
report_drc: Time (s): cpu = 00:00:18 ; elapsed = 00:00:10 . Memory (MB): peak = 2135.398 ; gain = 28.379
INFO: [Vivado 12-24828] Executing command : report_methodology -file design_1_wrapper_methodology_drc_routed.rpt -pb design_1_wrapper_methodology_drc_routed.pb -rpx design_1_wrapper_methodology_drc_routed.rpx
Command: report_methodology -file design_1_wrapper_methodology_drc_routed.rpt -pb design_1_wrapper_methodology_drc_routed.pb -rpx design_1_wrapper_methodology_drc_routed.rpx
INFO: [Timing 38-35] Done setting XDC timing constraints.
INFO: [DRC 23-133] Running Methodology with 2 threads
INFO: [Vivado_Tcl 2-1520] The results of Report Methodology are in file D:/coding/computer_organization/exp2nd/micro/project_1/project_1.runs/impl_1/design_1_wrapper_methodology_drc_routed.rpt.
report_methodology completed successfully
report_methodology: Time (s): cpu = 00:00:24 ; elapsed = 00:00:13 . Memory (MB): peak = 2193.672 ; gain = 58.273
INFO: [Vivado 12-24828] Executing command : report_timing_summary -max_paths 10 -report_unconstrained -file design_1_wrapper_timing_summary_routed.rpt -pb design_1_wrapper_timing_summary_routed.pb -rpx design_1_wrapper_timing_summary_routed.rpx -warn_on_violation 
INFO: [Timing 38-35] Done setting XDC timing constraints.
INFO: [Timing 38-91] UpdateTimingParams: Speed grade: -1, Delay Type: min_max.
INFO: [Timing 38-191] Multithreading enabled for timing update using a maximum of 2 CPUs
WARNING: [Timing 38-436] There are set_bus_skew constraint(s) in this design. Please run report_bus_skew to ensure that bus skew requirements are met.
INFO: [Vivado 12-24838] Running report commands "report_incremental_reuse, report_route_status" in parallel.
Running report generation with 2 threads.
INFO: [Vivado 12-24828] Executing command : report_incremental_reuse -file design_1_wrapper_incremental_reuse_routed.rpt
INFO: [Vivado_Tcl 4-1062] Incremental flow is disabled. No incremental reuse Info to report.
INFO: [Vivado 12-24828] Executing command : report_route_status -file design_1_wrapper_route_status.rpt -pb design_1_wrapper_route_status.pb
INFO: [Vivado 12-24828] Executing command : report_power -file design_1_wrapper_power_routed.rpt -pb design_1_wrapper_power_summary_routed.pb -rpx design_1_wrapper_power_routed.rpx
Command: report_power -file design_1_wrapper_power_routed.rpt -pb design_1_wrapper_power_summary_routed.pb -rpx design_1_wrapper_power_routed.rpx
Running Vector-less Activity Propagation...

Finished Running Vector-less Activity Propagation
WARNING: [Power 33-332] Found switching activity that implies high-fanout reset nets being asserted for excessive periods of time which may result in inaccurate power analysis.
Resolution: To review and fix problems, please run Power Constraints Advisor in the GUI from Tools > Power Constraints Advisor or run report_power with the -advisory option to generate a text report.
225 Infos, 24 Warnings, 100 Critical Warnings and 0 Errors encountered.
report_power completed successfully
INFO: [Vivado 12-24828] Executing command : report_clock_utilization -file design_1_wrapper_clock_utilization_routed.rpt
INFO: [Vivado 12-24828] Executing command : report_bus_skew -warn_on_violation -file design_1_wrapper_bus_skew_routed.rpt -pb design_1_wrapper_bus_skew_routed.pb -rpx design_1_wrapper_bus_skew_routed.rpx
INFO: [Timing 38-91] UpdateTimingParams: Speed grade: -1, Delay Type: min_max.
INFO: [Timing 38-191] Multithreading enabled for timing update using a maximum of 2 CPUs
generate_parallel_reports: Time (s): cpu = 00:00:54 ; elapsed = 00:00:31 . Memory (MB): peak = 2200.805 ; gain = 93.785
INFO: [Timing 38-480] Writing timing data to binary archive.
Write ShapeDB Complete: Time (s): cpu = 00:00:00 ; elapsed = 00:00:00.096 . Memory (MB): peak = 2232.426 ; gain = 13.801
Wrote PlaceDB: Time (s): cpu = 00:00:05 ; elapsed = 00:00:02 . Memory (MB): peak = 2238.184 ; gain = 19.559
Wrote PulsedLatchDB: Time (s): cpu = 00:00:00 ; elapsed = 00:00:00 . Memory (MB): peak = 2238.184 ; gain = 0.000
Writing XDEF routing.
Writing XDEF routing logical nets.
Writing XDEF routing special nets.
Wrote RouteStorage: Time (s): cpu = 00:00:00 ; elapsed = 00:00:00.283 . Memory (MB): peak = 2238.184 ; gain = 0.000
Wrote Netlist Cache: Time (s): cpu = 00:00:00 ; elapsed = 00:00:00.037 . Memory (MB): peak = 2238.184 ; gain = 0.000
Wrote Device Cache: Time (s): cpu = 00:00:00 ; elapsed = 00:00:00.022 . Memory (MB): peak = 2238.184 ; gain = 0.000
Write Physdb Complete: Time (s): cpu = 00:00:05 ; elapsed = 00:00:02 . Memory (MB): peak = 2238.184 ; gain = 19.559
INFO: [Common 17-1381] The checkpoint 'D:/coding/computer_organization/exp2nd/micro/project_1/project_1.runs/impl_1/design_1_wrapper_routed.dcp' has been generated.
INFO: [Memdata 28-208] The XPM instance: <design_1_i/cg_fpga_0/inst/v_vid_in_axi4s_0/inst/COUPLER_INST/generate_async_fifo.FIFO_INST/XPM_FIFO_ASYNC_INST/gnuram_async_fifo.xpm_fifo_base_inst/gen_sdpram.xpm_memory_base_inst> is part of IP: <design_1_i/cg_fpga_0/inst/v_vid_in_axi4s_0>. This XPM instance will be excluded from the .mmi because updatemem is prohibited from making changes to an XPM that is part of an IP.
INFO: [Memdata 28-167] Found XPM memory block design_1_i/cg_fpga_0/inst/cg_axi_vdma_0/U0/I_PRMRY_DATAMOVER/GEN_S2MM_FULL.I_S2MM_FULL_WRAPPER/GEN_ENABLE_INDET_BTT_SF.I_INDET_BTT/I_XD_FIFO/NON_BLK_MEM.I_SYNC_FIFOGEN_FIFO/xpm_fifo_instance.xpm_fifo_sync_inst/xpm_fifo_base_inst/gen_sdpram.xpm_memory_base_inst with a P_MEMORY_PRIMITIVE property set to auto. A value of block is required. You will not be able to use the updatemem program to update the bitstream with new data for the design_1_i/cg_fpga_0/inst/cg_axi_vdma_0/U0/I_PRMRY_DATAMOVER/GEN_S2MM_FULL.I_S2MM_FULL_WRAPPER/GEN_ENABLE_INDET_BTT_SF.I_INDET_BTT/I_XD_FIFO/NON_BLK_MEM.I_SYNC_FIFOGEN_FIFO/xpm_fifo_instance.xpm_fifo_sync_inst/xpm_fifo_base_inst/gen_sdpram.xpm_memory_base_inst block.
INFO: [Memdata 28-208] The XPM instance: <design_1_i/cg_fpga_0/inst/cg_axi_vdma_0/U0/I_PRMRY_DATAMOVER/GEN_S2MM_FULL.I_S2MM_FULL_WRAPPER/GEN_ENABLE_INDET_BTT_SF.I_INDET_BTT/I_DATA_FIFO/BLK_MEM.I_SYNC_FIFOGEN_FIFO/xpm_fifo_instance.xpm_fifo_sync_inst/xpm_fifo_base_inst/gen_sdpram.xpm_memory_base_inst> is part of IP: <design_1_i/cg_fpga_0/inst/cg_axi_vdma_0>. This XPM instance will be excluded from the .mmi because updatemem is prohibited from making changes to an XPM that is part of an IP.
INFO: [Memdata 28-208] The XPM instance: <design_1_i/cg_fpga_0/inst/cg_axi_vdma_0/U0/I_PRMRY_DATAMOVER/GEN_MM2S_FULL.I_MM2S_FULL_WRAPPER/GEN_INCLUDE_MM2S_SF.I_RD_SF/I_DATA_FIFO/BLK_MEM.I_SYNC_FIFOGEN_FIFO/xpm_fifo_instance.xpm_fifo_sync_inst/xpm_fifo_base_inst/gen_sdpram.xpm_memory_base_inst> is part of IP: <design_1_i/cg_fpga_0/inst/cg_axi_vdma_0>. This XPM instance will be excluded from the .mmi because updatemem is prohibited from making changes to an XPM that is part of an IP.
INFO: [Memdata 28-208] The XPM instance: <design_1_i/cg_fpga_0/inst/cg_axi_vdma_0/U0/GEN_SPRT_FOR_S2MM.S2MM_LINEBUFFER_I/GEN_S2MM_FLUSH_SOF_LOGIC.GEN_LINEBUFFER_FLUSH_SOF.GEN_SYNC_FIFO_FLUSH_SOF.I_LINEBUFFER_FIFO/xpm_fifo_sync_inst/xpm_fifo_base_inst/gen_sdpram.xpm_memory_base_inst> is part of IP: <design_1_i/cg_fpga_0/inst/cg_axi_vdma_0>. This XPM instance will be excluded from the .mmi because updatemem is prohibited from making changes to an XPM that is part of an IP.
INFO: [Memdata 28-208] The XPM instance: <design_1_i/cg_fpga_0/inst/cg_axi_vdma_0/U0/GEN_SPRT_FOR_MM2S.MM2S_LINEBUFFER_I/GEN_LINEBUF_NO_SOF.GEN_LINEBUFFER.GEN_SYNC_FIFO.I_LINEBUFFER_FIFO/xpm_fifo_sync_inst/xpm_fifo_base_inst/gen_sdpram.xpm_memory_base_inst> is part of IP: <design_1_i/cg_fpga_0/inst/cg_axi_vdma_0>. This XPM instance will be excluded from the .mmi because updatemem is prohibited from making changes to an XPM that is part of an IP.
Command: write_bitstream -force design_1_wrapper.bit
Attempting to get a license for feature 'Implementation' and/or device 'xc7z020'
INFO: [Common 17-349] Got license for feature 'Implementation' and/or device 'xc7z020'
Running DRC as a precondition to command write_bitstream
INFO: [IP_Flow 19-1839] IP Catalog is up to date.
INFO: [DRC 23-27] Running DRC with 2 threads
INFO: [Vivado 12-3199] DRC finished with 0 Errors
INFO: [Vivado 12-3200] Please refer to the DRC report (report_drc) for more information.
INFO: [Designutils 20-2272] Running write_bitstream with 2 threads.
Loading data files...
Loading site data...
Loading route data...
Processing options...
Creating bitmap...
Creating bitstream...
Writing bitstream ./design_1_wrapper.bit...
INFO: [Vivado 12-1842] Bitgen Completed Successfully.
INFO: [Project 1-1876] WebTalk data collection is mandatory when using a ULT device. To see the specific WebTalk data collected for your design, open the usage_statistics_webtalk.html or usage_statistics_webtalk.xml file in the implementation directory.
INFO: [Common 17-83] Releasing license: Implementation
246 Infos, 24 Warnings, 100 Critical Warnings and 0 Errors encountered.
write_bitstream completed successfully
write_bitstream: Time (s): cpu = 00:00:49 ; elapsed = 00:00:33 . Memory (MB): peak = 2751.293 ; gain = 513.109
INFO: [Common 17-206] Exiting Vivado at Wed Nov 26 18:52:17 2025...
